unit_id,item_id,games,top4_rate,avg_placement
TFT17_Aatrox,TFT_Item_EmptyBag,24,0.9583333333333334,1.4583333333333333
TFT17_Aatrox,TFT_Item_Spatula,8,0.875,3.25
TFT17_Aatrox,TFT17_AnimaSquadItem_Tier0_LeakyPrototype,7,0.8571428571428571,3.0
TFT17_Aatrox,TFT_Item_ForceOfNature,57,0.8421052631578947,2.6315789473684212
TFT17_Aatrox,TFT_Item_Artifact_AegisOfDusk,6,0.8333333333333334,4.166666666666667
TFT17_Aatrox,TFT5_Item_SteraksGageRadiant,5,0.8,3.8
TFT17_Aatrox,TFT17_Item_Artifact_EvelynnArtifact,11,0.7272727272727273,4.090909090909091
TFT17_Aatrox,TFT7_Item_ShimmerscaleMogulsMail,15,0.6666666666666666,4.866666666666666
TFT17_Aatrox,TFT_Item_Artifact_HellfireHatchet,6,0.6666666666666666,4.5
TFT17_Aatrox,TFT_Item_TacticiansScepter,15,0.6666666666666666,3.466666666666667
TFT17_Aatrox,TFT17_AnimaSquadItem_Tier0_ClunkyPrototype,20,0.65,4.0
TFT17_Aatrox,TFT4_Item_OrnnDeathsDefiance,8,0.625,3.75
TFT17_Aatrox,TFT17_Item_StargazerEmblemItem,2221,0.619990995047276,3.8644754615038273
TFT17_Aatrox,TFT_Item_NightHarvester,281,0.6014234875444839,4.032028469750889
TFT17_Aatrox,TFT5_Item_GargoyleStoneplateRadiant,10,0.6,4.5
TFT17_Aatrox,TFT_Item_JeweledGauntlet,35,0.5714285714285714,4.3428571428571425
TFT17_Aatrox,TFT_Item_PowerGauntlet,84,0.5714285714285714,4.261904761904762
TFT17_Aatrox,TFT_Item_GuardianAngel,83,0.5662650602409639,4.325301204819277
TFT17_Aatrox,TFT_Item_TearOfTheGoddess,75,0.56,4.32
TFT17_Aatrox,TFT_Item_SparringGloves,49,0.5510204081632653,4.224489795918367
TFT17_Aatrox,TFT_Item_ChainVest,209,0.5502392344497608,4.258373205741627
TFT17_Aatrox,TFT_Item_BrambleVest,325,0.5476923076923077,4.387692307692308
TFT17_Aatrox,TFTEvent5YR_Item_LavenderCrown,11,0.5454545454545454,4.454545454545454
TFT17_Aatrox,TFT_Item_AdaptiveHelm,290,0.5448275862068965,4.255172413793104
TFT17_Aatrox,TFT17_Item_PulsefireEmblemItem,70,0.5428571428571428,4.4
TFT17_Aatrox,TFT_Item_Morellonomicon,48,0.5416666666666666,4.291666666666667
TFT17_Aatrox,TFT_Item_RedBuff,539,0.5306122448979592,4.421150278293135
TFT17_Aatrox,TFT_Item_RecurveBow,66,0.5303030303030303,4.318181818181818
TFT17_Aatrox,TFT_Item_StatikkShiv,59,0.5254237288135594,4.47457627118644
TFT17_Aatrox,TFT_Item_HextechGunblade,46,0.5217391304347826,4.434782608695652
TFT17_Aatrox,TFT_Item_MadredsBloodrazor,60,0.5166666666666667,4.366666666666666
TFT17_Aatrox,TFT_Item_NegatronCloak,215,0.5162790697674419,4.446511627906977
TFT17_Aatrox,TFT_Item_RunaansHurricane,62,0.5161290322580645,4.645161290322581
TFT17_Aatrox,TFT_Item_WarmogsArmor,518,0.5115830115830116,4.474903474903475
TFT17_Aatrox,TFT_Item_RapidFireCannon,88,0.5113636363636364,4.204545454545454
TFT17_Aatrox,TFT17_Item_FavoredEmblemItem,45,0.5111111111111111,4.333333333333333
TFT17_Aatrox,TFT_Item_GiantsBelt,227,0.5110132158590308,4.502202643171806
TFT17_Aatrox,TFT_Item_Crownguard,226,0.5088495575221239,4.45575221238938
TFT17_Aatrox,TFT_Item_BFSword,61,0.5081967213114754,4.442622950819672
TFT17_Aatrox,TFT_Item_GuinsoosRageblade,73,0.5068493150684932,4.575342465753424
TFT17_Aatrox,TFT_Item_Deathblade,79,0.5063291139240507,4.632911392405063
TFT17_Aatrox,TFT_Item_Redemption,435,0.5057471264367817,4.482758620689655
TFT17_Aatrox,TFT_Item_IonicSpark,107,0.5046728971962616,4.626168224299065
TFT17_Aatrox,TFT17_Item_Artifact_SorakaArtifact,12,0.5,5.0
TFT17_Aatrox,TFTEvent5YR_Item_SevikasJinxedArm,6,0.5,5.333333333333333
TFT17_Aatrox,TFT_Item_NeedlesslyLargeRod,68,0.5,4.235294117647059
TFT17_Aatrox,TFT_Item_ThiefsGloves,882,0.4965986394557823,4.522675736961451
TFT17_Aatrox,TFT_Item_DragonsClaw,242,0.49173553719008267,4.483471074380165
TFT17_Aatrox,TFT_Item_SpectralGauntlet,177,0.4858757062146893,4.72316384180791
TFT17_Aatrox,TFT_Item_Bloodthirster,478,0.48326359832635984,4.646443514644352
TFT17_Aatrox,TFT17_Item_PrimordianEmblemItem,79,0.4810126582278481,4.9113924050632916
TFT17_Aatrox,TFT_Item_LastWhisper,71,0.4788732394366197,4.676056338028169
TFT17_Aatrox,TFT17_Item_Artifact_ThreshLantern,23,0.4782608695652174,4.739130434782608
TFT17_Aatrox,TFT17_EkkoOffering_AnomalyItem,44,0.4772727272727273,4.545454545454546
TFT17_Aatrox,TFT_Item_Leviathan,44,0.4772727272727273,4.340909090909091
TFT17_Aatrox,TFT_Item_SpearOfShojin,40,0.475,4.6
TFT17_Aatrox,TFT_Item_SteraksGage,520,0.475,4.648076923076923
TFT17_Aatrox,TFT_Item_FrozenHeart,401,0.4713216957605985,4.7356608478802995
TFT17_Aatrox,TFT17_Item_AstronautEmblemItem,68,0.47058823529411764,4.514705882352941
TFT17_Aatrox,TFT_Item_UnstableConcoction,115,0.46956521739130436,4.7043478260869565
TFT17_Aatrox,TFT_Item_InfinityEdge,43,0.46511627906976744,4.8604651162790695
TFT17_Aatrox,TFT17_Item_PsyOpsEmblemItem,28,0.4642857142857143,4.428571428571429
TFT17_Aatrox,TFT17_Item_ASTraitEmblemItem,39,0.46153846153846156,4.589743589743589
TFT17_Aatrox,TFT_Item_TitansResolve,627,0.45933014354066987,4.767145135566188
TFT17_Aatrox,TFT_Item_GargoyleStoneplate,802,0.45885286783042395,4.729426433915212
TFT17_Aatrox,TFT_Item_RabadonsDeathcap,48,0.4583333333333333,4.75
TFT17_Aatrox,TFT17_Item_AssassinTraitEmblemItem,18,0.4444444444444444,4.944444444444445
TFT17_Aatrox,TFT17_Item_DarkStarEmblemItem,27,0.4444444444444444,5.148148148148148
TFT17_Aatrox,TFT17_Item_HPTankEmblemItem,81,0.4444444444444444,4.679012345679013
TFT17_Aatrox,TFT_Item_Artifact_LightshieldCrest,18,0.4444444444444444,4.555555555555555
TFT17_Aatrox,TFT_Item_BlueBuff,48,0.4375,4.625
TFT17_Aatrox,TFT_Item_Artifact_ProwlersClaw,7,0.42857142857142855,5.0
TFT17_Aatrox,TFT_Item_Artifact_SilvermereDawn,21,0.42857142857142855,4.619047619047619
TFT17_Aatrox,TFT_Item_Artifact_VoidGauntlet,7,0.42857142857142855,4.857142857142857
TFT17_Aatrox,TFT_Item_ArchangelsStaff,68,0.4264705882352941,4.75
TFT17_Aatrox,TFT_Item_TacticiansRing,63,0.4126984126984127,4.841269841269841
TFT17_Aatrox,TFT17_Item_FlexTraitEmblemItem,61,0.4098360655737705,4.901639344262295
TFT17_Aatrox,TFT_Item_Quicksilver,93,0.40860215053763443,4.946236559139785
TFT17_Aatrox,TFT9_Item_OrnnHullbreaker,20,0.4,5.25
TFT17_Aatrox,TFT_Item_Artifact_AegisOfDawn,5,0.4,5.4
TFT17_Aatrox,TFT17_Item_AnimaSquadEmblemItem,100,0.39,5.13
TFT17_Aatrox,TFT17_Item_MeleeTraitEmblemItem,31,0.3870967741935484,5.193548387096774
TFT17_Aatrox,TFT_Item_Artifact_TheIndomitable,13,0.38461538461538464,5.153846153846154
TFT17_Aatrox,TFT17_AnimaSquadItem_Tier1_TentacleSlam,8,0.375,5.125
TFT17_Aatrox,TFT17_Item_SpaceGrooveEmblemItem,85,0.36470588235294116,5.070588235294117
TFT17_Aatrox,TFT17_Item_SummonTraitEmblemItem,34,0.35294117647058826,5.352941176470588
TFT17_Aatrox,TFT17_Item_RangedTraitEmblemItem,52,0.3269230769230769,5.403846153846154
TFT17_Aatrox,TFT17_Item_ShieldTankEmblemItem,46,0.30434782608695654,5.282608695652174
TFT17_Aatrox,TFT5_Item_ThiefsGlovesRadiant,10,0.3,4.6
TFT17_Aatrox,TFTEvent5YR_Item_ShimmerscaleGoldmancersStaff,5,0.2,5.4
TFT17_Aatrox,TFT_Item_Artifact_TalismanOfAscension,5,0.2,5.4
TFT17_Akali,TFT5_Item_LeviathanRadiant,7,1.0,2.5714285714285716
TFT17_Akali,TFT_Item_EmptyBag,63,0.9365079365079365,1.619047619047619
TFT17_Akali,TFT5_Item_ArchangelsStaffRadiant,8,0.875,3.25
TFT17_Akali,TFT5_Item_IonicSparkRadiant,7,0.8571428571428571,3.142857142857143
TFT17_Akali,TFT5_Item_BloodthirsterRadiant,11,0.8181818181818182,3.090909090909091
TFT17_Akali,TFT_Item_ForceOfNature,38,0.7894736842105263,2.8684210526315788
TFT17_Akali,TFT5_Item_QuicksilverRadiant,8,0.75,3.875
TFT17_Akali,TFT5_Item_HandOfJusticeRadiant,14,0.7142857142857143,3.9285714285714284
TFT17_Akali,TFT_Item_Artifact_HellfireHatchet,30,0.7,3.9
TFT17_Akali,TFT5_Item_FrozenHeartRadiant,6,0.6666666666666666,3.1666666666666665
TFT17_Akali,TFT5_Item_SpectralGauntletRadiant,9,0.6666666666666666,3.7777777777777777
TFT17_Akali,TFT5_Item_SteraksGageRadiant,9,0.6666666666666666,4.111111111111111
TFT17_Akali,TFT5_Item_TitansResolveRadiant,9,0.6666666666666666,3.888888888888889
TFT17_Akali,TFT17_AnimaSquadItem_Tier0_ClunkyPrototype,8,0.625,4.5
TFT17_Akali,TFT_Item_Leviathan,106,0.6226415094339622,4.150943396226415
TFT17_Akali,TFT5_Item_ThiefsGlovesRadiant,103,0.6116504854368932,4.029126213592233
TFT17_Akali,TFT_Item_RecurveBow,159,0.6037735849056604,3.930817610062893
TFT17_Akali,TFT5_Item_AdaptiveHelmRadiant,5,0.6,3.6
TFT17_Akali,TFTEvent5YR_Item_ShimmerscaleGoldmancersStaff,5,0.6,4.0
TFT17_Akali,TFTEvent5YR_Item_LavenderCrown,22,0.5909090909090909,4.363636363636363
TFT17_Akali,TFT_Item_Artifact_TitanicHydra,12,0.5833333333333334,3.8333333333333335
TFT17_Akali,TFT_Item_NightHarvester,115,0.5826086956521739,4.173913043478261
TFT17_Akali,TFT4_Item_OrnnDeathsDefiance,92,0.5760869565217391,4.054347826086956
TFT17_Akali,TFT_Item_AdaptiveHelm,164,0.573170731707317,4.286585365853658
TFT17_Akali,TFT17_Item_Artifact_VarusArtifact,7,0.5714285714285714,4.857142857142857
TFT17_Akali,TFT5_Item_DeathbladeRadiant,14,0.5714285714285714,4.071428571428571
TFT17_Akali,TFT5_Item_InfinityEdgeRadiant,7,0.5714285714285714,3.857142857142857
TFT17_Akali,TFT5_Item_RabadonsDeathcapRadiant,7,0.5714285714285714,4.285714285714286
TFT17_Akali,TFT_Item_Artifact_Dawncore,21,0.5714285714285714,3.9047619047619047
TFT17_Akali,TFT17_Item_Artifact_YasuoArtifact,16,0.5625,4.5625
TFT17_Akali,TFT_Item_RunaansHurricane,155,0.5612903225806452,4.354838709677419
TFT17_Akali,TFT_Item_InfinityEdge,396,0.5580808080808081,4.234848484848484
TFT17_Akali,TFT17_Item_StargazerEmblemItem,88,0.5568181818181818,4.181818181818182
TFT17_Akali,TFT5_Item_TrapClawRadiant,9,0.5555555555555556,4.111111111111111
TFT17_Akali,TFT_Item_Artifact_ProwlersClaw,67,0.5522388059701493,4.08955223880597
TFT17_Akali,TFT_Item_IonicSpark,62,0.5483870967741935,4.258064516129032
TFT17_Akali,TFT_Item_GuardianAngel,1646,0.5473876063183475,4.332320777642771
TFT17_Akali,TFT_Item_BFSword,236,0.5466101694915254,4.241525423728813
TFT17_Akali,TFT_Item_SteraksGage,1581,0.5445920303605313,4.287160025300443
TFT17_Akali,TFT_Item_UnstableConcoction,1613,0.541847489150651,4.334779913205208
TFT17_Akali,TFT17_Item_PsyOps_ChemicalCapacitorMod,24,0.5416666666666666,4.25
TFT17_Akali,TFT_Item_SparringGloves,205,0.5414634146341464,4.273170731707317
TFT17_Akali,TFT_Item_MadredsBloodrazor,720,0.5402777777777777,4.363888888888889
TFT17_Akali,TFT_Item_PowerGauntlet,655,0.5389312977099237,4.290076335877862
TFT17_Akali,TFT_Item_Deathblade,677,0.5361890694239291,4.481536189069424
TFT17_Akali,TFT_Item_Bloodthirster,843,0.5338078291814946,4.421115065243179
TFT17_Akali,TFT17_Item_AssassinTraitEmblemItem,120,0.5333333333333333,4.416666666666667
TFT17_Akali,TFT4_Item_OrnnInfinityForce,90,0.5333333333333333,4.288888888888889
TFT17_Akali,TFT_Item_SpectralGauntlet,126,0.5317460317460317,4.436507936507937
TFT17_Akali,TFT_Item_HextechGunblade,363,0.5316804407713499,4.289256198347108
TFT17_Akali,TFT_Item_Quicksilver,663,0.530920060331825,4.458521870286576
TFT17_Akali,TFT_Item_BrambleVest,93,0.5268817204301075,4.462365591397849
TFT17_Akali,TFT_Item_RedBuff,120,0.525,4.45
TFT17_Akali,TFT_Item_TacticiansRing,61,0.5245901639344263,4.295081967213115
TFT17_Akali,TFT17_Item_PsyOps_TargetlockMod,42,0.5238095238095238,4.5
TFT17_Akali,TFT_Item_NegatronCloak,63,0.5238095238095238,4.4603174603174605
TFT17_Akali,TFT4_Item_OrnnZhonyasParadox,25,0.52,4.44
TFT17_Akali,TFT_Item_StatikkShiv,160,0.51875,4.475
TFT17_Akali,TFT17_Item_RangedTraitEmblemItem,27,0.5185185185185185,4.518518518518518
TFT17_Akali,TFT17_Item_PrimordianEmblemItem,195,0.5128205128205128,4.471794871794872
TFT17_Akali,TFT_Item_ArchangelsStaff,122,0.5081967213114754,4.549180327868853
TFT17_Akali,TFT_Item_BlueBuff,249,0.5020080321285141,4.586345381526105
TFT17_Akali,TFT17_Item_ASTraitEmblemItem,704,0.5,4.5227272727272725
TFT17_Akali,TFT17_Item_AnimaSquadEmblemItem,46,0.5,4.5
TFT17_Akali,TFT5_Item_GiantSlayerRadiant,10,0.5,4.2
TFT17_Akali,TFT5_Item_GuinsoosRagebladeRadiant,6,0.5,4.833333333333333
TFT17_Akali,TFT5_Item_LastWhisperRadiant,8,0.5,4.25
TFT17_Akali,TFT_Item_Artifact_Mittens,32,0.5,4.40625
TFT17_Akali,TFT_Item_Artifact_WitsEnd,10,0.5,4.7
TFT17_Akali,TFT_Item_TitansResolve,436,0.5,4.614678899082569
TFT17_Akali,TFT_Item_ThiefsGloves,1867,0.49758971612212105,4.531333690412426
TFT17_Akali,TFT_Item_GargoyleStoneplate,113,0.49557522123893805,4.725663716814159
TFT17_Akali,TFT_Item_DragonsClaw,67,0.4925373134328358,4.462686567164179
TFT17_Akali,TFT_Item_Redemption,100,0.49,4.57
TFT17_Akali,TFT17_Item_ResistTankEmblemItem,50,0.48,4.22
TFT17_Akali,TFT_Item_TearOfTheGoddess,76,0.47368421052631576,4.815789473684211
TFT17_Akali,TFT17_Item_PsyOpsEmblemItem,70,0.4714285714285714,4.914285714285715
TFT17_Akali,TFT_Item_LastWhisper,295,0.4711864406779661,4.6305084745762715
TFT17_Akali,TFT_Item_JeweledGauntlet,136,0.47058823529411764,4.632352941176471
TFT17_Akali,TFT_Item_WarmogsArmor,150,0.4666666666666667,4.666666666666667
TFT17_Akali,TFT_Item_SpearOfShojin,194,0.4587628865979381,4.731958762886598
TFT17_Akali,TFT17_Item_ShieldTankEmblemItem,11,0.45454545454545453,5.0
TFT17_Akali,TFT7_Item_ShimmerscaleGamblersBlade,11,0.45454545454545453,4.636363636363637
TFT17_Akali,TFT17_Item_Artifact_EvelynnArtifact,60,0.45,4.916666666666667
TFT17_Akali,TFT17_Item_DarkStarEmblemItem,47,0.44680851063829785,4.553191489361702
TFT17_Akali,TFT17_Item_HPTankEmblemItem,56,0.44642857142857145,4.714285714285714
TFT17_Akali,TFT_Item_RapidFireCannon,244,0.4426229508196721,4.819672131147541
TFT17_Akali,TFT_Item_GuinsoosRageblade,233,0.44206008583690987,4.849785407725322
TFT17_Akali,TFT17_Item_AstronautEmblemItem,34,0.4411764705882353,4.9411764705882355
TFT17_Akali,TFT17_Item_PulsefireEmblemItem,50,0.44,4.94
TFT17_Akali,TFT_Item_Morellonomicon,186,0.43548387096774194,4.790322580645161
TFT17_Akali,TFT_Item_FrozenHeart,115,0.43478260869565216,4.869565217391305
TFT17_Akali,TFT_Item_Crownguard,106,0.4339622641509434,4.754716981132075
TFT17_Akali,TFT17_EkkoOffering_AnomalyItem,83,0.43373493975903615,4.867469879518072
TFT17_Akali,TFT17_Item_PsyOps_SympatheticImplantMod,79,0.43037974683544306,4.810126582278481
TFT17_Akali,TFT17_Item_FavoredEmblemItem,42,0.42857142857142855,4.880952380952381
TFT17_Akali,TFT17_Item_PsyOps_DroneMod,91,0.42857142857142855,4.7032967032967035
TFT17_Akali,TFT5_Item_RapidFirecannonRadiant,7,0.42857142857142855,4.857142857142857
TFT17_Akali,TFTEvent5YR_Item_SevikasJinxedArm,28,0.42857142857142855,4.857142857142857
TFT17_Akali,TFT_Item_Spatula,7,0.42857142857142855,5.142857142857143
TFT17_Akali,TFT_Item_NeedlesslyLargeRod,101,0.42574257425742573,4.762376237623762
TFT17_Akali,TFT17_Item_FlexTraitEmblemItem,64,0.421875,4.828125
TFT17_Akali,TFT17_Item_SpaceGrooveEmblemItem,22,0.4090909090909091,4.863636363636363
TFT17_Akali,TFT5_Item_CrownguardRadiant,5,0.4,5.2
TFT17_Akali,TFT5_Item_MorellonomiconRadiant,10,0.4,4.8
TFT17_Akali,TFT_Item_Artifact_EternalPact,5,0.4,4.6
TFT17_Akali,TFT_Item_Artifact_TalismanOfAscension,5,0.4,4.8
TFT17_Akali,TFT_Item_ChainVest,55,0.4,5.0
TFT17_Akali,TFT17_AnimaSquadItem_Tier0_LeakyPrototype,23,0.391304347826087,4.956521739130435
TFT17_Akali,TFT17_AnimaSquadItem_Tier0_SparkingPrototype,36,0.3888888888888889,4.666666666666667
TFT17_Akali,TFT_Item_RabadonsDeathcap,109,0.3761467889908257,5.08256880733945
TFT17_Akali,TFT5_Item_HextechGunbladeRadiant,8,0.375,5.0
TFT17_Akali,TFT_Item_GiantsBelt,65,0.36923076923076925,5.2615384615384615
TFT17_Akali,TFT4_Item_OrnnTheCollector,14,0.35714285714285715,4.785714285714286
TFT17_Akali,TFT17_AnimaSquadItem_Tier1_GuidingHex,18,0.3333333333333333,5.555555555555555
TFT17_Akali,TFT17_Item_Artifact_EkkoArtifact,6,0.3333333333333333,5.0
TFT17_Akali,TFT17_Item_SummonTraitEmblemItem,33,0.3333333333333333,4.848484848484849
TFT17_Akali,TFT5_Item_StatikkShivRadiant,6,0.3333333333333333,5.333333333333333
TFT17_Akali,TFT5_Item_GuardianAngelRadiant,10,0.3,5.5
TFT17_Akali,TFT_Item_Artifact_SeekersArmguard,10,0.3,5.6
TFT17_Akali,TFT_Item_Artifact_SilvermereDawn,14,0.2857142857142857,5.0
TFT17_Akali,TFT17_AnimaSquadItem_Tier1_SavageSlicer,23,0.2608695652173913,5.739130434782608
TFT17_Akali,TFTEvent5YR_Item_GlacialMallet,8,0.25,6.5
TFT17_Akali,TFT9_Item_OrnnHullbreaker,5,0.0,6.4
TFT17_Akali,TFT_Item_Artifact_LudensTempest,6,0.0,6.166666666666667
TFT17_AurelionSol,TFT17_AnimaSquadItem_Tier3_Annihilator,7,1.0,1.7142857142857142
TFT17_AurelionSol,TFT_Item_FrozenHeart,8,0.875,2.875
TFT17_AurelionSol,TFT17_AnimaSquadItem_Tier3_SearingShortbow,21,0.8571428571428571,2.2857142857142856
TFT17_AurelionSol,TFT_Item_EmptyBag,7,0.8571428571428571,2.142857142857143
TFT17_AurelionSol,TFT_Item_ForceOfNature,5,0.8,3.2
TFT17_AurelionSol,TFT17_AnimaSquadItem_Tier2_Annihilator,314,0.7420382165605095,2.9936305732484074
TFT17_AurelionSol,TFT17_AnimaSquadItem_Tier2_SearingShortbow,349,0.6905444126074498,3.383954154727794
TFT17_AurelionSol,TFT5_Item_MorellonomiconRadiant,6,0.6666666666666666,3.8333333333333335
TFT17_AurelionSol,TFT_Item_Artifact_TalismanOfAscension,24,0.6666666666666666,3.7083333333333335
TFT17_AurelionSol,TFT_Item_Crownguard,6,0.6666666666666666,4.166666666666667
TFT17_AurelionSol,TFT_Item_SteraksGage,8,0.625,4.75
TFT17_AurelionSol,TFT17_Item_ASTraitEmblemItem,5,0.6,5.2
TFT17_AurelionSol,TFT_Item_GuardianAngel,22,0.5909090909090909,3.909090909090909
TFT17_AurelionSol,TFT5_Item_StatikkShivRadiant,34,0.5882352941176471,4.294117647058823
TFT17_AurelionSol,TFT17_Item_AstronautEmblemItem,7,0.5714285714285714,5.0
TFT17_AurelionSol,TFT4_Item_OrnnInfinityForce,7,0.5714285714285714,4.428571428571429
TFT17_AurelionSol,TFT4_Item_OrnnTheCollector,7,0.5714285714285714,5.0
TFT17_AurelionSol,TFTEvent5YR_Item_ShimmerscaleGoldmancersStaff,28,0.5714285714285714,4.535714285714286
TFT17_AurelionSol,TFT5_Item_TrapClawRadiant,39,0.5641025641025641,4.538461538461538
TFT17_AurelionSol,TFT_Item_Artifact_SeekersArmguard,110,0.5454545454545454,4.327272727272727
TFT17_AurelionSol,TFT5_Item_RabadonsDeathcapRadiant,534,0.5374531835205992,4.353932584269663
TFT17_AurelionSol,TFT17_Item_FavoredEmblemItem,21,0.5238095238095238,5.428571428571429
TFT17_AurelionSol,TFT_Item_Artifact_CappaJuice,69,0.5217391304347826,4.405797101449275
TFT17_AurelionSol,TFT17_Item_Artifact_AhriArtifact,712,0.5210674157303371,4.422752808988764
TFT17_AurelionSol,TFT_Item_Artifact_EternalPact,217,0.5161290322580645,4.405529953917051
TFT17_AurelionSol,TFT5_Item_HextechGunbladeRadiant,41,0.5121951219512195,4.195121951219512
TFT17_AurelionSol,TFT_Item_ThiefsGloves,98,0.5102040816326531,4.489795918367347
TFT17_AurelionSol,TFT17_Item_DarkStarEmblemItem,3523,0.5066704513198979,4.499006528526824
TFT17_AurelionSol,TFT5_Item_JeweledGauntletRadiant,205,0.5024390243902439,4.590243902439024
TFT17_AurelionSol,TFT17_EkkoOffering_AnomalyItem,216,0.5,4.398148148148148
TFT17_AurelionSol,TFT_Item_Artifact_BlightingJewel,212,0.5,4.514150943396227
TFT17_AurelionSol,TFT_Item_TacticiansRing,10,0.5,5.1
TFT17_AurelionSol,TFT17_Item_Artifact_EkkoArtifact,166,0.4939759036144578,4.481927710843373
TFT17_AurelionSol,TFT17_Item_FlexTraitEmblemItem,256,0.4921875,4.62890625
TFT17_AurelionSol,TFT_Item_PowerGauntlet,5998,0.49099699899966653,4.550350116705569
TFT17_AurelionSol,TFT_Item_RabadonsDeathcap,9898,0.4792887452010507,4.598706809456456
TFT17_AurelionSol,TFT5_Item_ArchangelsStaffRadiant,21,0.47619047619047616,4.523809523809524
TFT17_AurelionSol,TFT_Item_ArchangelsStaff,1852,0.47516198704103674,4.622030237580994
TFT17_AurelionSol,TFT_Item_JeweledGauntlet,15125,0.47345454545454546,4.6353057851239665
TFT17_AurelionSol,TFT_Item_HextechGunblade,827,0.4667472793228537,4.6807738814993956
TFT17_AurelionSol,TFT5_Item_BlueBuffRadiant,9,0.4444444444444444,4.444444444444445
TFT17_AurelionSol,TFT4_Item_OrnnZhonyasParadox,149,0.42953020134228187,4.738255033557047
TFT17_AurelionSol,TFT17_Item_PsyOps_SympatheticImplantMod_Radiant,7,0.42857142857142855,4.857142857142857
TFT17_AurelionSol,TFT_Item_BrambleVest,7,0.42857142857142855,4.571428571428571
TFT17_AurelionSol,TFT9_Item_OrnnHorizonFocus,96,0.4270833333333333,4.90625
TFT17_AurelionSol,TFT_Item_MadredsBloodrazor,4867,0.4253133347031025,4.85432504622971
TFT17_AurelionSol,TFT17_Item_PsyOps_DroneMod,80,0.425,4.8
TFT17_AurelionSol,TFT_Item_BlueBuff,405,0.4246913580246914,4.883950617283951
TFT17_AurelionSol,TFT_Item_AdaptiveHelm,293,0.4197952218430034,4.982935153583618
TFT17_AurelionSol,TFT17_Item_RangedTraitEmblemItem,31,0.41935483870967744,4.935483870967742
TFT17_AurelionSol,TFT17_Item_Artifact_VarusArtifact,217,0.4147465437788018,4.84331797235023
TFT17_AurelionSol,TFT5_Item_GiantSlayerRadiant,22,0.4090909090909091,5.0
TFT17_AurelionSol,TFT17_Item_PulsefireEmblemItem,5,0.4,5.6
TFT17_AurelionSol,TFT7_Item_ShimmerscaleGamblersBlade,5,0.4,4.6
TFT17_AurelionSol,TFT_Item_Deathblade,5,0.4,4.8
TFT17_AurelionSol,TFT_Item_UnstableConcoction,125,0.4,4.992
TFT17_AurelionSol,TFT_Item_StatikkShiv,3770,0.3976127320954907,5.051989389920425
TFT17_AurelionSol,TFT17_Item_PsyOps_SympatheticImplantMod,43,0.3953488372093023,5.255813953488372
TFT17_AurelionSol,TFT17_Item_PsyOps_ChemicalCapacitorMod,23,0.391304347826087,5.260869565217392
TFT17_AurelionSol,TFT_Item_Leviathan,587,0.38841567291311757,4.994889267461669
TFT17_AurelionSol,TFT17_Item_PsyOpsEmblemItem,26,0.38461538461538464,5.230769230769231
TFT17_AurelionSol,TFT5_Item_LeviathanRadiant,16,0.375,4.8125
TFT17_AurelionSol,TFTEvent5YR_Item_SevikasJinxedArm,8,0.375,5.0
TFT17_AurelionSol,TFT_Item_Artifact_WitsEnd,8,0.375,5.375
TFT17_AurelionSol,TFT_Item_InfinityEdge,16,0.375,5.5
TFT17_AurelionSol,TFT17_Item_AssassinTraitEmblemItem,44,0.36363636363636365,4.931818181818182
TFT17_AurelionSol,TFT_Item_Artifact_LudensTempest,50,0.36,5.08
TFT17_AurelionSol,TFT_Item_RapidFireCannon,225,0.3422222222222222,5.351111111111111
TFT17_AurelionSol,TFT17_Item_PsyOps_DroneMod_Radiant,6,0.3333333333333333,5.333333333333333
TFT17_AurelionSol,TFT_Item_WarmogsArmor,6,0.3333333333333333,5.333333333333333
TFT17_AurelionSol,TFT_Item_GuinsoosRageblade,91,0.32967032967032966,5.626373626373627
TFT17_AurelionSol,TFT_Item_Artifact_Dawncore,25,0.32,5.52
TFT17_AurelionSol,TFT_Item_Morellonomicon,549,0.3132969034608379,5.497267759562842
TFT17_AurelionSol,TFT_Item_SpearOfShojin,339,0.30973451327433627,5.522123893805309
TFT17_AurelionSol,TFT17_Item_ShieldTankEmblemItem,68,0.3088235294117647,5.397058823529412
TFT17_AurelionSol,TFT17_Item_SummonTraitEmblemItem,36,0.3055555555555556,5.472222222222222
TFT17_AurelionSol,TFT17_AnimaSquadItem_Tier2_CyclonicSlicers,10,0.3,5.5
TFT17_AurelionSol,TFT9_Item_CrownOfDemacia,40,0.3,5.375
TFT17_AurelionSol,TFT17_AnimaSquadItem_Tier1_GuidingHex,75,0.29333333333333333,5.76
TFT17_AurelionSol,TFT_Item_LastWhisper,18,0.2777777777777778,5.222222222222222
TFT17_AurelionSol,TFT_Item_Quicksilver,29,0.27586206896551724,5.275862068965517
TFT17_AurelionSol,TFT_Item_BFSword,11,0.2727272727272727,5.909090909090909
TFT17_AurelionSol,TFT_Item_TearOfTheGoddess,32,0.25,6.21875
TFT17_AurelionSol,TFT_Item_TitansResolve,8,0.25,5.875
TFT17_AurelionSol,TFT17_Item_StargazerEmblemItem,21,0.23809523809523808,6.285714285714286
TFT17_AurelionSol,TFT17_Item_DRXEmblemItem,13,0.23076923076923078,5.384615384615385
TFT17_AurelionSol,TFT17_Item_PsyOps_TargetlockMod,10,0.2,5.5
TFT17_AurelionSol,TFT_Item_Bloodthirster,5,0.2,5.4
TFT17_AurelionSol,TFT_Item_IonicSpark,5,0.2,6.0
TFT17_AurelionSol,TFT_Item_SparringGloves,33,0.18181818181818182,6.575757575757576
TFT17_AurelionSol,TFT_Item_Artifact_LichBane,23,0.17391304347826086,5.6521739130434785
TFT17_AurelionSol,TFT17_Item_SpaceGrooveEmblemItem,7,0.14285714285714285,6.857142857142857
TFT17_AurelionSol,TFT17_Item_MeleeTraitEmblemItem,8,0.125,6.375
TFT17_AurelionSol,TFT_Item_Artifact_StatikkShiv,8,0.125,6.5
TFT17_AurelionSol,TFT_Item_RecurveBow,27,0.1111111111111111,6.518518518518518
TFT17_AurelionSol,TFT17_AnimaSquadItem_Tier1_RocketSwarm,10,0.1,6.8
TFT17_AurelionSol,TFT17_AnimaSquadItem_Tier0_LeakyPrototype,11,0.09090909090909091,6.909090909090909
TFT17_AurelionSol,TFT_Item_NeedlesslyLargeRod,114,0.07017543859649122,7.131578947368421
TFT17_AurelionSol,TFT17_AnimaSquadItem_Tier0_SparkingPrototype,5,0.0,7.8
TFT17_AurelionSol,TFT_Item_GiantsBelt,8,0.0,7.375
TFT17_AurelionSol,TFT_Item_Spatula,5,0.0,7.2
TFT17_Aurora,TFT17_AnimaSquadItem_Tier3_SearingShortbow,14,0.8571428571428571,2.2857142857142856
TFT17_Aurora,TFT_Item_EmptyBag,13,0.8461538461538461,2.076923076923077
TFT17_Aurora,TFT17_AnimaSquadItem_Tier3_Annihilator,5,0.8,2.4
TFT17_Aurora,TFT17_AnimaSquadItem_Tier2_SearingShortbow,81,0.6172839506172839,3.6296296296296298
TFT17_Aurora,TFT17_Item_PsyOps_TargetlockMod,5,0.6,4.4
TFT17_Aurora,TFT5_Item_StatikkShivRadiant,5,0.6,3.8
TFT17_Aurora,TFT17_AnimaSquadItem_Tier2_Annihilator,68,0.5882352941176471,3.9705882352941178
TFT17_Aurora,TFT_Item_Artifact_CappaJuice,11,0.5454545454545454,4.454545454545454
TFT17_Aurora,TFT17_Item_PsyOps_ChemicalCapacitorMod,10,0.5,4.9
TFT17_Aurora,TFT_Item_ForceOfNature,12,0.5,4.333333333333333
TFT17_Aurora,TFT_Item_SpectralGauntlet,6,0.5,5.333333333333333
TFT17_Aurora,TFT17_Item_PsyOps_DroneMod,33,0.48484848484848486,4.878787878787879
TFT17_Aurora,TFT_Item_ArchangelsStaff,336,0.4642857142857143,4.660714285714286
TFT17_Aurora,TFT_Item_SpearOfShojin,1614,0.459727385377943,4.722428748451053
TFT17_Aurora,TFT9_Item_OrnnHorizonFocus,24,0.4583333333333333,4.625
TFT17_Aurora,TFT_Item_BlueBuff,460,0.45652173913043476,4.743478260869566
TFT17_Aurora,TFT_Item_UnstableConcoction,46,0.45652173913043476,5.043478260869565
TFT17_Aurora,TFT_Item_AdaptiveHelm,270,0.45185185185185184,4.685185185185185
TFT17_Aurora,TFT_Item_RapidFireCannon,283,0.4381625441696113,4.865724381625442
TFT17_Aurora,TFT4_Item_OrnnZhonyasParadox,16,0.4375,4.5
TFT17_Aurora,TFT5_Item_RabadonsDeathcapRadiant,16,0.4375,4.8125
TFT17_Aurora,TFT_Item_Artifact_Dawncore,23,0.43478260869565216,5.086956521739131
TFT17_Aurora,TFT_Item_MadredsBloodrazor,438,0.4315068493150685,4.954337899543379
TFT17_Aurora,TFT_Item_Leviathan,543,0.429097605893186,4.8397790055248615
TFT17_Aurora,TFTEvent5YR_Item_ShimmerscaleCrownOfChampions,7,0.42857142857142855,4.571428571428571
TFT17_Aurora,TFT_Item_PowerGauntlet,299,0.4280936454849498,4.872909698996655
TFT17_Aurora,TFT17_Item_PsyOps_SympatheticImplantMod,31,0.41935483870967744,5.193548387096774
TFT17_Aurora,TFT_Item_StatikkShiv,1065,0.40938967136150234,5.004694835680751
TFT17_Aurora,TFT_Item_JeweledGauntlet,1719,0.4089586969168121,4.987201861547411
TFT17_Aurora,TFT_Item_Morellonomicon,935,0.4021390374331551,5.005347593582887
TFT17_Aurora,TFT17_EkkoOffering_AnomalyItem,45,0.4,4.8
TFT17_Aurora,TFT17_Item_Artifact_AhriArtifact,80,0.4,4.95
TFT17_Aurora,TFT_Item_Artifact_StatikkShiv,15,0.4,5.133333333333334
TFT17_Aurora,TFT_Item_GuardianAngel,10,0.4,4.9
TFT17_Aurora,TFT_Item_RabadonsDeathcap,807,0.3965303593556382,5.065675340768277
TFT17_Aurora,TFT17_AnimaSquadItem_Tier1_GuidingHex,598,0.391304347826087,5.048494983277592
TFT17_Aurora,TFT17_Item_AstronautEmblemItem,13,0.38461538461538464,5.076923076923077
TFT17_Aurora,TFT17_Item_SummonTraitEmblemItem,52,0.38461538461538464,5.173076923076923
TFT17_Aurora,TFT_Item_HextechGunblade,143,0.38461538461538464,4.881118881118881
TFT17_Aurora,TFT_Item_Artifact_LudensTempest,29,0.3793103448275862,5.0344827586206895
TFT17_Aurora,TFT_Item_Artifact_EternalPact,52,0.36538461538461536,5.038461538461538
TFT17_Aurora,TFT_Item_ThiefsGloves,85,0.36470588235294116,4.905882352941177
TFT17_Aurora,TFT_Item_GuinsoosRageblade,132,0.36363636363636365,5.090909090909091
TFT17_Aurora,TFT17_Item_DarkStarEmblemItem,40,0.35,5.4
TFT17_Aurora,TFT17_AnimaSquadItem_Tier0_LeakyPrototype,263,0.34220532319391633,5.391634980988593
TFT17_Aurora,TFT17_Item_SpaceGrooveEmblemItem,12,0.3333333333333333,5.333333333333333
TFT17_Aurora,TFT5_Item_LeviathanRadiant,6,0.3333333333333333,5.833333333333333
TFT17_Aurora,TFT7_Item_ShimmerscaleGamblersBlade,9,0.3333333333333333,6.0
TFT17_Aurora,TFTEvent5YR_Item_MaestrosBaton,6,0.3333333333333333,5.666666666666667
TFT17_Aurora,TFT_Item_Artifact_BlightingJewel,18,0.3333333333333333,5.666666666666667
TFT17_Aurora,TFT_Item_Bloodthirster,6,0.3333333333333333,5.666666666666667
TFT17_Aurora,TFT_Item_RunaansHurricane,6,0.3333333333333333,4.666666666666667
TFT17_Aurora,TFT17_Item_ASTraitEmblemItem,117,0.3247863247863248,5.521367521367521
TFT17_Aurora,TFT_Item_Artifact_LichBane,19,0.3157894736842105,5.368421052631579
TFT17_Aurora,TFT17_Item_Artifact_VarusArtifact,16,0.3125,5.25
TFT17_Aurora,TFT_Item_BFSword,16,0.3125,6.25
TFT17_Aurora,TFT17_AnimaSquadItem_Tier0_SparkingPrototype,91,0.3076923076923077,5.318681318681318
TFT17_Aurora,TFT17_Item_ShieldTankEmblemItem,13,0.3076923076923077,5.461538461538462
TFT17_Aurora,TFT_Item_Deathblade,10,0.3,5.6
TFT17_Aurora,TFT_Item_TitansResolve,10,0.3,5.3
TFT17_Aurora,TFT_Item_LastWhisper,44,0.29545454545454547,5.386363636363637
TFT17_Aurora,TFT17_Item_StargazerEmblemItem,17,0.29411764705882354,6.0
TFT17_Aurora,TFT17_Item_PulsefireEmblemItem,7,0.2857142857142857,6.571428571428571
TFT17_Aurora,TFT_Item_SparringGloves,28,0.2857142857142857,5.642857142857143
TFT17_Aurora,TFT17_Item_FavoredEmblemItem,29,0.2413793103448276,5.827586206896552
TFT17_Aurora,TFT17_Item_PsyOpsEmblemItem,17,0.23529411764705882,5.588235294117647
TFT17_Aurora,TFT17_AnimaSquadItem_Tier1_RocketSwarm,13,0.23076923076923078,5.769230769230769
TFT17_Aurora,TFT17_Item_Artifact_EkkoArtifact,13,0.23076923076923078,6.076923076923077
TFT17_Aurora,TFT_Item_Quicksilver,29,0.20689655172413793,5.793103448275862
TFT17_Aurora,TFT17_AnimaSquadItem_Tier1_SavageSlicer,10,0.2,6.5
TFT17_Aurora,TFT5_Item_JeweledGauntletRadiant,5,0.2,6.6
TFT17_Aurora,TFTEvent5YR_Item_ShimmerscaleGoldmancersStaff,35,0.2,6.0
TFT17_Aurora,TFT_Item_GargoyleStoneplate,5,0.2,6.2
TFT17_Aurora,TFT_Item_TearOfTheGoddess,56,0.17857142857142858,6.357142857142857
TFT17_Aurora,TFT17_AnimaSquadItem_Tier2_BattleBunnyCrossbow,6,0.16666666666666666,6.666666666666667
TFT17_Aurora,TFT_Item_InfinityEdge,18,0.16666666666666666,5.944444444444445
TFT17_Aurora,TFT_Item_TacticiansRing,12,0.16666666666666666,6.5
TFT17_Aurora,TFT_Item_RecurveBow,49,0.16326530612244897,6.326530612244898
TFT17_Aurora,TFT17_Item_RangedTraitEmblemItem,14,0.14285714285714285,6.214285714285714
TFT17_Aurora,TFT_Item_Crownguard,7,0.14285714285714285,5.285714285714286
TFT17_Aurora,TFT_Item_NeedlesslyLargeRod,71,0.1267605633802817,6.76056338028169
TFT17_Aurora,TFT17_Item_DRXEmblemItem,8,0.125,7.125
TFT17_Aurora,TFT17_Item_AssassinTraitEmblemItem,9,0.1111111111111111,7.222222222222222
TFT17_Aurora,TFT17_Item_MeleeTraitEmblemItem,7,0.0,7.285714285714286
TFT17_Aurora,TFT5_Item_MorellonomiconRadiant,6,0.0,6.5
TFT17_Aurora,TFT9_Item_CrownOfDemacia,5,0.0,7.2
TFT17_Aurora,TFT_Item_Artifact_TalismanOfAscension,5,0.0,6.2
TFT17_Aurora,TFT_Item_GiantsBelt,6,0.0,7.333333333333333
TFT17_Bard,TFT_Item_EmptyBag,191,0.9581151832460733,1.3350785340314135
TFT17_Bard,TFT17_AnimaSquadItem_Tier2_Annihilator,35,0.8,2.857142857142857
TFT17_Bard,TFT5_Item_SpearOfShojinRadiant,5,0.8,3.6
TFT17_Bard,TFT_Item_ForceOfNature,48,0.7708333333333334,2.8125
TFT17_Bard,TFT5_Item_TrapClawRadiant,8,0.75,3.75
TFT17_Bard,TFT_Item_RedBuff,30,0.7333333333333333,3.6333333333333333
TFT17_Bard,TFTEvent5YR_Item_SevikasJinxedArm,26,0.7307692307692307,3.6153846153846154
TFT17_Bard,TFT_Item_ArchangelsStaff,3917,0.7178963492468726,3.376308399285167
TFT17_Bard,TFT17_AnimaSquadItem_Tier2_SearingShortbow,48,0.7083333333333334,3.0833333333333335
TFT17_Bard,TFT17_Item_FlexTraitEmblemItem,896,0.7008928571428571,3.4174107142857144
TFT17_Bard,TFT_Item_AdaptiveHelm,3491,0.6963620739043254,3.5133199656258953
TFT17_Bard,TFT_Item_NightHarvester,49,0.6938775510204082,3.673469387755102
TFT17_Bard,TFT_Item_BlueBuff,2857,0.6895344767238362,3.5407770388519424
TFT17_Bard,TFT_Item_PowerGauntlet,5524,0.689174511223751,3.512853005068791
TFT17_Bard,TFT_Item_RabadonsDeathcap,10829,0.6885215624711423,3.505679194754825
TFT17_Bard,TFT5_Item_RabadonsDeathcapRadiant,188,0.6808510638297872,3.4308510638297873
TFT17_Bard,TFT_Item_UnstableConcoction,441,0.6757369614512472,3.6485260770975056
TFT17_Bard,TFT_Item_MadredsBloodrazor,9358,0.669801239581107,3.590831374225262
TFT17_Bard,TFT17_Item_Artifact_EkkoArtifact,51,0.6666666666666666,3.627450980392157
TFT17_Bard,TFT17_Item_PrimordianEmblemItem,9,0.6666666666666666,4.0
TFT17_Bard,TFT5_Item_BlueBuffRadiant,15,0.6666666666666666,3.6666666666666665
TFT17_Bard,TFT17_Item_Artifact_VarusArtifact,134,0.664179104477612,3.6044776119402986
TFT17_Bard,TFT_Item_RapidFireCannon,3011,0.6589173032215211,3.6788442377947526
TFT17_Bard,TFT17_Item_Artifact_AhriArtifact,351,0.6581196581196581,3.6837606837606836
TFT17_Bard,TFT_Item_HextechGunblade,2514,0.656722354813047,3.701272871917263
TFT17_Bard,TFT17_Item_DarkStarEmblemItem,3078,0.6546458739441195,3.6962313190383367
TFT17_Bard,TFT_Item_JeweledGauntlet,16187,0.6533638104651881,3.673874096497189
TFT17_Bard,TFT_Item_StatikkShiv,9146,0.6508856330636343,3.6766892630658212
TFT17_Bard,TFT5_Item_StatikkShivRadiant,31,0.6451612903225806,4.096774193548387
TFT17_Bard,TFT5_Item_ArchangelsStaffRadiant,14,0.6428571428571429,4.5
TFT17_Bard,TFT17_Item_PsyOps_DroneMod,334,0.6407185628742516,3.697604790419162
TFT17_Bard,TFT_Item_Morellonomicon,6142,0.6401823510257245,3.7689677629436664
TFT17_Bard,TFT_Item_Redemption,36,0.6388888888888888,4.25
TFT17_Bard,TFT5_Item_HextechGunbladeRadiant,22,0.6363636363636364,4.0
TFT17_Bard,TFT_Item_FrozenHeart,66,0.6363636363636364,3.909090909090909
TFT17_Bard,TFT_Item_WarmogsArmor,74,0.6351351351351351,3.945945945945946
TFT17_Bard,TFT_Item_SteraksGage,71,0.6338028169014085,4.169014084507042
TFT17_Bard,TFT_Item_SpearOfShojin,4687,0.6313206742052485,3.80819287390655
TFT17_Bard,TFT_Item_Leviathan,2727,0.6307297396406307,3.8239823982398238
TFT17_Bard,TFT17_Item_DRXEmblemItem,54,0.6296296296296297,3.574074074074074
TFT17_Bard,TFT17_AnimaSquadItem_Tier1_GuidingHex,188,0.6276595744680851,3.8351063829787235
TFT17_Bard,TFT17_Item_AssassinTraitEmblemItem,147,0.6258503401360545,3.891156462585034
TFT17_Bard,TFT5_Item_AdaptiveHelmRadiant,8,0.625,4.25
TFT17_Bard,TFT9_Item_CrownOfDemacia,32,0.625,4.21875
TFT17_Bard,TFT_Item_Artifact_StatikkShiv,45,0.6222222222222222,4.266666666666667
TFT17_Bard,TFT_Item_BrambleVest,37,0.6216216216216216,4.324324324324325
TFT17_Bard,TFT_Item_Artifact_LichBane,47,0.6170212765957447,4.0212765957446805
TFT17_Bard,TFT_Item_Artifact_EternalPact,185,0.6162162162162163,3.891891891891892
TFT17_Bard,TFT_Item_Artifact_BlightingJewel,289,0.615916955017301,3.7301038062283736
TFT17_Bard,TFT_Item_ThiefsGloves,1402,0.6141226818830242,3.9236804564907275
TFT17_Bard,TFT_Item_GuardianAngel,179,0.6089385474860335,4.083798882681564
TFT17_Bard,TFTEvent5YR_Item_ShimmerscaleGoldmancersStaff,74,0.6081081081081081,3.8378378378378377
TFT17_Bard,TFT_Item_LastWhisper,391,0.6035805626598465,4.015345268542199
TFT17_Bard,TFT17_Item_PulsefireEmblemItem,191,0.6020942408376964,3.8795811518324608
TFT17_Bard,TFT17_Item_RangedTraitEmblemItem,446,0.600896860986547,3.9573991031390134
TFT17_Bard,TFT_Item_Artifact_Fishbones,10,0.6,3.6
TFT17_Bard,TFT_Item_ChainVest,5,0.6,2.6
TFT17_Bard,TFT_Item_Crownguard,55,0.6,4.1454545454545455
TFT17_Bard,TFT_Item_GargoyleStoneplate,45,0.6,4.0
TFT17_Bard,TFT_Item_Spatula,5,0.6,4.6
TFT17_Bard,TFT17_Item_PsyOps_ChemicalCapacitorMod,107,0.5981308411214953,3.94392523364486
TFT17_Bard,TFT9_Item_OrnnHorizonFocus,94,0.5957446808510638,3.872340425531915
TFT17_Bard,TFT_Item_Quicksilver,277,0.5956678700361011,4.007220216606498
TFT17_Bard,TFT_Item_Artifact_WitsEnd,22,0.5909090909090909,4.181818181818182
TFT17_Bard,TFT17_Item_PsyOps_TargetlockMod,90,0.5888888888888889,3.8666666666666667
TFT17_Bard,TFT5_Item_JeweledGauntletRadiant,136,0.5882352941176471,3.9926470588235294
TFT17_Bard,TFT4_Item_OrnnZhonyasParadox,84,0.5833333333333334,4.023809523809524
TFT17_Bard,TFT_Item_DragonsClaw,43,0.5813953488372093,4.1395348837209305
TFT17_Bard,TFT17_Item_PsyOps_SympatheticImplantMod,259,0.5752895752895753,4.084942084942085
TFT17_Bard,TFT17_Item_StargazerEmblemItem,341,0.5747800586510264,3.9912023460410557
TFT17_Bard,TFT_Item_RecurveBow,430,0.5744186046511628,4.297674418604651
TFT17_Bard,TFT17_Item_SummonTraitEmblemItem,364,0.5686813186813187,4.076923076923077
TFT17_Bard,TFT17_Item_ShieldTankEmblemItem,324,0.5648148148148148,4.2407407407407405
TFT17_Bard,TFT17_Item_MeleeTraitEmblemItem,34,0.5588235294117647,4.411764705882353
TFT17_Bard,TFT17_Item_SpaceGrooveEmblemItem,113,0.5575221238938053,4.469026548672566
TFT17_Bard,TFT5_Item_ThiefsGlovesRadiant,27,0.5555555555555556,4.37037037037037
TFT17_Bard,TFT_Item_Bloodthirster,71,0.5492957746478874,4.394366197183099
TFT17_Bard,TFT_Item_RunaansHurricane,121,0.5454545454545454,4.305785123966942
TFT17_Bard,TFT_Item_InfinityEdge,181,0.5414364640883977,4.375690607734807
TFT17_Bard,TFT17_AnimaSquadItem_Tier0_LeakyPrototype,84,0.5357142857142857,4.154761904761905
TFT17_Bard,TFT_Item_Deathblade,99,0.5252525252525253,4.373737373737374
TFT17_Bard,TFT_Item_TitansResolve,67,0.5223880597014925,4.567164179104478
TFT17_Bard,TFT17_AnimaSquadItem_Tier1_RocketSwarm,50,0.52,4.24
TFT17_Bard,TFT5_Item_GiantSlayerRadiant,25,0.52,4.28
TFT17_Bard,TFT_Item_IonicSpark,25,0.52,4.52
TFT17_Bard,TFT17_EkkoOffering_AnomalyItem,431,0.5197215777262181,4.375870069605568
TFT17_Bard,TFT_Item_NeedlesslyLargeRod,616,0.5194805194805194,4.5064935064935066
TFT17_Bard,TFT17_Item_ResistTankEmblemItem,54,0.5185185185185185,4.12962962962963
TFT17_Bard,TFT_Item_BFSword,133,0.5112781954887218,4.609022556390977
TFT17_Bard,TFT17_Item_ASTraitEmblemItem,51,0.5098039215686274,4.431372549019608
TFT17_Bard,TFT_Item_Artifact_CappaJuice,55,0.509090909090909,4.4
TFT17_Bard,TFT17_AnimaSquadItem_Tier1_SavageSlicer,8,0.5,4.0
TFT17_Bard,TFT17_Item_PsyOps_SympatheticImplantMod_Radiant,6,0.5,3.8333333333333335
TFT17_Bard,TFT4_Item_OrnnInfinityForce,26,0.5,4.5
TFT17_Bard,TFT4_Item_OrnnTheCollector,10,0.5,4.6
TFT17_Bard,TFT_Item_Artifact_LudensTempest,80,0.5,4.5375
TFT17_Bard,TFT_Item_Artifact_SeekersArmguard,32,0.5,4.34375
TFT17_Bard,TFT_Item_SpectralGauntlet,53,0.49056603773584906,4.811320754716981
TFT17_Bard,TFT_Item_TacticiansRing,51,0.49019607843137253,4.549019607843137
TFT17_Bard,TFT_Item_SparringGloves,210,0.4857142857142857,4.585714285714285
TFT17_Bard,TFT_Item_TearOfTheGoddess,476,0.4852941176470588,4.550420168067227
TFT17_Bard,TFT7_Item_ShimmerscaleGamblersBlade,75,0.48,4.333333333333333
TFT17_Bard,TFT17_Item_FavoredEmblemItem,86,0.47674418604651164,4.5813953488372094
TFT17_Bard,TFT17_Item_PsyOpsEmblemItem,150,0.4666666666666667,4.56
TFT17_Bard,TFT_Item_GuinsoosRageblade,710,0.4619718309859155,4.701408450704226
TFT17_Bard,TFT5_Item_LeviathanRadiant,24,0.4583333333333333,4.625
TFT17_Bard,TFT_Item_Artifact_Mittens,14,0.42857142857142855,4.785714285714286
TFT17_Bard,TFT_Item_Artifact_NavoriFlickerblades,14,0.42857142857142855,4.785714285714286
TFT17_Bard,TFT17_Item_Artifact_YasuoArtifact,5,0.4,5.6
TFT17_Bard,TFT5_Item_MorellonomiconRadiant,10,0.4,4.6
TFT17_Bard,TFT_Item_Artifact_TalismanOfAscension,33,0.3939393939393939,4.666666666666667
TFT17_Bard,TFT_Item_Artifact_Dawncore,50,0.38,4.78
TFT17_Bard,TFT17_Item_PsyOps_DroneMod_Radiant,8,0.375,5.375
TFT17_Bard,TFT_Item_Artifact_RapidFirecannon,20,0.35,5.25
TFT17_Bard,TFT17_AnimaSquadItem_Tier0_SparkingPrototype,47,0.3404255319148936,5.0638297872340425
TFT17_Bard,TFT17_Item_AnimaSquadEmblemItem,7,0.2857142857142857,5.428571428571429
TFT17_Bard,TFT17_Item_Artifact_EvelynnArtifact,11,0.2727272727272727,5.181818181818182
TFT17_Bard,TFT_Item_GiantsBelt,23,0.21739130434782608,5.913043478260869
TFT17_Bard,TFTEvent5YR_Item_ShimmerscaleCrownOfChampions,7,0.14285714285714285,5.571428571428571
TFT17_Belveth,TFT_Item_EmptyBag,99,0.9292929292929293,1.5454545454545454
TFT17_Belveth,TFT5_Item_SteraksGageRadiant,7,0.8571428571428571,3.857142857142857
TFT17_Belveth,TFT_Item_ForceOfNature,81,0.7037037037037037,3.6790123456790123
TFT17_Belveth,TFT5_Item_GuardianAngelRadiant,10,0.7,4.4
TFT17_Belveth,TFT_Item_Spatula,6,0.6666666666666666,3.6666666666666665
TFT17_Belveth,TFT17_Item_PsyOps_TargetlockMod,174,0.6436781609195402,3.8620689655172415
TFT17_Belveth,TFT5_Item_TitansResolveRadiant,11,0.6363636363636364,4.2727272727272725
TFT17_Belveth,TFT_Item_Artifact_TitanicHydra,82,0.6341463414634146,3.9634146341463414
TFT17_Belveth,TFT17_AnimaSquadItem_Tier1_RocketSwarm,24,0.625,3.8333333333333335
TFT17_Belveth,TFT_Item_Artifact_TalismanOfAscension,8,0.625,4.125
TFT17_Belveth,TFT4_Item_OrnnInfinityForce,78,0.6153846153846154,4.17948717948718
TFT17_Belveth,TFT_Item_Artifact_RapidFirecannon,139,0.60431654676259,4.122302158273381
TFT17_Belveth,TFT_Item_DragonsClaw,73,0.6027397260273972,4.136986301369863
TFT17_Belveth,TFT5_Item_BlueBuffRadiant,5,0.6,4.6
TFT17_Belveth,TFT5_Item_JeweledGauntletRadiant,5,0.6,4.2
TFT17_Belveth,TFT_Item_Artifact_LichBane,10,0.6,4.5
TFT17_Belveth,TFT_Item_Artifact_SeekersArmguard,10,0.6,3.8
TFT17_Belveth,TFT5_Item_ThiefsGlovesRadiant,59,0.5932203389830508,4.220338983050848
TFT17_Belveth,TFT_Item_TacticiansRing,174,0.5919540229885057,4.091954022988506
TFT17_Belveth,TFT_Item_Deathblade,1352,0.5887573964497042,4.164940828402367
TFT17_Belveth,TFT_Item_TearOfTheGoddess,65,0.5846153846153846,4.2
TFT17_Belveth,TFT_Item_PowerGauntlet,862,0.5823665893271461,4.184454756380511
TFT17_Belveth,TFT17_Item_ResistTankEmblemItem,79,0.5822784810126582,4.177215189873418
TFT17_Belveth,TFT_Item_Leviathan,123,0.5772357723577236,4.235772357723577
TFT17_Belveth,TFT_Item_GiantsBelt,33,0.5757575757575758,4.424242424242424
TFT17_Belveth,TFT_Item_BrambleVest,80,0.575,4.35
TFT17_Belveth,TFT_Item_MadredsBloodrazor,3208,0.57356608478803,4.232231920199501
TFT17_Belveth,TFT17_Item_HPTankEmblemItem,137,0.5693430656934306,4.240875912408759
TFT17_Belveth,TFT4_Item_OrnnTheCollector,16,0.5625,4.25
TFT17_Belveth,TFT_Item_AdaptiveHelm,150,0.56,4.4
TFT17_Belveth,TFT5_Item_GiantSlayerRadiant,52,0.5576923076923077,4.3076923076923075
TFT17_Belveth,TFT_Item_ChainVest,27,0.5555555555555556,4.333333333333333
TFT17_Belveth,TFT_Item_StatikkShiv,155,0.5548387096774193,4.335483870967742
TFT17_Belveth,TFT17_Item_FlexTraitEmblemItem,83,0.5542168674698795,4.240963855421687
TFT17_Belveth,TFT_Item_HextechGunblade,647,0.5533230293663061,4.332302936630603
TFT17_Belveth,TFT17_Item_PulsefireEmblemItem,113,0.5486725663716814,4.283185840707965
TFT17_Belveth,TFT_Item_ArchangelsStaff,114,0.543859649122807,4.508771929824562
TFT17_Belveth,TFT_Item_Redemption,70,0.5428571428571428,4.614285714285714
TFT17_Belveth,TFT_Item_RunaansHurricane,3259,0.5400429579625652,4.3786437557532984
TFT17_Belveth,TFT_Item_Artifact_Fishbones,50,0.54,4.22
TFT17_Belveth,TFT_Item_ThiefsGloves,1728,0.5393518518518519,4.404513888888889
TFT17_Belveth,TFT_Item_RedBuff,102,0.5392156862745098,4.382352941176471
TFT17_Belveth,TFT17_Item_AssassinTraitEmblemItem,260,0.5384615384615384,4.265384615384615
TFT17_Belveth,TFT_Item_Artifact_EternalPact,13,0.5384615384615384,4.538461538461538
TFT17_Belveth,TFT17_Item_PsyOps_SympatheticImplantMod,210,0.5380952380952381,4.195238095238095
TFT17_Belveth,TFTEvent5YR_Item_LavenderCrown,54,0.5370370370370371,4.407407407407407
TFT17_Belveth,TFT_Item_Artifact_HellfireHatchet,56,0.5357142857142857,4.446428571428571
TFT17_Belveth,TFT17_Item_Artifact_EvelynnArtifact,445,0.5348314606741573,4.346067415730337
TFT17_Belveth,TFT17_Item_PsyOps_ChemicalCapacitorMod,115,0.5304347826086957,4.3304347826086955
TFT17_Belveth,TFT_Item_Artifact_NavoriFlickerblades,51,0.5294117647058824,4.431372549019608
TFT17_Belveth,TFT_Item_JeweledGauntlet,104,0.5288461538461539,4.375
TFT17_Belveth,TFT17_Item_PsyOps_DroneMod,305,0.5278688524590164,4.39672131147541
TFT17_Belveth,TFT_Item_Crownguard,74,0.527027027027027,4.445945945945946
TFT17_Belveth,TFT_Item_Quicksilver,3854,0.5246497145822522,4.441878567721847
TFT17_Belveth,TFT_Item_GuardianAngel,834,0.5227817745803357,4.465227817745803
TFT17_Belveth,TFT_Item_FrozenHeart,67,0.5223880597014925,4.313432835820896
TFT17_Belveth,TFT_Item_SteraksGage,655,0.5221374045801527,4.534351145038168
TFT17_Belveth,TFT17_Item_Artifact_VarusArtifact,25,0.52,4.56
TFT17_Belveth,TFT17_Item_DarkStarEmblemItem,112,0.5178571428571429,4.625
TFT17_Belveth,TFT_Item_InfinityEdge,422,0.5165876777251185,4.454976303317536
TFT17_Belveth,TFT17_Item_DRXEmblemItem,625,0.5152,4.3968
TFT17_Belveth,TFT_Item_RapidFireCannon,532,0.5112781954887218,4.524436090225564
TFT17_Belveth,TFT17_Item_Artifact_YasuoArtifact,55,0.509090909090909,4.472727272727273
TFT17_Belveth,TFT_Item_NeedlesslyLargeRod,112,0.5089285714285714,4.544642857142857
TFT17_Belveth,TFT_Item_UnstableConcoction,942,0.5084925690021231,4.519108280254777
TFT17_Belveth,TFT17_Item_PsyOps_DroneMod_Radiant,8,0.5,5.375
TFT17_Belveth,TFT4_Item_OrnnDeathsDefiance,48,0.5,4.5625
TFT17_Belveth,TFT5_Item_LastWhisperRadiant,10,0.5,3.9
TFT17_Belveth,TFT5_Item_WarmogsArmorRadiant,6,0.5,4.5
TFT17_Belveth,TFT_Item_Artifact_CappaJuice,6,0.5,4.833333333333333
TFT17_Belveth,TFT17_Item_PsyOpsEmblemItem,176,0.48863636363636365,4.659090909090909
TFT17_Belveth,TFT_Item_TitansResolve,653,0.4885145482388974,4.6049004594180705
TFT17_Belveth,TFT17_EkkoOffering_AnomalyItem,78,0.48717948717948717,4.615384615384615
TFT17_Belveth,TFT_Item_LastWhisper,886,0.48419864559819414,4.6139954853273135
TFT17_Belveth,TFT_Item_Morellonomicon,237,0.4810126582278481,4.6118143459915615
TFT17_Belveth,TFT_Item_Artifact_Mittens,125,0.48,4.632
TFT17_Belveth,TFT_Item_NightHarvester,80,0.475,4.6625
TFT17_Belveth,TFT_Item_Bloodthirster,555,0.47387387387387386,4.636036036036036
TFT17_Belveth,TFT17_Item_AstronautEmblemItem,19,0.47368421052631576,4.7894736842105265
TFT17_Belveth,TFT_Item_SpectralGauntlet,122,0.4672131147540984,4.704918032786885
TFT17_Belveth,TFT_Item_GuinsoosRageblade,1158,0.45768566493955093,4.7504317789291886
TFT17_Belveth,TFT_Item_IonicSpark,57,0.45614035087719296,4.7894736842105265
TFT17_Belveth,TFT_Item_GargoyleStoneplate,66,0.45454545454545453,5.075757575757576
TFT17_Belveth,TFT_Item_SpearOfShojin,126,0.4523809523809524,4.674603174603175
TFT17_Belveth,TFT7_Item_ShimmerscaleGamblersBlade,49,0.4489795918367347,4.469387755102041
TFT17_Belveth,TFT17_Item_SummonTraitEmblemItem,38,0.4473684210526316,5.052631578947368
TFT17_Belveth,TFT_Item_BlueBuff,175,0.44571428571428573,4.788571428571428
TFT17_Belveth,TFT5_Item_HandOfJusticeRadiant,9,0.4444444444444444,4.777777777777778
TFT17_Belveth,TFTEvent5YR_Item_SevikasJinxedArm,39,0.4358974358974359,4.871794871794871
TFT17_Belveth,TFT_Item_Artifact_ProwlersClaw,37,0.43243243243243246,4.918918918918919
TFT17_Belveth,TFT_Item_WarmogsArmor,121,0.4297520661157025,4.950413223140496
TFT17_Belveth,TFT9_Item_OrnnHorizonFocus,14,0.42857142857142855,4.928571428571429
TFT17_Belveth,TFT_Item_Artifact_LudensTempest,7,0.42857142857142855,5.142857142857143
TFT17_Belveth,TFT_Item_RecurveBow,350,0.42857142857142855,4.84
TFT17_Belveth,TFT_Item_RabadonsDeathcap,103,0.42718446601941745,4.834951456310679
TFT17_Belveth,TFT17_AnimaSquadItem_Tier0_SparkingPrototype,81,0.41975308641975306,5.074074074074074
TFT17_Belveth,TFT17_AnimaSquadItem_Tier1_SavageSlicer,31,0.41935483870967744,5.129032258064516
TFT17_Belveth,TFT5_Item_RunaansHurricaneRadiant,24,0.4166666666666667,4.958333333333333
TFT17_Belveth,TFT17_Item_StargazerEmblemItem,133,0.41353383458646614,5.075187969924812
TFT17_Belveth,TFT17_Item_FavoredEmblemItem,75,0.41333333333333333,4.96
TFT17_Belveth,TFT_Item_Artifact_WitsEnd,46,0.41304347826086957,4.891304347826087
TFT17_Belveth,TFT_Item_SparringGloves,207,0.4106280193236715,4.9855072463768115
TFT17_Belveth,TFT17_Item_Artifact_EkkoArtifact,5,0.4,5.6
TFT17_Belveth,TFT17_Item_ShieldTankEmblemItem,5,0.4,5.8
TFT17_Belveth,TFT5_Item_DeathbladeRadiant,10,0.4,4.7
TFT17_Belveth,TFT5_Item_NightHarvesterRadiant,5,0.4,4.2
TFT17_Belveth,TFTEvent5YR_Item_GlacialMallet,25,0.4,5.04
TFT17_Belveth,TFT17_AnimaSquadItem_Tier0_LeakyPrototype,13,0.38461538461538464,5.230769230769231
TFT17_Belveth,TFT17_AnimaSquadItem_Tier1_GuidingHex,26,0.38461538461538464,5.115384615384615
TFT17_Belveth,TFT_Item_NegatronCloak,52,0.38461538461538464,5.326923076923077
TFT17_Belveth,TFT_Item_BFSword,336,0.38392857142857145,5.145833333333333
TFT17_Belveth,TFT17_Item_SpaceGrooveEmblemItem,49,0.3673469387755102,5.326530612244898
TFT17_Belveth,TFT17_Item_AnimaSquadEmblemItem,66,0.36363636363636365,5.212121212121212
TFT17_Belveth,TFT17_Item_RangedTraitEmblemItem,94,0.3617021276595745,5.053191489361702
TFT17_Belveth,TFT5_Item_TrapClawRadiant,6,0.3333333333333333,6.333333333333333
TFT17_Belveth,TFT5_Item_QuicksilverRadiant,19,0.3157894736842105,5.473684210526316
TFT17_Belveth,TFT17_AnimaSquadItem_Tier0_ClunkyPrototype,7,0.2857142857142857,5.285714285714286
TFT17_Belveth,TFT17_Item_Artifact_AhriArtifact,11,0.2727272727272727,5.545454545454546
TFT17_Belveth,TFT_Item_Artifact_StatikkShiv,20,0.25,5.45
TFT17_Belveth,TFT_Item_Artifact_BlightingJewel,13,0.15384615384615385,6.384615384615385
TFT17_Belveth,TFTEvent5YR_Item_ShimmerscaleDravensAxe,20,0.15,6.4
TFT17_Belveth,TFTEvent5YR_Item_ShimmerscaleGoldmancersStaff,12,0.08333333333333333,6.5
TFT17_Blitzcrank,TFT_Item_EmptyBag,2885,0.9708838821490468,1.2478336221837087
TFT17_Blitzcrank,TFT17_AnimaSquadItem_Tier2_RadiantField,11,0.8181818181818182,2.6363636363636362
TFT17_Blitzcrank,TFT17_AnimaSquadItem_Tier2_Annihilator,27,0.8148148148148148,2.5185185185185186
TFT17_Blitzcrank,TFT17_AnimaSquadItem_Tier2_EchoingBatblades,5,0.8,3.2
TFT17_Blitzcrank,TFT5_Item_AdaptiveHelmRadiant,32,0.78125,3.4375
TFT17_Blitzcrank,TFTEvent5YR_Item_LavenderCrown,27,0.7777777777777778,3.3703703703703702
TFT17_Blitzcrank,TFT17_Item_PsyOps_TargetlockMod_Radiant,13,0.7692307692307693,3.0
TFT17_Blitzcrank,TFTEvent5YR_Item_GlacialMallet,21,0.7619047619047619,3.5238095238095237
TFT17_Blitzcrank,TFT5_Item_WarmogsArmorRadiant,23,0.7391304347826086,3.4347826086956523
TFT17_Blitzcrank,TFT_Item_Artifact_VoidGauntlet,15,0.7333333333333333,3.6
TFT17_Blitzcrank,TFT_Item_SpearOfShojin,5111,0.7290158481706124,3.275092936802974
TFT17_Blitzcrank,TFT17_Item_Artifact_EkkoArtifact,33,0.7272727272727273,3.303030303030303
TFT17_Blitzcrank,TFTEvent5YR_Item_ShimmerscaleDravensAxe,11,0.7272727272727273,3.4545454545454546
TFT17_Blitzcrank,TFT17_AnimaSquadItem_Tier2_SearingShortbow,18,0.7222222222222222,3.111111111111111
TFT17_Blitzcrank,TFT17_AnimaSquadItem_Tier2_CyclonicSlicers,68,0.7205882352941176,2.9411764705882355
TFT17_Blitzcrank,TFT_Item_RabadonsDeathcap,6807,0.7188188629352138,3.367562802996915
TFT17_Blitzcrank,TFT_Item_Crownguard,5838,0.7168550873586845,3.3542309009934907
TFT17_Blitzcrank,TFT17_Item_Artifact_AhriArtifact,66,0.7121212121212122,3.5303030303030303
TFT17_Blitzcrank,TFT_Item_AdaptiveHelm,5939,0.711567603973733,3.3887859909075604
TFT17_Blitzcrank,TFT_Item_ForceOfNature,31,0.7096774193548387,3.4193548387096775
TFT17_Blitzcrank,TFT17_Item_PsyOps_ChemicalCapacitorMod,103,0.7087378640776699,3.4563106796116503
TFT17_Blitzcrank,TFT4_Item_OrnnDeathsDefiance,113,0.7079646017699115,3.566371681415929
TFT17_Blitzcrank,TFT5_Item_HextechGunbladeRadiant,27,0.7037037037037037,3.0
TFT17_Blitzcrank,TFT17_Item_PsyOps_DroneMod,204,0.7009803921568627,3.450980392156863
TFT17_Blitzcrank,TFT_Item_JeweledGauntlet,9528,0.6993073047858942,3.4605373635600336
TFT17_Blitzcrank,TFT_Item_UnstableConcoction,5570,0.6958707360861759,3.469120287253142
TFT17_Blitzcrank,TFT_Item_HextechGunblade,3068,0.6945893089960886,3.4889178617992176
TFT17_Blitzcrank,TFTEvent5YR_Item_SevikasJinxedArm,68,0.6911764705882353,3.426470588235294
TFT17_Blitzcrank,TFT7_Item_ShimmerscaleGamblersBlade,99,0.6868686868686869,3.3333333333333335
TFT17_Blitzcrank,TFT_Item_ArchangelsStaff,2568,0.6865264797507789,3.498442367601246
TFT17_Blitzcrank,TFT_Item_MadredsBloodrazor,5003,0.6853887667399561,3.533879672196682
TFT17_Blitzcrank,TFT_Item_TacticiansRing,38,0.6842105263157895,3.5789473684210527
TFT17_Blitzcrank,TFT_Item_BlueBuff,2721,0.6817346563763322,3.5093715545755235
TFT17_Blitzcrank,TFT_Item_Artifact_StatikkShiv,50,0.68,3.64
TFT17_Blitzcrank,TFT_Item_PowerGauntlet,3599,0.6774103917754932,3.566268407891081
TFT17_Blitzcrank,TFT_Item_Morellonomicon,6047,0.6760377046469324,3.5822722010914503
TFT17_Blitzcrank,TFT17_AnimaSquadItem_Tier1_GuidingHex,182,0.6758241758241759,3.5164835164835164
TFT17_Blitzcrank,TFT5_Item_StatikkShivRadiant,37,0.6756756756756757,3.8378378378378377
TFT17_Blitzcrank,TFT_Item_Leviathan,2271,0.6750330250990753,3.6309995596653457
TFT17_Blitzcrank,TFT_Item_IonicSpark,5056,0.6700949367088608,3.5721914556962027
TFT17_Blitzcrank,TFT17_Item_PsyOps_DroneMod_Radiant,6,0.6666666666666666,3.3333333333333335
TFT17_Blitzcrank,TFT17_Item_PsyOps_GrenadeMod_Radiant,6,0.6666666666666666,4.833333333333333
TFT17_Blitzcrank,TFT5_Item_SunfireCapeRadiant,21,0.6666666666666666,3.7142857142857144
TFT17_Blitzcrank,TFT5_Item_TrapClawRadiant,27,0.6666666666666666,3.8518518518518516
TFT17_Blitzcrank,TFTEvent5YR_Item_ShimmerscaleCrownOfChampions,9,0.6666666666666666,4.222222222222222
TFT17_Blitzcrank,TFT_Item_Artifact_NavoriFlickerblades,18,0.6666666666666666,4.0
TFT17_Blitzcrank,TFT_Item_StatikkShiv,6028,0.6652289316522894,3.6337093563370937
TFT17_Blitzcrank,TFT7_Item_ShimmerscaleMogulsMail,53,0.660377358490566,4.018867924528302
TFT17_Blitzcrank,TFT_Item_RapidFireCannon,3664,0.6596615720524017,3.6632096069868996
TFT17_Blitzcrank,TFT_Item_Artifact_AegisOfDusk,29,0.6551724137931034,3.896551724137931
TFT17_Blitzcrank,TFT17_Item_PsyOps_SympatheticImplantMod,197,0.6548223350253807,3.6091370558375635
TFT17_Blitzcrank,TFT17_Item_StargazerEmblemItem,2164,0.6548059149722736,3.5457486136783736
TFT17_Blitzcrank,TFT_Item_FrozenHeart,3140,0.654140127388535,3.696815286624204
TFT17_Blitzcrank,TFT_Item_Quicksilver,2034,0.6494591937069814,3.7325467059980335
TFT17_Blitzcrank,TFT_Item_Bloodthirster,4705,0.6478214665249734,3.740701381509033
TFT17_Blitzcrank,TFT_Item_Artifact_WitsEnd,164,0.6463414634146342,3.6951219512195124
TFT17_Blitzcrank,TFT5_Item_MorellonomiconRadiant,39,0.6410256410256411,3.5128205128205128
TFT17_Blitzcrank,TFT17_Item_PsyOps_TargetlockMod,119,0.6386554621848739,3.7058823529411766
TFT17_Blitzcrank,TFT4_Item_OrnnInfinityForce,179,0.6368715083798883,3.7094972067039107
TFT17_Blitzcrank,TFT_Item_ThiefsGloves,19630,0.634538970962812,3.731940906775344
TFT17_Blitzcrank,TFT_Item_NightHarvester,1512,0.6302910052910053,3.8604497354497354
TFT17_Blitzcrank,TFT_Item_SpectralGauntlet,1324,0.6261329305135952,3.882930513595166
TFT17_Blitzcrank,TFT17_Item_FlexTraitEmblemItem,483,0.6231884057971014,3.8260869565217392
TFT17_Blitzcrank,TFTEvent5YR_Item_ShimmerscaleGoldmancersStaff,53,0.6226415094339622,3.6792452830188678
TFT17_Blitzcrank,TFT_Item_Artifact_Mittens,106,0.6226415094339622,3.943396226415094
TFT17_Blitzcrank,TFT_Item_RedBuff,2967,0.6225143242332323,3.822716548702393
TFT17_Blitzcrank,TFT_Item_Artifact_LichBane,45,0.6222222222222222,3.7111111111111112
TFT17_Blitzcrank,TFT17_Item_PsyOps_GrenadeMod,82,0.6219512195121951,4.012195121951219
TFT17_Blitzcrank,TFT5_Item_ThiefsGlovesRadiant,613,0.6215334420880914,3.699836867862969
TFT17_Blitzcrank,TFT5_Item_ArchangelsStaffRadiant,29,0.6206896551724138,3.7586206896551726
TFT17_Blitzcrank,TFT17_EkkoOffering_AnomalyItem,1504,0.620345744680851,3.7905585106382977
TFT17_Blitzcrank,TFT5_Item_SteraksGageRadiant,34,0.6176470588235294,3.9411764705882355
TFT17_Blitzcrank,TFT_Item_Artifact_TalismanOfAscension,83,0.6144578313253012,3.855421686746988
TFT17_Blitzcrank,TFT5_Item_BrambleVestRadiant,36,0.6111111111111112,3.9444444444444446
TFT17_Blitzcrank,TFT17_Item_DarkStarEmblemItem,1247,0.6110665597433841,3.858059342421812
TFT17_Blitzcrank,TFT17_Item_ResistTankEmblemItem,653,0.6110260336906586,3.8575803981623276
TFT17_Blitzcrank,TFT17_Item_DRXEmblemItem,330,0.6090909090909091,3.8424242424242423
TFT17_Blitzcrank,TFT17_Item_RangedTraitEmblemItem,808,0.6089108910891089,3.797029702970297
TFT17_Blitzcrank,TFT17_Item_PsyOpsEmblemItem,526,0.6083650190114068,3.8897338403041823
TFT17_Blitzcrank,TFT17_Item_Artifact_ThreshLantern,61,0.6065573770491803,3.721311475409836
TFT17_Blitzcrank,TFT5_Item_LeviathanRadiant,33,0.6060606060606061,3.878787878787879
TFT17_Blitzcrank,TFT_Item_BrambleVest,1186,0.6053962900505903,4.007588532883642
TFT17_Blitzcrank,TFT_Item_Artifact_BlightingJewel,76,0.6052631578947368,3.8421052631578947
TFT17_Blitzcrank,TFT17_Item_AstronautEmblemItem,422,0.6018957345971564,3.9668246445497632
TFT17_Blitzcrank,TFT5_Item_RapidFirecannonRadiant,20,0.6,3.45
TFT17_Blitzcrank,TFT_Item_Artifact_CappaJuice,10,0.6,3.9
TFT17_Blitzcrank,TFT_Item_Artifact_HellfireHatchet,50,0.6,4.3
TFT17_Blitzcrank,TFT_Item_DragonsClaw,1145,0.5991266375545852,4.022707423580786
TFT17_Blitzcrank,TFT17_Item_PrimordianEmblemItem,99,0.5959595959595959,3.9494949494949494
TFT17_Blitzcrank,TFT_Item_Artifact_LudensTempest,69,0.5942028985507246,3.971014492753623
TFT17_Blitzcrank,TFT5_Item_HandOfJusticeRadiant,32,0.59375,4.28125
TFT17_Blitzcrank,TFT5_Item_TitansResolveRadiant,32,0.59375,4.0
TFT17_Blitzcrank,TFT_Item_Artifact_EternalPact,64,0.59375,3.609375
TFT17_Blitzcrank,TFT_Item_InfinityEdge,871,0.5935706084959816,4.025258323765787
TFT17_Blitzcrank,TFT4_Item_OrnnZhonyasParadox,162,0.5925925925925926,3.7901234567901234
TFT17_Blitzcrank,TFT17_Item_AssassinTraitEmblemItem,565,0.5893805309734513,4.010619469026548
TFT17_Blitzcrank,TFT17_Item_SummonTraitEmblemItem,679,0.5891016200294551,4.0500736377025035
TFT17_Blitzcrank,TFT_Item_LastWhisper,1234,0.5883306320907618,4.115072933549433
TFT17_Blitzcrank,TFT17_Item_HPTankEmblemItem,267,0.5880149812734082,3.947565543071161
TFT17_Blitzcrank,TFT_Item_TitansResolve,2174,0.5873965041398344,4.031278748850046
TFT17_Blitzcrank,TFT17_Item_Artifact_EvelynnArtifact,104,0.5865384615384616,4.1923076923076925
TFT17_Blitzcrank,TFT_Item_WarmogsArmor,2034,0.5855457227138643,4.079646017699115
TFT17_Blitzcrank,TFT5_Item_DeathbladeRadiant,24,0.5833333333333334,4.083333333333333
TFT17_Blitzcrank,TFT_Item_GuardianAngel,2587,0.58252802473908,4.115964437572478
TFT17_Blitzcrank,TFT_Item_Redemption,1347,0.5812917594654788,4.0794357832219745
TFT17_Blitzcrank,TFT_Item_Artifact_TitanicHydra,31,0.5806451612903226,4.225806451612903
TFT17_Blitzcrank,TFT_Item_SteraksGage,1448,0.580110497237569,4.119475138121547
TFT17_Blitzcrank,TFT_Item_Artifact_SeekersArmguard,235,0.5787234042553191,3.893617021276596
TFT17_Blitzcrank,TFT_Item_GuinsoosRageblade,1938,0.5779153766769866,4.084623323013416
TFT17_Blitzcrank,TFT5_Item_GargoyleStoneplateRadiant,33,0.5757575757575758,4.0606060606060606
TFT17_Blitzcrank,TFT_Item_BFSword,219,0.5753424657534246,4.351598173515982
TFT17_Blitzcrank,TFT17_Item_PulsefireEmblemItem,362,0.5718232044198895,4.013812154696133
TFT17_Blitzcrank,TFT17_AnimaSquadItem_Tier0_SparkingPrototype,118,0.5677966101694916,4.169491525423729
TFT17_Blitzcrank,TFT_Item_RunaansHurricane,1082,0.5674676524953789,4.17467652495379
TFT17_Blitzcrank,TFT9_Item_OrnnHullbreaker,67,0.5671641791044776,4.08955223880597
TFT17_Blitzcrank,TFT_Item_GargoyleStoneplate,1359,0.5658572479764533,4.220014716703458
TFT17_Blitzcrank,TFT_Item_Artifact_LightshieldCrest,23,0.5652173913043478,4.173913043478261
TFT17_Blitzcrank,TFT_Item_Artifact_RapidFirecannon,46,0.5652173913043478,4.065217391304348
TFT17_Blitzcrank,TFT5_Item_CrownguardRadiant,32,0.5625,4.3125
TFT17_Blitzcrank,TFT17_AnimaSquadItem_Tier1_TentacleSlam,61,0.5573770491803278,4.032786885245901
TFT17_Blitzcrank,TFT17_Item_Artifact_SorakaArtifact,27,0.5555555555555556,4.074074074074074
TFT17_Blitzcrank,TFT17_AnimaSquadItem_Tier0_ClunkyPrototype,128,0.5546875,4.2421875
TFT17_Blitzcrank,TFT_Item_TearOfTheGoddess,571,0.553415061295972,4.224168126094571
TFT17_Blitzcrank,TFT5_Item_JeweledGauntletRadiant,47,0.5531914893617021,4.319148936170213
TFT17_Blitzcrank,TFT5_Item_DragonsClawRadiant,29,0.5517241379310345,4.241379310344827
TFT17_Blitzcrank,TFT4_Item_OrnnTheCollector,20,0.55,4.0
TFT17_Blitzcrank,TFT5_Item_SpearOfShojinRadiant,42,0.5476190476190477,4.404761904761905
TFT17_Blitzcrank,TFT_Item_RecurveBow,384,0.546875,4.28125
TFT17_Blitzcrank,TFT_Item_Deathblade,1156,0.5467128027681661,4.284602076124568
TFT17_Blitzcrank,TFT17_AnimaSquadItem_Tier2_BattleBunnyCrossbow,11,0.5454545454545454,4.818181818181818
TFT17_Blitzcrank,TFT5_Item_GiantSlayerRadiant,44,0.5454545454545454,4.090909090909091
TFT17_Blitzcrank,TFT17_Item_ASTraitEmblemItem,223,0.5426008968609866,4.233183856502242
TFT17_Blitzcrank,TFT_Item_NegatronCloak,343,0.5393586005830904,4.36734693877551
TFT17_Blitzcrank,TFT5_Item_SpectralGauntletRadiant,30,0.5333333333333333,4.4
TFT17_Blitzcrank,TFT_Item_Artifact_TheIndomitable,15,0.5333333333333333,4.466666666666667
TFT17_Blitzcrank,TFT_Item_NeedlesslyLargeRod,780,0.5333333333333333,4.282051282051282
TFT17_Blitzcrank,TFT_Item_Artifact_ProwlersClaw,58,0.5172413793103449,4.362068965517241
TFT17_Blitzcrank,TFT17_Item_MeleeTraitEmblemItem,167,0.5149700598802395,4.491017964071856
TFT17_Blitzcrank,TFT5_Item_BlueBuffRadiant,43,0.5116279069767442,4.046511627906977
TFT17_Blitzcrank,TFT_Item_SparringGloves,418,0.5047846889952153,4.411483253588517
TFT17_Blitzcrank,TFT17_AnimaSquadItem_Tier2_IceblastArmor,6,0.5,4.333333333333333
TFT17_Blitzcrank,TFT17_AnimaSquadItem_Tier2_LionessLament,12,0.5,4.25
TFT17_Blitzcrank,TFT17_Item_PsyOps_ChemicalCapacitorMod_Radiant,8,0.5,4.0
TFT17_Blitzcrank,TFT5_Item_FrozenHeartRadiant,32,0.5,4.4375
TFT17_Blitzcrank,TFT5_Item_InfinityEdgeRadiant,20,0.5,4.55
TFT17_Blitzcrank,TFT_Item_Artifact_Dawncore,28,0.5,4.464285714285714
TFT17_Blitzcrank,TFT_Item_Artifact_SilvermereDawn,12,0.5,5.166666666666667
TFT17_Blitzcrank,TFT5_Item_RabadonsDeathcapRadiant,49,0.4897959183673469,4.387755102040816
TFT17_Blitzcrank,TFT17_AnimaSquadItem_Tier0_LeakyPrototype,237,0.48945147679324896,4.443037974683544
TFT17_Blitzcrank,TFT17_Item_FavoredEmblemItem,354,0.4887005649717514,4.5141242937853105
TFT17_Blitzcrank,TFT5_Item_LastWhisperRadiant,33,0.48484848484848486,4.545454545454546
TFT17_Blitzcrank,TFT5_Item_GuinsoosRagebladeRadiant,31,0.4838709677419355,4.516129032258065
TFT17_Blitzcrank,TFT5_Item_QuicksilverRadiant,29,0.4827586206896552,4.551724137931035
TFT17_Blitzcrank,TFT_Item_GiantsBelt,433,0.48036951501154734,4.658198614318707
TFT17_Blitzcrank,TFT5_Item_GuardianAngelRadiant,25,0.48,3.96
TFT17_Blitzcrank,TFT17_Item_Artifact_YasuoArtifact,21,0.47619047619047616,4.809523809523809
TFT17_Blitzcrank,TFT5_Item_RunaansHurricaneRadiant,42,0.47619047619047616,4.690476190476191
TFT17_Blitzcrank,TFT5_Item_BloodthirsterRadiant,40,0.475,4.55
TFT17_Blitzcrank,TFT17_AnimaSquadItem_Tier1_RocketSwarm,51,0.47058823529411764,4.333333333333333
TFT17_Blitzcrank,TFT_Item_Artifact_AegisOfDawn,17,0.47058823529411764,4.705882352941177
TFT17_Blitzcrank,TFT5_Item_IonicSparkRadiant,32,0.46875,4.3125
TFT17_Blitzcrank,TFT17_Item_Artifact_VarusArtifact,28,0.4642857142857143,4.571428571428571
TFT17_Blitzcrank,TFT17_Item_AnimaSquadEmblemItem,154,0.461038961038961,4.87012987012987
TFT17_Blitzcrank,TFT_Item_Spatula,9,0.4444444444444444,5.111111111111111
TFT17_Blitzcrank,TFT_Item_ChainVest,316,0.439873417721519,4.724683544303797
TFT17_Blitzcrank,TFT5_Item_NightHarvesterRadiant,36,0.4166666666666667,4.888888888888889
TFT17_Blitzcrank,TFT5_Item_RedemptionRadiant,24,0.4166666666666667,4.875
TFT17_Blitzcrank,TFT17_AnimaSquadItem_Tier1_SavageSlicer,82,0.4146341463414634,4.646341463414634
TFT17_Blitzcrank,TFT17_Item_PsyOps_SympatheticImplantMod_Radiant,5,0.4,5.4
TFT17_Blitzcrank,TFT9_Item_OrnnHorizonFocus,18,0.3888888888888889,5.055555555555555
TFT17_Blitzcrank,TFT_Item_Artifact_Fishbones,14,0.21428571428571427,5.357142857142857
TFT17_Briar,TFT_Item_EmptyBag,32,0.9375,1.625
TFT17_Briar,TFT17_Item_PsyOps_DroneMod,5,0.8,4.2
TFT17_Briar,TFT5_Item_BloodthirsterRadiant,16,0.75,3.0
TFT17_Briar,TFT_Item_ForceOfNature,8,0.75,3.375
TFT17_Briar,TFT17_AnimaSquadItem_Tier0_LeakyPrototype,7,0.7142857142857143,3.857142857142857
TFT17_Briar,TFT17_Item_FlexTraitEmblemItem,24,0.7083333333333334,3.3333333333333335
TFT17_Briar,TFT5_Item_TitansResolveRadiant,43,0.6744186046511628,3.9767441860465116
TFT17_Briar,TFT17_Item_PsyOps_SympatheticImplantMod,6,0.6666666666666666,5.166666666666667
TFT17_Briar,TFT5_Item_SteraksGageRadiant,24,0.625,3.625
TFT17_Briar,TFT17_Item_PsyOpsEmblemItem,18,0.6111111111111112,4.611111111111111
TFT17_Briar,TFT_Item_Artifact_RapidFirecannon,5,0.6,4.0
TFT17_Briar,TFT_Item_RabadonsDeathcap,35,0.6,4.257142857142857
TFT17_Briar,TFT_Item_Artifact_HellfireHatchet,45,0.5777777777777777,4.155555555555556
TFT17_Briar,TFT_Item_TacticiansRing,7,0.5714285714285714,3.142857142857143
TFT17_Briar,TFT_Item_Artifact_ProwlersClaw,41,0.5609756097560976,4.414634146341464
TFT17_Briar,TFT_Item_FrozenHeart,41,0.5609756097560976,4.682926829268292
TFT17_Briar,TFT_Item_PowerGauntlet,95,0.5473684210526316,4.4
TFT17_Briar,TFT17_Item_DRXEmblemItem,87,0.5287356321839081,4.551724137931035
TFT17_Briar,TFT_Item_WarmogsArmor,61,0.5245901639344263,4.754098360655738
TFT17_Briar,TFT_Item_ThiefsGloves,605,0.5223140495867769,4.502479338842975
TFT17_Briar,TFT_Item_HextechGunblade,113,0.5221238938053098,4.451327433628318
TFT17_Briar,TFT17_AnimaSquadItem_Tier0_SparkingPrototype,27,0.5185185185185185,4.518518518518518
TFT17_Briar,TFT_Item_Crownguard,31,0.5161290322580645,4.387096774193548
TFT17_Briar,TFT_Item_SteraksGage,1722,0.5104529616724739,4.480836236933798
TFT17_Briar,TFT_Item_Artifact_TitanicHydra,57,0.5087719298245614,4.368421052631579
TFT17_Briar,TFT_Item_Deathblade,147,0.5034013605442177,4.530612244897959
TFT17_Briar,TFT_Item_TitansResolve,1770,0.5022598870056497,4.511299435028248
TFT17_Briar,TFT4_Item_OrnnDeathsDefiance,66,0.5,4.363636363636363
TFT17_Briar,TFT_Item_JeweledGauntlet,34,0.5,4.794117647058823
TFT17_Briar,TFT_Item_RapidFireCannon,60,0.5,4.75
TFT17_Briar,TFT_Item_SpearOfShojin,55,0.4909090909090909,4.5636363636363635
TFT17_Briar,TFT_Item_AdaptiveHelm,51,0.49019607843137253,4.588235294117647
TFT17_Briar,TFT_Item_BlueBuff,51,0.49019607843137253,4.7254901960784315
TFT17_Briar,TFT17_Item_HPTankEmblemItem,100,0.49,4.53
TFT17_Briar,TFT_Item_LastWhisper,86,0.4883720930232558,4.651162790697675
TFT17_Briar,TFT_Item_SparringGloves,43,0.4883720930232558,4.8604651162790695
TFT17_Briar,TFT_Item_Bloodthirster,1729,0.4875650665124349,4.585887796414112
TFT17_Briar,TFT_Item_DragonsClaw,29,0.4827586206896552,4.896551724137931
TFT17_Briar,TFT5_Item_ThiefsGlovesRadiant,25,0.48,4.96
TFT17_Briar,TFT17_Item_ASTraitEmblemItem,161,0.4782608695652174,4.832298136645963
TFT17_Briar,TFT_Item_MadredsBloodrazor,230,0.47391304347826085,4.708695652173913
TFT17_Briar,TFT_Item_UnstableConcoction,430,0.4697674418604651,4.67906976744186
TFT17_Briar,TFT17_EkkoOffering_AnomalyItem,49,0.46938775510204084,4.530612244897959
TFT17_Briar,TFT17_Item_DarkStarEmblemItem,32,0.46875,4.75
TFT17_Briar,TFT4_Item_OrnnInfinityForce,47,0.46808510638297873,4.659574468085107
TFT17_Briar,TFT17_Item_ResistTankEmblemItem,26,0.46153846153846156,4.923076923076923
TFT17_Briar,TFT_Item_Redemption,20,0.45,4.7
TFT17_Briar,TFT_Item_RedBuff,65,0.4461538461538462,4.676923076923077
TFT17_Briar,TFT17_AnimaSquadItem_Tier0_ClunkyPrototype,9,0.4444444444444444,4.444444444444445
TFT17_Briar,TFT_Item_Quicksilver,205,0.43902439024390244,4.829268292682927
TFT17_Briar,TFT_Item_Leviathan,39,0.4358974358974359,4.794871794871795
TFT17_Briar,TFT_Item_GuardianAngel,269,0.4312267657992565,4.925650557620818
TFT17_Briar,TFT_Item_InfinityEdge,109,0.43119266055045874,4.935779816513762
TFT17_Briar,TFT_Item_Artifact_Fishbones,7,0.42857142857142855,4.571428571428571
TFT17_Briar,TFT_Item_SpectralGauntlet,82,0.4268292682926829,4.914634146341464
TFT17_Briar,TFT_Item_ArchangelsStaff,38,0.42105263157894735,5.2368421052631575
TFT17_Briar,TFT17_Item_Artifact_EvelynnArtifact,24,0.4166666666666667,5.291666666666667
TFT17_Briar,TFT17_Item_MeleeTraitEmblemItem,92,0.41304347826086957,5.184782608695652
TFT17_Briar,TFT_Item_StatikkShiv,51,0.4117647058823529,4.647058823529412
TFT17_Briar,TFT_Item_IonicSpark,27,0.4074074074074074,4.814814814814815
TFT17_Briar,TFT_Item_Artifact_SilvermereDawn,5,0.4,5.2
TFT17_Briar,TFTEvent5YR_Item_LavenderCrown,28,0.39285714285714285,5.0
TFT17_Briar,TFT_Item_Morellonomicon,36,0.3888888888888889,5.305555555555555
TFT17_Briar,TFT_Item_BrambleVest,44,0.38636363636363635,4.954545454545454
TFT17_Briar,TFT17_Item_RangedTraitEmblemItem,13,0.38461538461538464,5.461538461538462
TFT17_Briar,TFTEvent5YR_Item_ShimmerscaleDravensAxe,13,0.38461538461538464,5.076923076923077
TFT17_Briar,TFTEvent5YR_Item_SevikasJinxedArm,21,0.38095238095238093,5.0
TFT17_Briar,TFT17_Item_StargazerEmblemItem,35,0.37142857142857144,5.257142857142857
TFT17_Briar,TFT17_Item_AstronautEmblemItem,19,0.3684210526315789,5.315789473684211
TFT17_Briar,TFT17_Item_SpaceGrooveEmblemItem,19,0.3684210526315789,5.631578947368421
TFT17_Briar,TFT_Item_NightHarvester,39,0.358974358974359,5.0
TFT17_Briar,TFTEvent5YR_Item_ShimmerscaleGoldmancersStaff,6,0.3333333333333333,5.5
TFT17_Briar,TFT_Item_GuinsoosRageblade,111,0.3333333333333333,5.441441441441442
TFT17_Briar,TFT_Item_NegatronCloak,15,0.3333333333333333,5.733333333333333
TFT17_Briar,TFT17_AnimaSquadItem_Tier1_SavageSlicer,300,0.33,5.553333333333334
TFT17_Briar,TFT_Item_RunaansHurricane,77,0.3246753246753247,5.441558441558442
TFT17_Briar,TFT17_Item_ShieldTankEmblemItem,13,0.3076923076923077,6.153846153846154
TFT17_Briar,TFT_Item_GargoyleStoneplate,46,0.30434782608695654,5.434782608695652
TFT17_Briar,TFT_Item_Artifact_SeekersArmguard,10,0.3,5.4
TFT17_Briar,TFT_Item_RecurveBow,58,0.29310344827586204,5.724137931034483
TFT17_Briar,TFT17_Item_SummonTraitEmblemItem,14,0.2857142857142857,5.571428571428571
TFT17_Briar,TFT_Item_Artifact_Mittens,14,0.2857142857142857,5.0
TFT17_Briar,TFT17_Item_FavoredEmblemItem,30,0.26666666666666666,5.8
TFT17_Briar,TFT4_Item_OrnnTheCollector,8,0.25,6.125
TFT17_Briar,TFT_Item_NeedlesslyLargeRod,24,0.25,5.75
TFT17_Briar,TFT_Item_TearOfTheGoddess,16,0.25,6.3125
TFT17_Briar,TFT_Item_Artifact_WitsEnd,9,0.2222222222222222,5.111111111111111
TFT17_Briar,TFT_Item_GiantsBelt,33,0.21212121212121213,6.151515151515151
TFT17_Briar,TFT_Item_BFSword,58,0.20689655172413793,6.172413793103448
TFT17_Briar,TFT9_Item_OrnnHullbreaker,10,0.2,5.9
TFT17_Briar,TFT_Item_ChainVest,17,0.17647058823529413,6.470588235294118
TFT17_Briar,TFT17_Item_PulsefireEmblemItem,22,0.13636363636363635,6.545454545454546
TFT17_Briar,TFTEvent5YR_Item_GlacialMallet,16,0.125,6.3125
TFT17_Briar,TFT17_AnimaSquadItem_Tier2_CyclonicSlicers,5,0.0,7.2
TFT17_Caitlyn,TFT_Item_EmptyBag,11,0.9090909090909091,1.5454545454545454
TFT17_Caitlyn,TFT_Item_BrambleVest,6,0.8333333333333334,3.3333333333333335
TFT17_Caitlyn,TFT_Item_Artifact_TitanicHydra,9,0.7777777777777778,4.222222222222222
TFT17_Caitlyn,TFT_Item_ForceOfNature,17,0.7647058823529411,3.176470588235294
TFT17_Caitlyn,TFT9_Item_CrownOfDemacia,15,0.7333333333333333,3.466666666666667
TFT17_Caitlyn,TFT5_Item_GuinsoosRagebladeRadiant,7,0.7142857142857143,3.7142857142857144
TFT17_Caitlyn,TFT17_Item_FlexTraitEmblemItem,13,0.6923076923076923,4.076923076923077
TFT17_Caitlyn,TFT17_Item_AstronautEmblemItem,6,0.6666666666666666,3.8333333333333335
TFT17_Caitlyn,TFTEvent5YR_Item_MaestrosBaton,53,0.660377358490566,4.0
TFT17_Caitlyn,TFT17_Item_RangedTraitEmblemItem,16,0.625,4.1875
TFT17_Caitlyn,TFT_Item_JeweledGauntlet,21,0.6190476190476191,4.761904761904762
TFT17_Caitlyn,TFT5_Item_GiantSlayerRadiant,7,0.5714285714285714,3.5714285714285716
TFT17_Caitlyn,TFT_Item_SpectralGauntlet,7,0.5714285714285714,5.142857142857143
TFT17_Caitlyn,TFT_Item_WarmogsArmor,16,0.5625,4.1875
TFT17_Caitlyn,TFT_Item_UnstableConcoction,86,0.5581395348837209,4.186046511627907
TFT17_Caitlyn,TFT17_EkkoOffering_AnomalyItem,53,0.5471698113207547,4.320754716981132
TFT17_Caitlyn,TFT_Item_RabadonsDeathcap,11,0.5454545454545454,4.454545454545454
TFT17_Caitlyn,TFT_Item_Quicksilver,164,0.5304878048780488,4.4939024390243905
TFT17_Caitlyn,TFT_Item_InfinityEdge,401,0.5112219451371571,4.600997506234414
TFT17_Caitlyn,TFT_Item_ThiefsGloves,191,0.5026178010471204,4.701570680628272
TFT17_Caitlyn,TFT17_Item_PulsefireEmblemItem,22,0.5,4.636363636363637
TFT17_Caitlyn,TFT5_Item_ThiefsGlovesRadiant,6,0.5,4.666666666666667
TFT17_Caitlyn,TFT_Item_AdaptiveHelm,16,0.5,4.4375
TFT17_Caitlyn,TFT_Item_HextechGunblade,152,0.5,4.546052631578948
TFT17_Caitlyn,TFT_Item_RunaansHurricane,598,0.4983277591973244,4.586956521739131
TFT17_Caitlyn,TFT_Item_MadredsBloodrazor,715,0.4979020979020979,4.502097902097902
TFT17_Caitlyn,TFT_Item_GuinsoosRageblade,1460,0.48356164383561645,4.6363013698630136
TFT17_Caitlyn,TFT_Item_StatikkShiv,25,0.48,4.64
TFT17_Caitlyn,TFT_Item_PowerGauntlet,567,0.47619047619047616,4.652557319223986
TFT17_Caitlyn,TFT_Item_Deathblade,950,0.47368421052631576,4.62
TFT17_Caitlyn,TFT_Item_LastWhisper,171,0.47368421052631576,4.760233918128655
TFT17_Caitlyn,TFT_Item_RapidFireCannon,351,0.46438746438746437,4.8262108262108265
TFT17_Caitlyn,TFT_Item_TitansResolve,26,0.46153846153846156,4.576923076923077
TFT17_Caitlyn,TFT17_Item_AssassinTraitEmblemItem,42,0.4523809523809524,4.571428571428571
TFT17_Caitlyn,TFT_Item_Artifact_Fishbones,27,0.4444444444444444,4.666666666666667
TFT17_Caitlyn,TFT17_Item_Artifact_VarusArtifact,25,0.44,4.72
TFT17_Caitlyn,TFT_Item_Artifact_NavoriFlickerblades,32,0.4375,4.65625
TFT17_Caitlyn,TFT_Item_GuardianAngel,23,0.43478260869565216,4.913043478260869
TFT17_Caitlyn,TFT_Item_GargoyleStoneplate,7,0.42857142857142855,4.857142857142857
TFT17_Caitlyn,TFT17_Item_StargazerEmblemItem,238,0.42016806722689076,4.88655462184874
TFT17_Caitlyn,TFT_Item_Morellonomicon,31,0.41935483870967744,5.064516129032258
TFT17_Caitlyn,TFTEvent5YR_Item_SevikasJinxedArm,12,0.4166666666666667,4.583333333333333
TFT17_Caitlyn,TFT_Item_Artifact_RapidFirecannon,12,0.4166666666666667,5.083333333333333
TFT17_Caitlyn,TFT_Item_Leviathan,29,0.41379310344827586,4.862068965517241
TFT17_Caitlyn,TFT17_Item_Artifact_YasuoArtifact,45,0.4,5.133333333333334
TFT17_Caitlyn,TFT17_Item_PsyOpsEmblemItem,5,0.4,4.8
TFT17_Caitlyn,TFT5_Item_RunaansHurricaneRadiant,5,0.4,5.6
TFT17_Caitlyn,TFT9_Item_OrnnHorizonFocus,10,0.4,5.2
TFT17_Caitlyn,TFT_Item_Artifact_HellfireHatchet,5,0.4,5.2
TFT17_Caitlyn,TFT_Item_BlueBuff,20,0.4,5.3
TFT17_Caitlyn,TFT_Item_SpearOfShojin,25,0.4,5.12
TFT17_Caitlyn,TFT_Item_TacticiansRing,15,0.4,5.133333333333334
TFT17_Caitlyn,TFT17_Item_ASTraitEmblemItem,23,0.391304347826087,4.956521739130435
TFT17_Caitlyn,TFT_Item_SparringGloves,67,0.3880597014925373,5.373134328358209
TFT17_Caitlyn,TFTEvent5YR_Item_ShimmerscaleDravensAxe,49,0.3877551020408163,4.63265306122449
TFT17_Caitlyn,TFT17_Item_DarkStarEmblemItem,13,0.38461538461538464,5.076923076923077
TFT17_Caitlyn,TFT7_Item_ShimmerscaleGamblersBlade,26,0.38461538461538464,4.884615384615385
TFT17_Caitlyn,TFT_Item_TearOfTheGoddess,8,0.375,5.5
TFT17_Caitlyn,TFT_Item_DragonsClaw,6,0.3333333333333333,5.333333333333333
TFT17_Caitlyn,TFT_Item_BFSword,85,0.3176470588235294,5.5058823529411764
TFT17_Caitlyn,TFTEvent5YR_Item_ShimmerscaleCrownOfChampions,13,0.3076923076923077,5.846153846153846
TFT17_Caitlyn,TFTEvent5YR_Item_GlacialMallet,17,0.29411764705882354,5.352941176470588
TFT17_Caitlyn,TFT_Item_NeedlesslyLargeRod,14,0.2857142857142857,5.214285714285714
TFT17_Caitlyn,TFT_Item_SteraksGage,14,0.2857142857142857,5.357142857142857
TFT17_Caitlyn,TFT_Item_RecurveBow,80,0.275,5.5875
TFT17_Caitlyn,TFT17_Item_MeleeTraitEmblemItem,11,0.2727272727272727,5.2727272727272725
TFT17_Caitlyn,TFT_Item_Bloodthirster,15,0.26666666666666666,5.733333333333333
TFT17_Caitlyn,TFT17_Item_ResistTankEmblemItem,12,0.25,5.583333333333333
TFT17_Caitlyn,TFT4_Item_OrnnTheCollector,18,0.2222222222222222,5.611111111111111
TFT17_Caitlyn,TFT_Item_NegatronCloak,5,0.2,6.6
TFT17_Caitlyn,TFT_Item_FrozenHeart,7,0.14285714285714285,6.0
TFT17_Caitlyn,TFTEvent5YR_Item_ShimmerscaleGoldmancersStaff,8,0.125,6.25
TFT17_Caitlyn,TFT_Item_ArchangelsStaff,6,0.0,6.5
TFT17_Chogath,TFT_Item_EmptyBag,12,0.75,3.0
TFT17_Chogath,TFT_Item_ForceOfNature,15,0.7333333333333333,3.466666666666667
TFT17_Chogath,TFT17_Item_AssassinTraitEmblemItem,11,0.7272727272727273,3.5454545454545454
TFT17_Chogath,TFT5_Item_SunfireCapeRadiant,11,0.7272727272727273,3.727272727272727
TFT17_Chogath,TFT4_Item_OrnnZhonyasParadox,7,0.7142857142857143,3.5714285714285716
TFT17_Chogath,TFT5_Item_CrownguardRadiant,7,0.7142857142857143,3.4285714285714284
TFT17_Chogath,TFT_Item_TacticiansRing,13,0.6923076923076923,3.769230769230769
TFT17_Chogath,TFT17_AnimaSquadItem_Tier0_ClunkyPrototype,12,0.6666666666666666,4.0
TFT17_Chogath,TFT5_Item_BrambleVestRadiant,11,0.6363636363636364,4.2727272727272725
TFT17_Chogath,TFT_Item_GuardianAngel,29,0.6206896551724138,4.0344827586206895
TFT17_Chogath,TFT5_Item_FrozenHeartRadiant,31,0.6129032258064516,4.0
TFT17_Chogath,TFT17_Item_PsyOps_GrenadeMod,52,0.5961538461538461,4.096153846153846
TFT17_Chogath,TFT5_Item_RedemptionRadiant,68,0.5735294117647058,3.8823529411764706
TFT17_Chogath,TFT17_Item_PulsefireEmblemItem,98,0.5714285714285714,4.346938775510204
TFT17_Chogath,TFT_Item_PowerGauntlet,35,0.5714285714285714,4.571428571428571
TFT17_Chogath,TFT_Item_RecurveBow,14,0.5714285714285714,3.7857142857142856
TFT17_Chogath,TFT_Item_BrambleVest,1536,0.5703125,4.087239583333333
TFT17_Chogath,TFT17_Item_DRXEmblemItem,76,0.5657894736842105,4.276315789473684
TFT17_Chogath,TFT17_Item_Artifact_SorakaArtifact,469,0.5565031982942431,4.202558635394456
TFT17_Chogath,TFT5_Item_WarmogsArmorRadiant,85,0.5529411764705883,4.152941176470589
TFT17_Chogath,TFT_Item_WarmogsArmor,4102,0.5504631886884447,4.19892735251097
TFT17_Chogath,TFT_Item_FrozenHeart,3495,0.5484978540772533,4.208583690987124
TFT17_Chogath,TFT_Item_Crownguard,1615,0.5411764705882353,4.2365325077399385
TFT17_Chogath,TFTEvent5YR_Item_LavenderCrown,61,0.5409836065573771,4.19672131147541
TFT17_Chogath,TFTEvent5YR_Item_SevikasJinxedArm,13,0.5384615384615384,4.538461538461538
TFT17_Chogath,TFT17_Item_FavoredEmblemItem,67,0.5373134328358209,4.597014925373134
TFT17_Chogath,TFT17_Item_FlexTraitEmblemItem,82,0.5365853658536586,4.2317073170731705
TFT17_Chogath,TFT_Item_Artifact_SilvermereDawn,43,0.5348837209302325,4.093023255813954
TFT17_Chogath,TFT17_Item_PrimordianEmblemItem,283,0.5300353356890459,4.3674911660777385
TFT17_Chogath,TFT_Item_Artifact_TheIndomitable,200,0.53,4.045
TFT17_Chogath,TFT_Item_RunaansHurricane,36,0.5277777777777778,4.222222222222222
TFT17_Chogath,TFT_Item_UnstableConcoction,19,0.5263157894736842,4.2105263157894735
TFT17_Chogath,TFT_Item_ArchangelsStaff,42,0.5238095238095238,4.523809523809524
TFT17_Chogath,TFT_Item_Redemption,4393,0.518324607329843,4.339403596631004
TFT17_Chogath,TFT17_Item_ResistTankEmblemItem,60,0.5166666666666667,4.4
TFT17_Chogath,TFT_Item_Deathblade,35,0.5142857142857142,4.628571428571429
TFT17_Chogath,TFT_Item_GargoyleStoneplate,4463,0.5126596459780417,4.408469639256106
TFT17_Chogath,TFT_Item_SteraksGage,172,0.5116279069767442,4.47093023255814
TFT17_Chogath,TFT_Item_Artifact_AegisOfDawn,88,0.5113636363636364,4.409090909090909
TFT17_Chogath,TFT17_Item_ShieldTankEmblemItem,251,0.5099601593625498,4.410358565737051
TFT17_Chogath,TFT17_Item_SpaceGrooveEmblemItem,57,0.5087719298245614,4.350877192982456
TFT17_Chogath,TFT_Item_NightHarvester,1006,0.5059642147117296,4.407554671968191
TFT17_Chogath,TFT17_Item_PsyOps_SympatheticImplantMod,6,0.5,4.5
TFT17_Chogath,TFT5_Item_AdaptiveHelmRadiant,12,0.5,4.333333333333333
TFT17_Chogath,TFT5_Item_GargoyleStoneplateRadiant,40,0.5,4.475
TFT17_Chogath,TFT_Item_Artifact_TalismanOfAscension,112,0.5,4.401785714285714
TFT17_Chogath,TFT_Item_Artifact_WitsEnd,6,0.5,4.5
TFT17_Chogath,TFT_Item_Morellonomicon,24,0.5,4.416666666666667
TFT17_Chogath,TFT_Item_RapidFireCannon,28,0.5,4.357142857142857
TFT17_Chogath,TFT_Item_SpectralGauntlet,621,0.499194847020934,4.455716586151369
TFT17_Chogath,TFT_Item_DragonsClaw,1457,0.49759780370624573,4.457789979409746
TFT17_Chogath,TFT17_EkkoOffering_AnomalyItem,521,0.4894433781190019,4.43953934740883
TFT17_Chogath,TFT_Item_TitansResolve,82,0.4878048780487805,4.451219512195122
TFT17_Chogath,TFT_Item_ThiefsGloves,427,0.48711943793911006,4.571428571428571
TFT17_Chogath,TFT_Item_IonicSpark,795,0.48427672955974843,4.548427672955975
TFT17_Chogath,TFT_Item_BlueBuff,27,0.48148148148148145,4.407407407407407
TFT17_Chogath,TFT5_Item_DragonsClawRadiant,23,0.4782608695652174,4.608695652173913
TFT17_Chogath,TFT17_Item_PsyOpsEmblemItem,44,0.4772727272727273,4.840909090909091
TFT17_Chogath,TFT_Item_InfinityEdge,19,0.47368421052631576,5.0
TFT17_Chogath,TFT_Item_AdaptiveHelm,1183,0.4691462383770076,4.6018596787827555
TFT17_Chogath,TFT_Item_GuinsoosRageblade,32,0.46875,4.84375
TFT17_Chogath,TFT_Item_LastWhisper,32,0.46875,4.6875
TFT17_Chogath,TFT17_Item_SummonTraitEmblemItem,75,0.4666666666666667,4.533333333333333
TFT17_Chogath,TFT17_Item_Artifact_ThreshLantern,104,0.46153846153846156,4.6826923076923075
TFT17_Chogath,TFT17_Item_MeleeTraitEmblemItem,13,0.46153846153846156,4.230769230769231
TFT17_Chogath,TFT7_Item_ShimmerscaleMogulsMail,99,0.45454545454545453,4.696969696969697
TFT17_Chogath,TFT_Item_RedBuff,1430,0.45384615384615384,4.641958041958042
TFT17_Chogath,TFT_Item_Artifact_VoidGauntlet,108,0.4537037037037037,4.712962962962963
TFT17_Chogath,TFT9_Item_OrnnHullbreaker,67,0.44776119402985076,4.522388059701493
TFT17_Chogath,TFT_Item_StatikkShiv,36,0.4444444444444444,4.583333333333333
TFT17_Chogath,TFT_Item_Leviathan,25,0.44,5.04
TFT17_Chogath,TFT17_Item_StargazerEmblemItem,73,0.4383561643835616,4.561643835616438
TFT17_Chogath,TFT_Item_Bloodthirster,60,0.43333333333333335,4.633333333333334
TFT17_Chogath,TFT_Item_NeedlesslyLargeRod,37,0.43243243243243246,4.918918918918919
TFT17_Chogath,TFT4_Item_OrnnDeathsDefiance,7,0.42857142857142855,5.428571428571429
TFT17_Chogath,TFT_Item_Artifact_AegisOfDusk,67,0.417910447761194,4.895522388059701
TFT17_Chogath,TFT9_Item_CrownOfDemacia,207,0.41545893719806765,4.666666666666667
TFT17_Chogath,TFT_Item_Artifact_TitanicHydra,22,0.4090909090909091,4.545454545454546
TFT17_Chogath,TFT17_Item_AnimaSquadEmblemItem,93,0.40860215053763443,4.913978494623656
TFT17_Chogath,TFT_Item_HextechGunblade,28,0.39285714285714285,5.142857142857143
TFT17_Chogath,TFT_Item_SpearOfShojin,18,0.3888888888888889,5.222222222222222
TFT17_Chogath,TFT_Item_ChainVest,150,0.38666666666666666,5.1066666666666665
TFT17_Chogath,TFT_Item_Artifact_LightshieldCrest,65,0.38461538461538464,4.753846153846154
TFT17_Chogath,TFT5_Item_ThiefsGlovesRadiant,8,0.375,5.75
TFT17_Chogath,TFTEvent5YR_Item_ShimmerscaleCrownOfChampions,8,0.375,5.375
TFT17_Chogath,TFT_Item_GiantsBelt,244,0.3729508196721312,5.278688524590164
TFT17_Chogath,TFT_Item_JeweledGauntlet,27,0.37037037037037035,5.333333333333333
TFT17_Chogath,TFT_Item_MadredsBloodrazor,22,0.36363636363636365,4.7727272727272725
TFT17_Chogath,TFT_Item_SparringGloves,11,0.36363636363636365,5.181818181818182
TFT17_Chogath,TFT_Item_NegatronCloak,141,0.3617021276595745,5.404255319148936
TFT17_Chogath,TFT17_AnimaSquadItem_Tier1_TentacleSlam,12,0.3333333333333333,4.583333333333333
TFT17_Chogath,TFT17_Item_ASTraitEmblemItem,12,0.3333333333333333,5.25
TFT17_Chogath,TFT4_Item_OrnnInfinityForce,6,0.3333333333333333,5.0
TFT17_Chogath,TFT_Item_RabadonsDeathcap,27,0.3333333333333333,5.2592592592592595
TFT17_Chogath,TFT_Item_Artifact_SeekersArmguard,19,0.3157894736842105,5.631578947368421
TFT17_Chogath,TFTEvent5YR_Item_GlacialMallet,7,0.2857142857142857,5.571428571428571
TFT17_Chogath,TFT_Item_TearOfTheGoddess,39,0.28205128205128205,5.6923076923076925
TFT17_Chogath,TFT_Item_BFSword,8,0.25,5.75
TFT17_Chogath,TFT17_Item_AstronautEmblemItem,58,0.2413793103448276,5.724137931034483
TFT17_Chogath,TFT5_Item_NightHarvesterRadiant,5,0.2,6.2
TFT17_Chogath,TFT_Item_Quicksilver,24,0.16666666666666666,5.833333333333333
TFT17_Corki,TFT_Item_EmptyBag,57,0.9298245614035088,1.5789473684210527
TFT17_Corki,TFT_Item_Artifact_Mittens,5,0.8,3.8
TFT17_Corki,TFT17_AnimaSquadItem_Tier2_BattleBunnyCrossbow,290,0.7206896551724138,3.2482758620689656
TFT17_Corki,TFT17_AnimaSquadItem_Tier2_Annihilator,65,0.6923076923076923,3.6
TFT17_Corki,TFT_Item_ForceOfNature,13,0.6923076923076923,3.4615384615384617
TFT17_Corki,TFT_Item_ArchangelsStaff,31,0.6774193548387096,3.838709677419355
TFT17_Corki,TFT17_AnimaSquadItem_Tier2_EchoingBatblades,110,0.6727272727272727,3.481818181818182
TFT17_Corki,TFT17_AnimaSquadItem_Tier2_SearingShortbow,9,0.6666666666666666,3.7777777777777777
TFT17_Corki,TFT_Item_Artifact_RapidFirecannon,26,0.6538461538461539,4.230769230769231
TFT17_Corki,TFT17_Item_Artifact_EkkoArtifact,32,0.625,4.46875
TFT17_Corki,TFT_Item_WarmogsArmor,21,0.6190476190476191,3.9047619047619047
TFT17_Corki,TFT5_Item_ThiefsGlovesRadiant,26,0.6153846153846154,4.0
TFT17_Corki,TFT4_Item_OrnnTheCollector,669,0.600896860986547,4.052316890881913
TFT17_Corki,TFT9_Item_OrnnHorizonFocus,253,0.6007905138339921,4.16205533596838
TFT17_Corki,TFT17_AnimaSquadItem_Tier1_SavageSlicer,15,0.6,4.4
TFT17_Corki,TFT17_Item_AnimaSquadEmblemItem,5,0.6,4.0
TFT17_Corki,TFT17_Item_FavoredEmblemItem,5,0.6,4.0
TFT17_Corki,TFT5_Item_GiantSlayerRadiant,195,0.6,4.220512820512821
TFT17_Corki,TFT_Item_Artifact_LudensTempest,55,0.6,4.290909090909091
TFT17_Corki,TFT17_AnimaSquadItem_Tier2_UwuBlaster,102,0.5980392156862745,3.803921568627451
TFT17_Corki,TFT_Item_Artifact_SilvermereDawn,509,0.5913555992141454,4.178781925343811
TFT17_Corki,TFT_Item_DragonsClaw,17,0.5882352941176471,4.0588235294117645
TFT17_Corki,TFTEvent5YR_Item_MaestrosBaton,12,0.5833333333333334,4.416666666666667
TFT17_Corki,TFT_Item_NightHarvester,24,0.5833333333333334,4.125
TFT17_Corki,TFT_Item_Artifact_WitsEnd,7,0.5714285714285714,3.857142857142857
TFT17_Corki,TFT5_Item_DeathbladeRadiant,1322,0.5574886535552194,4.350983358547655
TFT17_Corki,TFT_Item_Artifact_Fishbones,520,0.5557692307692308,4.2711538461538465
TFT17_Corki,TFT17_Item_PsyOps_ChemicalCapacitorMod,9,0.5555555555555556,4.222222222222222
TFT17_Corki,TFT_Item_IonicSpark,9,0.5555555555555556,4.333333333333333
TFT17_Corki,TFT17_Item_AssassinTraitEmblemItem,3409,0.5470812555001466,4.314461718979173
TFT17_Corki,TFT17_Item_Artifact_VarusArtifact,322,0.5434782608695652,4.431677018633541
TFT17_Corki,TFT9_Item_CrownOfDemacia,98,0.5408163265306123,4.459183673469388
TFT17_Corki,TFT5_Item_TrapClawRadiant,234,0.5384615384615384,4.568376068376068
TFT17_Corki,TFT_Item_ThiefsGloves,530,0.5377358490566038,4.266037735849056
TFT17_Corki,TFT_Item_Artifact_CappaJuice,160,0.5375,4.35
TFT17_Corki,TFT_Item_UnstableConcoction,463,0.5356371490280778,4.347732181425486
TFT17_Corki,TFT_Item_SteraksGage,210,0.5333333333333333,4.319047619047619
TFT17_Corki,TFT17_Item_FlexTraitEmblemItem,187,0.5240641711229946,4.229946524064171
TFT17_Corki,TFT5_Item_LastWhisperRadiant,63,0.5238095238095238,4.73015873015873
TFT17_Corki,TFT_Item_Deathblade,25151,0.5188262892131525,4.473937417995308
TFT17_Corki,TFT_Item_MadredsBloodrazor,6374,0.5180420458111076,4.4394414810166305
TFT17_Corki,TFT_Item_HextechGunblade,721,0.5173370319001387,4.470180305131762
TFT17_Corki,TFT_Item_BlueBuff,2862,0.5157232704402516,4.454926624737945
TFT17_Corki,TFT_Item_PowerGauntlet,15029,0.514871248918757,4.491782553729457
TFT17_Corki,TFTEvent5YR_Item_ShimmerscaleDravensAxe,35,0.5142857142857142,4.257142857142857
TFT17_Corki,TFT_Item_AdaptiveHelm,247,0.5141700404858299,4.502024291497976
TFT17_Corki,TFT5_Item_BlueBuffRadiant,39,0.5128205128205128,4.717948717948718
TFT17_Corki,TFT5_Item_InfinityEdgeRadiant,81,0.5061728395061729,4.567901234567901
TFT17_Corki,TFT_Item_LastWhisper,23939,0.5056184468858348,4.530974560340867
TFT17_Corki,TFT_Item_GuardianAngel,149,0.5033557046979866,4.3355704697986575
TFT17_Corki,TFT17_AnimaSquadItem_Tier1_GuidingHex,14,0.5,5.214285714285714
TFT17_Corki,TFT17_Item_Artifact_AhriArtifact,8,0.5,4.375
TFT17_Corki,TFT5_Item_HextechGunbladeRadiant,6,0.5,4.666666666666667
TFT17_Corki,TFTEvent5YR_Item_GlacialMallet,12,0.5,4.416666666666667
TFT17_Corki,TFT_Item_Artifact_TitanicHydra,16,0.5,4.4375
TFT17_Corki,TFT_Item_FrozenHeart,32,0.5,4.3125
TFT17_Corki,TFT17_Item_MeleeTraitEmblemItem,70,0.4857142857142857,4.7
TFT17_Corki,TFT17_Item_StargazerEmblemItem,233,0.48497854077253216,4.515021459227468
TFT17_Corki,TFT17_Item_RangedTraitEmblemItem,414,0.4830917874396135,4.570048309178744
TFT17_Corki,TFT_Item_InfinityEdge,3157,0.48210326259106745,4.564459930313589
TFT17_Corki,TFT_Item_RunaansHurricane,574,0.4808362369337979,4.594076655052265
TFT17_Corki,TFT17_Item_ResistTankEmblemItem,44,0.4772727272727273,4.840909090909091
TFT17_Corki,TFT_Item_SpearOfShojin,1604,0.4763092269326683,4.618453865336658
TFT17_Corki,TFT17_Item_DRXEmblemItem,71,0.4647887323943662,4.563380281690141
TFT17_Corki,TFT17_Item_PulsefireEmblemItem,285,0.45614035087719296,4.726315789473684
TFT17_Corki,TFT_Item_RapidFireCannon,1749,0.4556889651229274,4.690680388793596
TFT17_Corki,TFT_Item_Leviathan,188,0.4521276595744681,4.75531914893617
TFT17_Corki,TFT_Item_Bloodthirster,73,0.4520547945205479,4.589041095890411
TFT17_Corki,TFT7_Item_ShimmerscaleGamblersBlade,27,0.4444444444444444,4.62962962962963
TFT17_Corki,TFTEvent5YR_Item_SevikasJinxedArm,18,0.4444444444444444,4.944444444444445
TFT17_Corki,TFT_Item_BrambleVest,21,0.42857142857142855,4.333333333333333
TFT17_Corki,TFT_Item_Redemption,14,0.42857142857142855,4.357142857142857
TFT17_Corki,TFT_Item_Quicksilver,331,0.4229607250755287,4.933534743202417
TFT17_Corki,TFT_Item_GargoyleStoneplate,24,0.4166666666666667,5.0
TFT17_Corki,TFT17_Item_PsyOpsEmblemItem,29,0.41379310344827586,4.793103448275862
TFT17_Corki,TFT_Item_RedBuff,22,0.4090909090909091,4.954545454545454
TFT17_Corki,TFT_Item_GiantsBelt,15,0.4,5.866666666666666
TFT17_Corki,TFT_Item_Crownguard,23,0.391304347826087,5.173913043478261
TFT17_Corki,TFT_Item_Artifact_TalismanOfAscension,18,0.3888888888888889,5.111111111111111
TFT17_Corki,TFT4_Item_OrnnInfinityForce,67,0.3880597014925373,5.029850746268656
TFT17_Corki,TFT_Item_TearOfTheGoddess,78,0.38461538461538464,5.1923076923076925
TFT17_Corki,TFT_Item_GuinsoosRageblade,471,0.3821656050955414,5.123142250530786
TFT17_Corki,TFT17_Item_PsyOps_TargetlockMod,8,0.375,5.5
TFT17_Corki,TFT_Item_JeweledGauntlet,72,0.375,5.194444444444445
TFT17_Corki,TFT_Item_SpectralGauntlet,19,0.3684210526315789,4.947368421052632
TFT17_Corki,TFT17_Item_SpaceGrooveEmblemItem,11,0.36363636363636365,5.454545454545454
TFT17_Corki,TFT5_Item_SpearOfShojinRadiant,11,0.36363636363636365,5.636363636363637
TFT17_Corki,TFT_Item_TitansResolve,66,0.36363636363636365,5.196969696969697
TFT17_Corki,TFT_Item_Artifact_Dawncore,31,0.3548387096774194,5.258064516129032
TFT17_Corki,TFT17_Item_ASTraitEmblemItem,34,0.35294117647058826,4.911764705882353
TFT17_Corki,TFT_Item_NeedlesslyLargeRod,29,0.3448275862068966,5.103448275862069
TFT17_Corki,TFT_Item_Morellonomicon,441,0.3401360544217687,5.292517006802721
TFT17_Corki,TFT17_EkkoOffering_AnomalyItem,131,0.33587786259541985,5.3816793893129775
TFT17_Corki,TFT17_Item_DarkStarEmblemItem,43,0.32558139534883723,5.046511627906977
TFT17_Corki,TFT_Item_StatikkShiv,126,0.3253968253968254,5.277777777777778
TFT17_Corki,TFT_Item_RabadonsDeathcap,44,0.3181818181818182,5.25
TFT17_Corki,TFT17_AnimaSquadItem_Tier0_SparkingPrototype,16,0.3125,5.875
TFT17_Corki,TFT17_Item_Artifact_EvelynnArtifact,16,0.3125,5.5
TFT17_Corki,TFT_Item_Artifact_ProwlersClaw,13,0.3076923076923077,5.3076923076923075
TFT17_Corki,TFT17_Item_Artifact_YasuoArtifact,52,0.28846153846153844,5.173076923076923
TFT17_Corki,TFT_Item_BFSword,296,0.28040540540540543,5.675675675675675
TFT17_Corki,TFT_Item_SparringGloves,192,0.2760416666666667,5.838541666666667
TFT17_Corki,TFT17_AnimaSquadItem_Tier1_RocketSwarm,88,0.26136363636363635,5.988636363636363
TFT17_Corki,TFT5_Item_RapidFirecannonRadiant,12,0.25,5.25
TFT17_Corki,TFT_Item_Artifact_HellfireHatchet,12,0.25,6.25
TFT17_Corki,TFT_Item_RecurveBow,183,0.24043715846994534,5.814207650273224
TFT17_Corki,TFT_Item_Artifact_NavoriFlickerblades,26,0.23076923076923078,5.6923076923076925
TFT17_Corki,TFT17_Item_PsyOps_DroneMod,10,0.2,5.7
TFT17_Corki,TFTEvent5YR_Item_ShimmerscaleCrownOfChampions,10,0.2,5.1
TFT17_Corki,TFT17_Item_SummonTraitEmblemItem,13,0.15384615384615385,6.384615384615385
TFT17_Corki,TFT17_Item_PsyOps_SympatheticImplantMod,8,0.125,5.75
TFT17_Corki,TFT_Item_NegatronCloak,5,0.0,7.4
TFT17_Corki,TFT_Item_TacticiansRing,9,0.0,6.222222222222222
TFT17_Diana,TFT_Item_EmptyBag,23,0.8260869565217391,2.4782608695652173
TFT17_Diana,TFT_Item_TacticiansRing,5,0.8,3.4
TFT17_Diana,TFT5_Item_HextechGunbladeRadiant,8,0.75,3.375
TFT17_Diana,TFT_Item_Artifact_TitanicHydra,12,0.75,3.5833333333333335
TFT17_Diana,TFT17_AnimaSquadItem_Tier0_ClunkyPrototype,11,0.6363636363636364,4.090909090909091
TFT17_Diana,TFT5_Item_SteraksGageRadiant,5,0.6,4.0
TFT17_Diana,TFT17_AnimaSquadItem_Tier2_CyclonicSlicers,39,0.5897435897435898,3.8974358974358974
TFT17_Diana,TFT_Item_Artifact_WitsEnd,228,0.5745614035087719,4.144736842105263
TFT17_Diana,TFT17_Item_PsyOps_SympatheticImplantMod,7,0.5714285714285714,4.571428571428571
TFT17_Diana,TFT5_Item_GiantSlayerRadiant,7,0.5714285714285714,4.0
TFT17_Diana,TFT_Item_Artifact_NavoriFlickerblades,83,0.5421686746987951,4.228915662650603
TFT17_Diana,TFT_Item_Redemption,41,0.5365853658536586,4.609756097560975
TFT17_Diana,TFT17_AnimaSquadItem_Tier0_LeakyPrototype,15,0.5333333333333333,4.066666666666666
TFT17_Diana,TFT17_Item_RangedTraitEmblemItem,17,0.5294117647058824,4.411764705882353
TFT17_Diana,TFT_Item_SpearOfShojin,63,0.5238095238095238,4.666666666666667
TFT17_Diana,TFT4_Item_OrnnDeathsDefiance,75,0.52,4.48
TFT17_Diana,TFT4_Item_OrnnZhonyasParadox,135,0.5185185185185185,4.37037037037037
TFT17_Diana,TFT_Item_RedBuff,82,0.5121951219512195,4.548780487804878
TFT17_Diana,TFT5_Item_ThiefsGlovesRadiant,53,0.5094339622641509,4.471698113207547
TFT17_Diana,TFT_Item_Artifact_RapidFirecannon,71,0.5070422535211268,4.52112676056338
TFT17_Diana,TFT_Item_GuardianAngel,833,0.5018007202881153,4.5870348139255706
TFT17_Diana,TFT17_Item_Artifact_VarusArtifact,8,0.5,3.875
TFT17_Diana,TFT17_Item_PrimordianEmblemItem,14,0.5,4.571428571428571
TFT17_Diana,TFT17_Item_ResistTankEmblemItem,82,0.5,4.658536585365853
TFT17_Diana,TFT5_Item_GargoyleStoneplateRadiant,6,0.5,4.166666666666667
TFT17_Diana,TFT5_Item_HandOfJusticeRadiant,10,0.5,5.2
TFT17_Diana,TFT_Item_Artifact_BlightingJewel,16,0.5,4.4375
TFT17_Diana,TFT_Item_Artifact_HellfireHatchet,12,0.5,4.25
TFT17_Diana,TFT_Item_Artifact_SeekersArmguard,267,0.49812734082397003,4.573033707865169
TFT17_Diana,TFT17_Item_DRXEmblemItem,55,0.4909090909090909,4.836363636363636
TFT17_Diana,TFT_Item_RabadonsDeathcap,342,0.4853801169590643,4.5701754385964914
TFT17_Diana,TFT_Item_Artifact_Mittens,93,0.4838709677419355,4.849462365591398
TFT17_Diana,TFT_Item_MadredsBloodrazor,402,0.47761194029850745,4.604477611940299
TFT17_Diana,TFT5_Item_BloodthirsterRadiant,44,0.4772727272727273,4.909090909090909
TFT17_Diana,TFT_Item_ArchangelsStaff,164,0.47560975609756095,4.670731707317073
TFT17_Diana,TFT17_Item_Artifact_AhriArtifact,19,0.47368421052631576,4.421052631578948
TFT17_Diana,TFT_Item_Quicksilver,445,0.47191011235955055,4.653932584269663
TFT17_Diana,TFTEvent5YR_Item_LavenderCrown,47,0.46808510638297873,4.723404255319149
TFT17_Diana,TFTEvent5YR_Item_GlacialMallet,15,0.4666666666666667,4.4
TFT17_Diana,TFT4_Item_OrnnInfinityForce,97,0.4639175257731959,4.762886597938144
TFT17_Diana,TFT_Item_PowerGauntlet,143,0.46153846153846156,4.776223776223776
TFT17_Diana,TFT_Item_AdaptiveHelm,116,0.45689655172413796,4.7844827586206895
TFT17_Diana,TFT5_Item_TitansResolveRadiant,77,0.45454545454545453,4.8441558441558445
TFT17_Diana,TFT17_Item_HPTankEmblemItem,69,0.4492753623188406,4.884057971014493
TFT17_Diana,TFT_Item_Bloodthirster,2901,0.448121337469838,4.79145122371596
TFT17_Diana,TFT_Item_TitansResolve,3676,0.4458650707290533,4.806311207834603
TFT17_Diana,TFT17_AnimaSquadItem_Tier0_SparkingPrototype,16,0.4375,5.1875
TFT17_Diana,TFT_Item_Crownguard,140,0.4357142857142857,4.614285714285714
TFT17_Diana,TFT17_Item_Artifact_EvelynnArtifact,159,0.4339622641509434,4.723270440251572
TFT17_Diana,TFT_Item_DragonsClaw,30,0.43333333333333335,4.5
TFT17_Diana,TFT_Item_JeweledGauntlet,376,0.4308510638297872,4.821808510638298
TFT17_Diana,TFT17_Item_MeleeTraitEmblemItem,42,0.42857142857142855,5.0
TFT17_Diana,TFT_Item_GuinsoosRageblade,3633,0.4236168455821635,4.913570052298376
TFT17_Diana,TFT_Item_HextechGunblade,279,0.4229390681003584,4.863799283154122
TFT17_Diana,TFT_Item_UnstableConcoction,587,0.42078364565587734,4.954003407155025
TFT17_Diana,TFT_Item_SteraksGage,100,0.42,5.02
TFT17_Diana,TFT_Item_WarmogsArmor,82,0.4146341463414634,5.060975609756097
TFT17_Diana,TFT17_Item_FlexTraitEmblemItem,29,0.41379310344827586,5.137931034482759
TFT17_Diana,TFT_Item_FrozenHeart,49,0.40816326530612246,5.224489795918367
TFT17_Diana,TFT_Item_ThiefsGloves,804,0.4017412935323383,5.012437810945274
TFT17_Diana,TFT17_Item_AssassinTraitEmblemItem,50,0.4,4.8
TFT17_Diana,TFT5_Item_RunaansHurricaneRadiant,5,0.4,4.8
TFT17_Diana,TFTEvent5YR_Item_SevikasJinxedArm,25,0.4,5.08
TFT17_Diana,TFT_Item_Artifact_LichBane,20,0.4,5.25
TFT17_Diana,TFT_Item_BrambleVest,45,0.4,5.022222222222222
TFT17_Diana,TFT_Item_Morellonomicon,147,0.3945578231292517,5.224489795918367
TFT17_Diana,TFT_Item_Leviathan,74,0.3918918918918919,5.22972972972973
TFT17_Diana,TFT17_Item_ShieldTankEmblemItem,980,0.39081632653061227,5.046938775510204
TFT17_Diana,TFT_Item_IonicSpark,123,0.3902439024390244,5.024390243902439
TFT17_Diana,TFT_Item_StatikkShiv,110,0.38181818181818183,5.1454545454545455
TFT17_Diana,TFT_Item_GiantsBelt,29,0.3793103448275862,5.448275862068965
TFT17_Diana,TFT_Item_RapidFireCannon,156,0.3782051282051282,5.012820512820513
TFT17_Diana,TFT17_EkkoOffering_AnomalyItem,40,0.375,4.875
TFT17_Diana,TFT_Item_Deathblade,56,0.375,5.142857142857143
TFT17_Diana,TFT_Item_InfinityEdge,51,0.37254901960784315,5.294117647058823
TFT17_Diana,TFT_Item_RunaansHurricane,54,0.37037037037037035,5.222222222222222
TFT17_Diana,TFT17_Item_PsyOpsEmblemItem,25,0.36,5.24
TFT17_Diana,TFT_Item_NightHarvester,59,0.3559322033898305,5.033898305084746
TFT17_Diana,TFT_Item_Artifact_StatikkShiv,26,0.34615384615384615,4.961538461538462
TFT17_Diana,TFT_Item_TearOfTheGoddess,32,0.34375,5.5
TFT17_Diana,TFT17_AnimaSquadItem_Tier2_EchoingBatblades,6,0.3333333333333333,5.166666666666667
TFT17_Diana,TFT17_Item_AnimaSquadEmblemItem,30,0.3333333333333333,5.6
TFT17_Diana,TFT17_Item_SpaceGrooveEmblemItem,21,0.3333333333333333,5.666666666666667
TFT17_Diana,TFT5_Item_GuardianAngelRadiant,12,0.3333333333333333,5.333333333333333
TFT17_Diana,TFT_Item_Artifact_EternalPact,9,0.3333333333333333,4.555555555555555
TFT17_Diana,TFT_Item_Artifact_TalismanOfAscension,15,0.3333333333333333,5.2
TFT17_Diana,TFT_Item_GargoyleStoneplate,42,0.3333333333333333,5.119047619047619
TFT17_Diana,TFT_Item_SpectralGauntlet,63,0.3333333333333333,5.111111111111111
TFT17_Diana,TFT_Item_BlueBuff,73,0.3013698630136986,5.534246575342466
TFT17_Diana,TFT_Item_NeedlesslyLargeRod,84,0.2857142857142857,5.916666666666667
TFT17_Diana,TFT_Item_SparringGloves,41,0.2682926829268293,5.926829268292683
TFT17_Diana,TFT17_AnimaSquadItem_Tier1_SavageSlicer,15,0.26666666666666666,6.066666666666666
TFT17_Diana,TFT17_Item_DarkStarEmblemItem,15,0.26666666666666666,6.066666666666666
TFT17_Diana,TFT17_Item_AstronautEmblemItem,12,0.25,5.666666666666667
TFT17_Diana,TFT_Item_LastWhisper,46,0.2391304347826087,5.434782608695652
TFT17_Diana,TFT5_Item_GuinsoosRagebladeRadiant,18,0.2222222222222222,5.888888888888889
TFT17_Diana,TFT5_Item_JeweledGauntletRadiant,9,0.2222222222222222,5.777777777777778
TFT17_Diana,TFTEvent5YR_Item_ShimmerscaleGoldmancersStaff,19,0.21052631578947367,5.473684210526316
TFT17_Diana,TFT7_Item_ShimmerscaleGamblersBlade,25,0.2,5.8
TFT17_Diana,TFT9_Item_OrnnHullbreaker,5,0.2,6.0
TFT17_Diana,TFT_Item_ChainVest,35,0.2,6.314285714285714
TFT17_Diana,TFT17_Item_StargazerEmblemItem,21,0.19047619047619047,5.714285714285714
TFT17_Diana,TFT_Item_BFSword,38,0.18421052631578946,6.2368421052631575
TFT17_Diana,TFT17_AnimaSquadItem_Tier1_GuidingHex,12,0.16666666666666666,6.166666666666667
TFT17_Diana,TFT17_Item_PsyOps_DroneMod,6,0.16666666666666666,6.0
TFT17_Diana,TFT17_Item_SummonTraitEmblemItem,18,0.16666666666666666,6.444444444444445
TFT17_Diana,TFT17_Item_PulsefireEmblemItem,10,0.1,6.6
TFT17_Diana,TFT_Item_RecurveBow,65,0.07692307692307693,6.769230769230769
TFT17_Diana,TFT_Item_NegatronCloak,18,0.05555555555555555,6.666666666666667
TFT17_Diana,TFT17_AnimaSquadItem_Tier2_SearingShortbow,5,0.0,6.6
TFT17_Diana,TFT17_Item_Artifact_YasuoArtifact,6,0.0,7.0
TFT17_Diana,TFTEvent5YR_Item_ShimmerscaleDravensAxe,6,0.0,6.0
TFT17_Diana,TFT_Item_Artifact_ProwlersClaw,5,0.0,7.0
TFT17_Ezreal,TFT_Item_Bloodthirster,10,0.8,3.2
TFT17_Ezreal,TFTEvent5YR_Item_MaestrosBaton,33,0.7575757575757576,3.6666666666666665
TFT17_Ezreal,TFT_Item_Artifact_LudensTempest,7,0.7142857142857143,3.4285714285714284
TFT17_Ezreal,TFT5_Item_SpearOfShojinRadiant,13,0.6923076923076923,3.3076923076923075
TFT17_Ezreal,TFT5_Item_GiantSlayerRadiant,8,0.625,4.125
TFT17_Ezreal,TFT5_Item_DeathbladeRadiant,18,0.6111111111111112,3.4444444444444446
TFT17_Ezreal,TFT17_Item_PsyOps_SympatheticImplantMod,5,0.6,4.0
TFT17_Ezreal,TFT5_Item_TrapClawRadiant,5,0.6,3.8
TFT17_Ezreal,TFTEvent5YR_Item_ShimmerscaleGoldmancersStaff,5,0.6,5.0
TFT17_Ezreal,TFT_Item_NegatronCloak,5,0.6,3.0
TFT17_Ezreal,TFT17_Item_MeleeTraitEmblemItem,7,0.5714285714285714,4.285714285714286
TFT17_Ezreal,TFT_Item_Crownguard,7,0.5714285714285714,4.857142857142857
TFT17_Ezreal,TFT17_Item_DarkStarEmblemItem,361,0.5207756232686981,4.246537396121884
TFT17_Ezreal,TFT17_Item_PsyOpsEmblemItem,6,0.5,5.166666666666667
TFT17_Ezreal,TFT_Item_AdaptiveHelm,28,0.5,4.75
TFT17_Ezreal,TFT_Item_Artifact_Dawncore,78,0.48717948717948717,4.282051282051282
TFT17_Ezreal,TFT5_Item_InfinityEdgeRadiant,25,0.48,4.44
TFT17_Ezreal,TFT_Item_Leviathan,48,0.4791666666666667,4.645833333333333
TFT17_Ezreal,TFT_Item_ForceOfNature,21,0.47619047619047616,4.476190476190476
TFT17_Ezreal,TFT_Item_Artifact_CappaJuice,13,0.46153846153846156,5.0
TFT17_Ezreal,TFT17_Item_AssassinTraitEmblemItem,24,0.4583333333333333,4.625
TFT17_Ezreal,TFT_Item_TacticiansRing,29,0.4482758620689655,4.689655172413793
TFT17_Ezreal,TFT17_Item_HPTankEmblemItem,9,0.4444444444444444,4.888888888888889
TFT17_Ezreal,TFT9_Item_OrnnHorizonFocus,18,0.4444444444444444,4.444444444444445
TFT17_Ezreal,TFT_Item_PowerGauntlet,345,0.4405797101449275,4.791304347826087
TFT17_Ezreal,TFT17_Item_SpaceGrooveEmblemItem,41,0.43902439024390244,4.853658536585366
TFT17_Ezreal,TFT_Item_MadredsBloodrazor,486,0.42386831275720166,4.788065843621399
TFT17_Ezreal,TFT_Item_SpearOfShojin,1604,0.42082294264339154,4.788029925187033
TFT17_Ezreal,TFT_Item_BlueBuff,212,0.419811320754717,4.778301886792453
TFT17_Ezreal,TFT_Item_NeedlesslyLargeRod,12,0.4166666666666667,5.25
TFT17_Ezreal,TFT_Item_Deathblade,980,0.4142857142857143,4.84795918367347
TFT17_Ezreal,TFT_Item_InfinityEdge,1895,0.40897097625329815,4.8654353562005275
TFT17_Ezreal,TFT_Item_Artifact_Fishbones,27,0.4074074074074074,5.148148148148148
TFT17_Ezreal,TFT17_Item_PsyOps_TargetlockMod,5,0.4,4.6
TFT17_Ezreal,TFT4_Item_OrnnInfinityForce,10,0.4,5.3
TFT17_Ezreal,TFT_Item_UnstableConcoction,50,0.4,4.8
TFT17_Ezreal,TFT_Item_Quicksilver,39,0.38461538461538464,5.051282051282051
TFT17_Ezreal,TFT17_Item_StargazerEmblemItem,66,0.3787878787878788,4.878787878787879
TFT17_Ezreal,TFT_Item_RecurveBow,61,0.3770491803278688,5.39344262295082
TFT17_Ezreal,TFT17_Item_Artifact_VarusArtifact,48,0.375,5.145833333333333
TFT17_Ezreal,TFTEvent5YR_Item_ShimmerscaleDravensAxe,24,0.375,5.458333333333333
TFT17_Ezreal,TFT_Item_ThiefsGloves,62,0.3709677419354839,5.306451612903226
TFT17_Ezreal,TFT4_Item_OrnnTheCollector,27,0.37037037037037035,5.148148148148148
TFT17_Ezreal,TFT_Item_RabadonsDeathcap,11,0.36363636363636365,5.909090909090909
TFT17_Ezreal,TFT17_Item_Artifact_YasuoArtifact,14,0.35714285714285715,6.0
TFT17_Ezreal,TFTEvent5YR_Item_SevikasJinxedArm,17,0.35294117647058826,5.529411764705882
TFT17_Ezreal,TFTEvent5YR_Item_GlacialMallet,12,0.3333333333333333,5.5
TFT17_Ezreal,TFT_Item_SpectralGauntlet,9,0.3333333333333333,5.555555555555555
TFT17_Ezreal,TFT_Item_SteraksGage,12,0.3333333333333333,5.25
TFT17_Ezreal,TFT_Item_RunaansHurricane,82,0.32926829268292684,4.987804878048781
TFT17_Ezreal,TFT_Item_HextechGunblade,78,0.32051282051282054,5.384615384615385
TFT17_Ezreal,TFT_Item_GuardianAngel,19,0.3157894736842105,6.052631578947368
TFT17_Ezreal,TFT_Item_LastWhisper,503,0.31411530815109345,5.314115308151093
TFT17_Ezreal,TFT_Item_Artifact_NavoriFlickerblades,13,0.3076923076923077,5.3076923076923075
TFT17_Ezreal,TFT_Item_SparringGloves,52,0.3076923076923077,5.461538461538462
TFT17_Ezreal,TFT17_Item_AstronautEmblemItem,47,0.2978723404255319,5.1063829787234045
TFT17_Ezreal,TFT_Item_GuinsoosRageblade,213,0.29107981220657275,5.408450704225352
TFT17_Ezreal,TFT7_Item_ShimmerscaleGamblersBlade,14,0.2857142857142857,5.214285714285714
TFT17_Ezreal,TFT_Item_TitansResolve,7,0.2857142857142857,4.857142857142857
TFT17_Ezreal,TFT_Item_Morellonomicon,32,0.28125,5.53125
TFT17_Ezreal,TFT_Item_StatikkShiv,25,0.28,6.04
TFT17_Ezreal,TFT9_Item_CrownOfDemacia,22,0.2727272727272727,5.818181818181818
TFT17_Ezreal,TFT17_Item_FlexTraitEmblemItem,23,0.2608695652173913,5.434782608695652
TFT17_Ezreal,TFT_Item_ArchangelsStaff,8,0.25,5.25
TFT17_Ezreal,TFT_Item_TearOfTheGoddess,24,0.25,6.333333333333333
TFT17_Ezreal,TFT_Item_RapidFireCannon,104,0.2403846153846154,5.9326923076923075
TFT17_Ezreal,TFT17_EkkoOffering_AnomalyItem,18,0.2222222222222222,5.722222222222222
TFT17_Ezreal,TFT_Item_BFSword,81,0.20987654320987653,6.1234567901234565
TFT17_Ezreal,TFT17_Item_FavoredEmblemItem,5,0.2,6.2
TFT17_Ezreal,TFT17_Item_DRXEmblemItem,6,0.16666666666666666,6.5
TFT17_Ezreal,TFT_Item_JeweledGauntlet,13,0.15384615384615385,5.769230769230769
TFT17_Ezreal,TFT17_Item_ASTraitEmblemItem,14,0.14285714285714285,5.857142857142857
TFT17_Ezreal,TFT5_Item_BlueBuffRadiant,5,0.0,6.4
TFT17_Ezreal,TFT_Item_Artifact_LichBane,6,0.0,6.5
TFT17_Fiora,TFT17_AnimaSquadItem_Tier4_Omniweapon,5,1.0,1.8
TFT17_Fiora,TFT_Item_EmptyBag,686,0.9664723032069971,1.313411078717201
TFT17_Fiora,TFT_Item_ForceOfNature,12,0.8333333333333334,2.6666666666666665
TFT17_Fiora,TFT17_AnimaSquadItem_Tier2_EchoingBatblades,202,0.8118811881188119,2.5841584158415842
TFT17_Fiora,TFT17_AnimaSquadItem_Tier3_EchoingBatblades,5,0.8,2.6
TFT17_Fiora,TFT5_Item_RunaansHurricaneRadiant,31,0.7741935483870968,3.5161290322580645
TFT17_Fiora,TFT17_AnimaSquadItem_Tier2_IceblastArmor,8,0.75,2.875
TFT17_Fiora,TFT17_AnimaSquadItem_Tier3_UwuBlaster,8,0.75,3.25
TFT17_Fiora,TFT17_Item_PsyOps_ChemicalCapacitorMod_Radiant,8,0.75,4.125
TFT17_Fiora,TFT17_AnimaSquadItem_Tier2_UwuBlaster,142,0.7394366197183099,3.0704225352112675
TFT17_Fiora,TFT17_AnimaSquadItem_Tier3_CyclonicSlicers,11,0.7272727272727273,3.1818181818181817
TFT17_Fiora,TFT17_Item_PsyOps_DroneMod_Radiant,43,0.7209302325581395,3.5813953488372094
TFT17_Fiora,TFT4_Item_OrnnDeathsDefiance,340,0.7176470588235294,3.388235294117647
TFT17_Fiora,TFT17_AnimaSquadItem_Tier2_CyclonicSlicers,294,0.7142857142857143,3.1598639455782314
TFT17_Fiora,TFT5_Item_FrozenHeartRadiant,28,0.7142857142857143,3.357142857142857
TFT17_Fiora,TFT5_Item_StatikkShivRadiant,21,0.7142857142857143,3.3333333333333335
TFT17_Fiora,TFT_Item_Artifact_TitanicHydra,143,0.7132867132867133,3.4265734265734267
TFT17_Fiora,TFT7_Item_ShimmerscaleGamblersBlade,36,0.6944444444444444,3.5277777777777777
TFT17_Fiora,TFT_Item_MadredsBloodrazor,6829,0.6929272221408698,3.5163274271489238
TFT17_Fiora,TFT_Item_GuardianAngel,11493,0.6893761419994779,3.488732271817628
TFT17_Fiora,TFT5_Item_SteraksGageRadiant,67,0.6865671641791045,3.7313432835820897
TFT17_Fiora,TFT_Item_SteraksGage,9835,0.6854092526690392,3.522928317234367
TFT17_Fiora,TFTEvent5YR_Item_SevikasJinxedArm,76,0.6842105263157895,3.276315789473684
TFT17_Fiora,TFT_Item_PowerGauntlet,2877,0.6833507125477929,3.561696211331248
TFT17_Fiora,TFT17_Item_HPTankEmblemItem,631,0.6798732171156894,3.5847860538827256
TFT17_Fiora,TFT_Item_Artifact_HellfireHatchet,187,0.679144385026738,3.663101604278075
TFT17_Fiora,TFT_Item_UnstableConcoction,6808,0.6786133960047004,3.595475910693302
TFT17_Fiora,TFTEvent5YR_Item_ShimmerscaleDravensAxe,28,0.6785714285714286,3.5714285714285716
TFT17_Fiora,TFT_Item_Artifact_Mittens,208,0.6778846153846154,3.451923076923077
TFT17_Fiora,TFT_Item_InfinityEdge,2627,0.6764370003806623,3.6060144651693946
TFT17_Fiora,TFT_Item_RunaansHurricane,1421,0.6741731175228712,3.5840957072484168
TFT17_Fiora,TFT4_Item_OrnnInfinityForce,566,0.6731448763250883,3.7491166077738516
TFT17_Fiora,TFT5_Item_GuardianAngelRadiant,61,0.6721311475409836,3.639344262295082
TFT17_Fiora,TFT_Item_Bloodthirster,6959,0.6667624658715333,3.6335680413852565
TFT17_Fiora,TFT17_Item_Artifact_EkkoArtifact,6,0.6666666666666666,3.6666666666666665
TFT17_Fiora,TFT17_Item_PsyOps_TargetlockMod_Radiant,30,0.6666666666666666,3.6333333333333333
TFT17_Fiora,TFT5_Item_SpearOfShojinRadiant,27,0.6666666666666666,3.6296296296296298
TFT17_Fiora,TFT5_Item_SpectralGauntletRadiant,30,0.6666666666666666,3.6333333333333333
TFT17_Fiora,TFT5_Item_TitansResolveRadiant,51,0.6666666666666666,3.5294117647058822
TFT17_Fiora,TFT_Item_TacticiansRing,6,0.6666666666666666,3.6666666666666665
TFT17_Fiora,TFT_Item_Deathblade,4257,0.6661968522433639,3.637773079633545
TFT17_Fiora,TFT17_EkkoOffering_AnomalyItem,1132,0.6634275618374559,3.654593639575972
TFT17_Fiora,TFT17_Item_AssassinTraitEmblemItem,254,0.6614173228346457,3.688976377952756
TFT17_Fiora,TFT_Item_HextechGunblade,1889,0.6606670195870831,3.68713605082054
TFT17_Fiora,TFT_Item_Artifact_WitsEnd,44,0.6590909090909091,3.522727272727273
TFT17_Fiora,TFT_Item_TitansResolve,3390,0.656047197640118,3.655457227138643
TFT17_Fiora,TFT17_AnimaSquadItem_Tier2_Annihilator,61,0.6557377049180327,3.6721311475409837
TFT17_Fiora,TFT17_Item_PsyOps_TargetlockMod,700,0.6557142857142857,3.8
TFT17_Fiora,TFTEvent5YR_Item_LavenderCrown,63,0.6507936507936508,3.7301587301587302
TFT17_Fiora,TFT17_Item_PsyOps_SympatheticImplantMod_Radiant,34,0.6470588235294118,4.0
TFT17_Fiora,TFT5_Item_DeathbladeRadiant,51,0.6470588235294118,3.9411764705882355
TFT17_Fiora,TFT17_Item_PsyOps_ChemicalCapacitorMod,527,0.6432637571157496,3.77988614800759
TFT17_Fiora,TFT17_AnimaSquadItem_Tier2_LionessLament,14,0.6428571428571429,3.857142857142857
TFT17_Fiora,TFT5_Item_AdaptiveHelmRadiant,28,0.6428571428571429,4.0
TFT17_Fiora,TFT5_Item_ArchangelsStaffRadiant,28,0.6428571428571429,3.6785714285714284
TFT17_Fiora,TFT5_Item_QuicksilverRadiant,42,0.6428571428571429,3.642857142857143
TFT17_Fiora,TFT4_Item_OrnnZhonyasParadox,72,0.6388888888888888,3.763888888888889
TFT17_Fiora,TFT17_Item_Artifact_EvelynnArtifact,298,0.6375838926174496,3.708053691275168
TFT17_Fiora,TFT5_Item_CrownguardRadiant,22,0.6363636363636364,3.8181818181818183
TFT17_Fiora,TFT5_Item_TrapClawRadiant,33,0.6363636363636364,3.8181818181818183
TFT17_Fiora,TFT17_AnimaSquadItem_Tier2_BattleBunnyCrossbow,129,0.6356589147286822,3.6589147286821704
TFT17_Fiora,TFT17_AnimaSquadItem_Tier1_GuidingHex,41,0.6341463414634146,3.975609756097561
TFT17_Fiora,TFT5_Item_GiantSlayerRadiant,97,0.6288659793814433,3.6907216494845363
TFT17_Fiora,TFT_Item_Quicksilver,5867,0.6274075336628601,3.8725072439065964
TFT17_Fiora,TFT5_Item_ThiefsGlovesRadiant,492,0.6219512195121951,3.7886178861788617
TFT17_Fiora,TFT17_Item_ASTraitEmblemItem,838,0.616945107398568,3.9427207637231505
TFT17_Fiora,TFT17_Item_FlexTraitEmblemItem,143,0.6153846153846154,4.006993006993007
TFT17_Fiora,TFTEvent5YR_Item_GlacialMallet,26,0.6153846153846154,3.730769230769231
TFT17_Fiora,TFT17_Item_Artifact_YasuoArtifact,80,0.6125,3.9375
TFT17_Fiora,TFT_Item_LastWhisper,1552,0.6095360824742269,3.8737113402061856
TFT17_Fiora,TFT_Item_AdaptiveHelm,925,0.6075675675675676,4.0313513513513515
TFT17_Fiora,TFT5_Item_SunfireCapeRadiant,28,0.6071428571428571,4.0
TFT17_Fiora,TFT_Item_Artifact_ProwlersClaw,221,0.6063348416289592,4.085972850678733
TFT17_Fiora,TFT4_Item_OrnnTheCollector,48,0.6041666666666666,4.270833333333333
TFT17_Fiora,TFT17_AnimaSquadItem_Tier1_TentacleSlam,53,0.6037735849056604,4.0
TFT17_Fiora,TFT_Item_FrozenHeart,516,0.6027131782945736,3.9612403100775193
TFT17_Fiora,TFT17_AnimaSquadItem_Tier2_RadiantField,5,0.6,5.0
TFT17_Fiora,TFT17_Item_Artifact_SorakaArtifact,5,0.6,4.4
TFT17_Fiora,TFT5_Item_HandOfJusticeRadiant,35,0.6,4.285714285714286
TFT17_Fiora,TFT5_Item_HextechGunbladeRadiant,25,0.6,4.0
TFT17_Fiora,TFT_Item_Crownguard,410,0.5975609756097561,4.009756097560976
TFT17_Fiora,TFT5_Item_JeweledGauntletRadiant,32,0.59375,3.90625
TFT17_Fiora,TFT_Item_Redemption,388,0.5927835051546392,4.072164948453608
TFT17_Fiora,TFT_Item_Artifact_LudensTempest,27,0.5925925925925926,4.037037037037037
TFT17_Fiora,TFT17_AnimaSquadItem_Tier2_SearingShortbow,22,0.5909090909090909,4.136363636363637
TFT17_Fiora,TFT17_Item_DRXEmblemItem,836,0.5897129186602871,4.089712918660287
TFT17_Fiora,TFT_Item_Artifact_Fishbones,68,0.5882352941176471,3.985294117647059
TFT17_Fiora,TFT_Item_ThiefsGloves,8686,0.5843886714252821,4.009095095556067
TFT17_Fiora,TFT5_Item_DragonsClawRadiant,24,0.5833333333333334,4.208333333333333
TFT17_Fiora,TFT17_Item_PsyOpsEmblemItem,580,0.5827586206896552,4.0793103448275865
TFT17_Fiora,TFT_Item_Artifact_SeekersArmguard,43,0.5813953488372093,4.209302325581396
TFT17_Fiora,TFT5_Item_LeviathanRadiant,31,0.5806451612903226,4.161290322580645
TFT17_Fiora,TFT_Item_Leviathan,474,0.5780590717299579,4.071729957805907
TFT17_Fiora,TFT_Item_BrambleVest,382,0.5732984293193717,4.136125654450262
TFT17_Fiora,TFT_Item_NightHarvester,499,0.5711422845691383,4.080160320641283
TFT17_Fiora,TFT17_Item_ResistTankEmblemItem,321,0.5700934579439252,4.1433021806853585
TFT17_Fiora,TFT_Item_WarmogsArmor,609,0.5681444991789819,4.149425287356322
TFT17_Fiora,TFT_Item_SpearOfShojin,817,0.5679314565483476,4.172582619339045
TFT17_Fiora,TFT5_Item_BloodthirsterRadiant,46,0.5652173913043478,4.195652173913044
TFT17_Fiora,TFT_Item_JeweledGauntlet,462,0.5627705627705628,4.257575757575758
TFT17_Fiora,TFT5_Item_BrambleVestRadiant,16,0.5625,3.9375
TFT17_Fiora,TFT_Item_GargoyleStoneplate,406,0.5615763546798029,4.24384236453202
TFT17_Fiora,TFT_Item_RedBuff,514,0.5583657587548638,4.252918287937743
TFT17_Fiora,TFT_Item_RapidFireCannon,1086,0.5570902394106814,4.198895027624309
TFT17_Fiora,TFT17_AnimaSquadItem_Tier3_BattleBunnyCrossbow,9,0.5555555555555556,4.111111111111111
TFT17_Fiora,TFT_Item_SpectralGauntlet,652,0.5552147239263804,4.141104294478527
TFT17_Fiora,TFT5_Item_NightHarvesterRadiant,29,0.5517241379310345,4.275862068965517
TFT17_Fiora,TFT_Item_DragonsClaw,401,0.5486284289276808,4.199501246882793
TFT17_Fiora,TFT_Item_BlueBuff,802,0.5473815461346634,4.261845386533666
TFT17_Fiora,TFT_Item_Morellonomicon,476,0.5462184873949579,4.266806722689076
TFT17_Fiora,TFT_Item_GuinsoosRageblade,1319,0.5398028809704322,4.309325246398787
TFT17_Fiora,TFT17_AnimaSquadItem_Tier1_RocketSwarm,91,0.5384615384615384,4.263736263736264
TFT17_Fiora,TFT5_Item_RabadonsDeathcapRadiant,26,0.5384615384615384,4.461538461538462
TFT17_Fiora,TFT_Item_Artifact_NavoriFlickerblades,13,0.5384615384615384,4.153846153846154
TFT17_Fiora,TFT17_Item_PrimordianEmblemItem,67,0.5373134328358209,4.522388059701493
TFT17_Fiora,TFT_Item_RabadonsDeathcap,484,0.5371900826446281,4.229338842975206
TFT17_Fiora,TFT17_AnimaSquadItem_Tier1_SavageSlicer,298,0.5369127516778524,4.439597315436242
TFT17_Fiora,TFT17_Item_StargazerEmblemItem,202,0.5346534653465347,4.316831683168317
TFT17_Fiora,TFTEvent5YR_Item_ShimmerscaleCrownOfChampions,15,0.5333333333333333,4.533333333333333
TFT17_Fiora,TFT_Item_Artifact_RapidFirecannon,30,0.5333333333333333,4.266666666666667
TFT17_Fiora,TFT_Item_StatikkShiv,532,0.5319548872180451,4.2368421052631575
TFT17_Fiora,TFT17_Item_PsyOps_DroneMod,590,0.5288135593220339,4.408474576271186
TFT17_Fiora,TFT_Item_IonicSpark,210,0.5285714285714286,4.219047619047619
TFT17_Fiora,TFT5_Item_GargoyleStoneplateRadiant,19,0.5263157894736842,4.368421052631579
TFT17_Fiora,TFT5_Item_IonicSparkRadiant,21,0.5238095238095238,4.285714285714286
TFT17_Fiora,TFT17_Item_SpaceGrooveEmblemItem,130,0.5230769230769231,4.123076923076923
TFT17_Fiora,TFT_Item_ArchangelsStaff,417,0.5179856115107914,4.3621103117506
TFT17_Fiora,TFT17_Item_PulsefireEmblemItem,143,0.5174825174825175,4.405594405594406
TFT17_Fiora,TFT5_Item_MorellonomiconRadiant,29,0.5172413793103449,4.172413793103448
TFT17_Fiora,TFT17_Item_PsyOps_SympatheticImplantMod,487,0.5092402464065708,4.537987679671458
TFT17_Fiora,TFT17_Item_DarkStarEmblemItem,159,0.5031446540880503,4.433962264150943
TFT17_Fiora,TFT17_Item_Artifact_VarusArtifact,20,0.5,4.1
TFT17_Fiora,TFT5_Item_GuinsoosRagebladeRadiant,20,0.5,4.15
TFT17_Fiora,TFT5_Item_RapidFirecannonRadiant,20,0.5,4.3
TFT17_Fiora,TFT5_Item_RedemptionRadiant,26,0.5,4.423076923076923
TFT17_Fiora,TFT9_Item_OrnnHullbreaker,44,0.5,4.704545454545454
TFT17_Fiora,TFT_Item_Artifact_EternalPact,10,0.5,4.7
TFT17_Fiora,TFT_Item_Artifact_TalismanOfAscension,24,0.5,4.416666666666667
TFT17_Fiora,TFT17_Item_AstronautEmblemItem,79,0.4936708860759494,4.430379746835443
TFT17_Fiora,TFT5_Item_InfinityEdgeRadiant,39,0.48717948717948717,4.282051282051282
TFT17_Fiora,TFT5_Item_WarmogsArmorRadiant,27,0.48148148148148145,4.851851851851852
TFT17_Fiora,TFT5_Item_BlueBuffRadiant,21,0.47619047619047616,4.476190476190476
TFT17_Fiora,TFT_Item_Artifact_CappaJuice,17,0.47058823529411764,4.352941176470588
TFT17_Fiora,TFT17_Item_RangedTraitEmblemItem,78,0.4358974358974359,4.743589743589744
TFT17_Fiora,TFT5_Item_LastWhisperRadiant,30,0.43333333333333335,4.633333333333334
TFT17_Fiora,TFT_Item_SparringGloves,253,0.4308300395256917,4.940711462450593
TFT17_Fiora,TFT_Item_Artifact_LichBane,7,0.42857142857142855,5.428571428571429
TFT17_Fiora,TFT_Item_Artifact_Dawncore,26,0.4230769230769231,4.961538461538462
TFT17_Fiora,TFT_Item_RecurveBow,263,0.41825095057034223,5.038022813688213
TFT17_Fiora,TFT17_AnimaSquadItem_Tier0_SparkingPrototype,142,0.4154929577464789,4.838028169014085
TFT17_Fiora,TFT_Item_GiantsBelt,106,0.41509433962264153,4.962264150943396
TFT17_Fiora,TFT17_Item_PsyOps_GrenadeMod,54,0.4074074074074074,5.0
TFT17_Fiora,TFT17_AnimaSquadItem_Tier0_ClunkyPrototype,37,0.40540540540540543,4.648648648648648
TFT17_Fiora,TFTEvent5YR_Item_ShimmerscaleGoldmancersStaff,5,0.4,4.8
TFT17_Fiora,TFT_Item_TearOfTheGoddess,99,0.3939393939393939,5.01010101010101
TFT17_Fiora,TFT_Item_BFSword,430,0.38372093023255816,5.046511627906977
TFT17_Fiora,TFT_Item_NegatronCloak,103,0.36893203883495146,5.165048543689321
TFT17_Fiora,TFT_Item_Artifact_StatikkShiv,11,0.36363636363636365,4.909090909090909
TFT17_Fiora,TFT17_Item_ShieldTankEmblemItem,78,0.358974358974359,5.1923076923076925
TFT17_Fiora,TFT_Item_Artifact_SilvermereDawn,31,0.3548387096774194,5.258064516129032
TFT17_Fiora,TFT_Item_NeedlesslyLargeRod,35,0.34285714285714286,5.314285714285714
TFT17_Fiora,TFT17_Item_Artifact_AhriArtifact,6,0.3333333333333333,5.333333333333333
TFT17_Fiora,TFT17_Item_Artifact_ThreshLantern,6,0.3333333333333333,5.0
TFT17_Fiora,TFT17_Item_FavoredEmblemItem,62,0.3225806451612903,5.5
TFT17_Fiora,TFT17_Item_SummonTraitEmblemItem,22,0.3181818181818182,5.454545454545454
TFT17_Fiora,TFT_Item_ChainVest,77,0.3116883116883117,5.4935064935064934
TFT17_Fiora,TFT17_AnimaSquadItem_Tier0_LeakyPrototype,44,0.2727272727272727,5.75
TFT17_Fiora,TFT_Item_Artifact_AegisOfDawn,5,0.2,6.4
TFT17_Fizz,TFT17_AnimaSquadItem_Tier2_CyclonicSlicers,10,1.0,1.6
TFT17_Fizz,TFT_Item_EmptyBag,127,0.968503937007874,1.3464566929133859
TFT17_Fizz,TFT5_Item_InfinityEdgeRadiant,5,0.8,2.8
TFT17_Fizz,TFT_Item_Artifact_RapidFirecannon,12,0.75,3.1666666666666665
TFT17_Fizz,TFT17_Item_Artifact_EkkoArtifact,7,0.7142857142857143,3.0
TFT17_Fizz,TFT_Item_ForceOfNature,27,0.7037037037037037,3.259259259259259
TFT17_Fizz,TFT_Item_Artifact_LudensTempest,10,0.7,3.3
TFT17_Fizz,TFT5_Item_TitansResolveRadiant,6,0.6666666666666666,4.333333333333333
TFT17_Fizz,TFT_Item_TacticiansRing,43,0.6511627906976745,3.697674418604651
TFT17_Fizz,TFT_Item_FrozenHeart,170,0.6470588235294118,3.9235294117647057
TFT17_Fizz,TFT17_AnimaSquadItem_Tier2_SearingShortbow,14,0.6428571428571429,3.7857142857142856
TFT17_Fizz,TFT_Item_Artifact_LichBane,44,0.6363636363636364,3.8863636363636362
TFT17_Fizz,TFT_Item_Redemption,128,0.6328125,4.1328125
TFT17_Fizz,TFT17_AnimaSquadItem_Tier1_RocketSwarm,21,0.6190476190476191,3.9523809523809526
TFT17_Fizz,TFT_Item_Artifact_SeekersArmguard,26,0.6153846153846154,4.346153846153846
TFT17_Fizz,TFT5_Item_RapidFirecannonRadiant,5,0.6,4.4
TFT17_Fizz,TFT_Item_Artifact_NavoriFlickerblades,5,0.6,4.2
TFT17_Fizz,TFT_Item_SpearOfShojin,357,0.5994397759103641,4.1456582633053225
TFT17_Fizz,TFT17_Item_FlexTraitEmblemItem,187,0.5989304812834224,4.048128342245989
TFT17_Fizz,TFT_Item_GuardianAngel,525,0.5961904761904762,4.177142857142857
TFT17_Fizz,TFT17_EkkoOffering_AnomalyItem,37,0.5945945945945946,4.0
TFT17_Fizz,TFT_Item_RapidFireCannon,423,0.5886524822695035,4.163120567375887
TFT17_Fizz,TFT_Item_PowerGauntlet,384,0.5885416666666666,4.127604166666667
TFT17_Fizz,TFT17_Item_Artifact_EvelynnArtifact,41,0.5853658536585366,4.390243902439025
TFT17_Fizz,TFT_Item_AdaptiveHelm,429,0.585081585081585,4.296037296037296
TFT17_Fizz,TFT_Item_BlueBuff,345,0.5826086956521739,4.194202898550724
TFT17_Fizz,TFT_Item_BFSword,232,0.5775862068965517,4.2844827586206895
TFT17_Fizz,TFT_Item_MadredsBloodrazor,549,0.5737704918032787,4.1530054644808745
TFT17_Fizz,TFT_Item_RunaansHurricane,208,0.5721153846153846,4.3173076923076925
TFT17_Fizz,TFT17_Item_Artifact_YasuoArtifact,7,0.5714285714285714,4.857142857142857
TFT17_Fizz,TFT17_Item_PsyOps_ChemicalCapacitorMod,7,0.5714285714285714,4.0
TFT17_Fizz,TFT_Item_ThiefsGloves,3029,0.5688345988775173,4.22152525586002
TFT17_Fizz,TFT17_Item_HPTankEmblemItem,44,0.5681818181818182,4.068181818181818
TFT17_Fizz,TFT_Item_Artifact_WitsEnd,23,0.5652173913043478,3.9130434782608696
TFT17_Fizz,TFT_Item_NightHarvester,159,0.559748427672956,4.169811320754717
TFT17_Fizz,TFT_Item_HextechGunblade,476,0.5588235294117647,4.392857142857143
TFT17_Fizz,TFT17_Item_Artifact_AhriArtifact,18,0.5555555555555556,4.0
TFT17_Fizz,TFT4_Item_OrnnDeathsDefiance,9,0.5555555555555556,4.444444444444445
TFT17_Fizz,TFT_Item_Artifact_Dawncore,27,0.5555555555555556,4.37037037037037
TFT17_Fizz,TFT_Item_Quicksilver,315,0.5523809523809524,4.14920634920635
TFT17_Fizz,TFT_Item_WarmogsArmor,209,0.5502392344497608,4.2631578947368425
TFT17_Fizz,TFT_Item_Crownguard,264,0.5492424242424242,4.215909090909091
TFT17_Fizz,TFT_Item_Leviathan,378,0.5476190476190477,4.277777777777778
TFT17_Fizz,TFT17_AnimaSquadItem_Tier0_ClunkyPrototype,11,0.5454545454545454,4.7272727272727275
TFT17_Fizz,TFT_Item_SpectralGauntlet,191,0.5445026178010471,4.403141361256544
TFT17_Fizz,TFT_Item_NegatronCloak,83,0.5421686746987951,4.445783132530121
TFT17_Fizz,TFT_Item_Deathblade,238,0.542016806722689,4.394957983193278
TFT17_Fizz,TFT_Item_StatikkShiv,349,0.5415472779369628,4.318051575931232
TFT17_Fizz,TFT_Item_UnstableConcoction,797,0.5319949811794228,4.392722710163111
TFT17_Fizz,TFT_Item_JeweledGauntlet,924,0.5313852813852814,4.392857142857143
TFT17_Fizz,TFT_Item_GuinsoosRageblade,352,0.53125,4.380681818181818
TFT17_Fizz,TFT17_Item_ASTraitEmblemItem,108,0.5277777777777778,4.5
TFT17_Fizz,TFT_Item_ArchangelsStaff,262,0.5267175572519084,4.435114503816794
TFT17_Fizz,TFT_Item_SparringGloves,247,0.5263157894736842,4.40080971659919
TFT17_Fizz,TFT5_Item_ThiefsGlovesRadiant,40,0.525,4.45
TFT17_Fizz,TFT_Item_RabadonsDeathcap,618,0.5242718446601942,4.412621359223301
TFT17_Fizz,TFT17_Item_PrimordianEmblemItem,31,0.5161290322580645,4.451612903225806
TFT17_Fizz,TFT_Item_RedBuff,280,0.5142857142857142,4.464285714285714
TFT17_Fizz,TFT17_Item_PsyOpsEmblemItem,117,0.5128205128205128,4.367521367521367
TFT17_Fizz,TFT_Item_GiantsBelt,80,0.5125,4.45
TFT17_Fizz,TFT4_Item_OrnnZhonyasParadox,41,0.5121951219512195,4.804878048780488
TFT17_Fizz,TFT_Item_LastWhisper,241,0.5103734439834025,4.431535269709544
TFT17_Fizz,TFT_Item_InfinityEdge,157,0.5095541401273885,4.3949044585987265
TFT17_Fizz,TFT_Item_BrambleVest,160,0.50625,4.50625
TFT17_Fizz,TFT17_AnimaSquadItem_Tier0_SparkingPrototype,24,0.5,4.375
TFT17_Fizz,TFT17_Item_Artifact_VarusArtifact,6,0.5,4.833333333333333
TFT17_Fizz,TFT17_Item_SpaceGrooveEmblemItem,76,0.5,4.605263157894737
TFT17_Fizz,TFT4_Item_OrnnInfinityForce,22,0.5,4.090909090909091
TFT17_Fizz,TFT7_Item_ShimmerscaleGamblersBlade,8,0.5,4.375
TFT17_Fizz,TFT_Item_Artifact_BlightingJewel,12,0.5,4.333333333333333
TFT17_Fizz,TFT_Item_Artifact_TalismanOfAscension,10,0.5,4.3
TFT17_Fizz,TFT_Item_RecurveBow,300,0.5,4.506666666666667
TFT17_Fizz,TFT_Item_SteraksGage,227,0.4977973568281938,4.674008810572687
TFT17_Fizz,TFT_Item_GargoyleStoneplate,152,0.4934210526315789,4.644736842105263
TFT17_Fizz,TFT17_AnimaSquadItem_Tier1_SavageSlicer,45,0.4888888888888889,4.622222222222222
TFT17_Fizz,TFT_Item_Bloodthirster,604,0.48841059602649006,4.597682119205298
TFT17_Fizz,TFT_Item_NeedlesslyLargeRod,364,0.4835164835164835,4.653846153846154
TFT17_Fizz,TFT17_Item_ResistTankEmblemItem,209,0.48325358851674644,4.574162679425838
TFT17_Fizz,TFT_Item_IonicSpark,309,0.47896440129449835,4.482200647249191
TFT17_Fizz,TFT17_Item_DRXEmblemItem,106,0.4716981132075472,4.584905660377358
TFT17_Fizz,TFT17_Item_FavoredEmblemItem,70,0.4714285714285714,4.914285714285715
TFT17_Fizz,TFT_Item_Morellonomicon,304,0.47039473684210525,4.703947368421052
TFT17_Fizz,TFT_Item_DragonsClaw,114,0.4649122807017544,4.666666666666667
TFT17_Fizz,TFT_Item_TitansResolve,262,0.4618320610687023,4.595419847328245
TFT17_Fizz,TFT17_Item_PulsefireEmblemItem,744,0.4583333333333333,4.665322580645161
TFT17_Fizz,TFT17_Item_DarkStarEmblemItem,88,0.45454545454545453,4.704545454545454
TFT17_Fizz,TFT_Item_Artifact_EternalPact,11,0.45454545454545453,4.545454545454546
TFT17_Fizz,TFT_Item_ChainVest,44,0.45454545454545453,4.681818181818182
TFT17_Fizz,TFT17_Item_PsyOps_DroneMod,9,0.4444444444444444,4.555555555555555
TFT17_Fizz,TFT_Item_Spatula,9,0.4444444444444444,5.0
TFT17_Fizz,TFT17_Item_AnimaSquadEmblemItem,43,0.4418604651162791,4.651162790697675
TFT17_Fizz,TFTEvent5YR_Item_LavenderCrown,32,0.4375,4.71875
TFT17_Fizz,TFT17_AnimaSquadItem_Tier0_LeakyPrototype,28,0.42857142857142855,5.0
TFT17_Fizz,TFTEvent5YR_Item_GlacialMallet,7,0.42857142857142855,5.0
TFT17_Fizz,TFT17_Item_RangedTraitEmblemItem,57,0.42105263157894735,5.052631578947368
TFT17_Fizz,TFT_Item_TearOfTheGoddess,152,0.42105263157894735,4.618421052631579
TFT17_Fizz,TFT17_AnimaSquadItem_Tier1_GuidingHex,31,0.41935483870967744,4.870967741935484
TFT17_Fizz,TFT17_AnimaSquadItem_Tier2_Annihilator,12,0.4166666666666667,4.25
TFT17_Fizz,TFT17_Item_PsyOps_SympatheticImplantMod,12,0.4166666666666667,4.916666666666667
TFT17_Fizz,TFT17_Item_MeleeTraitEmblemItem,75,0.41333333333333333,4.92
TFT17_Fizz,TFT17_Item_ShieldTankEmblemItem,42,0.40476190476190477,4.761904761904762
TFT17_Fizz,TFT17_AnimaSquadItem_Tier1_TentacleSlam,5,0.4,4.6
TFT17_Fizz,TFT5_Item_DeathbladeRadiant,5,0.4,5.0
TFT17_Fizz,TFT_Item_Artifact_Mittens,10,0.4,4.7
TFT17_Fizz,TFT17_Item_StargazerEmblemItem,149,0.38926174496644295,5.120805369127517
TFT17_Fizz,TFT17_Item_SummonTraitEmblemItem,66,0.36363636363636365,5.075757575757576
TFT17_Fizz,TFTEvent5YR_Item_SevikasJinxedArm,23,0.34782608695652173,5.086956521739131
TFT17_Fizz,TFT_Item_Artifact_HellfireHatchet,6,0.3333333333333333,6.0
TFT17_Fizz,TFT_Item_Artifact_ProwlersClaw,12,0.3333333333333333,5.25
TFT17_Fizz,TFT_Item_Artifact_StatikkShiv,7,0.2857142857142857,5.714285714285714
TFT17_Fizz,TFTEvent5YR_Item_ShimmerscaleGoldmancersStaff,15,0.13333333333333333,6.0
TFT17_Fizz,TFT5_Item_AdaptiveHelmRadiant,5,0.0,6.6
TFT17_Galio,TFT17_AnimaSquadItem_Tier3_RadiantField,11,1.0,1.2727272727272727
TFT17_Galio,TFT_Item_EmptyBag,86,0.9069767441860465,1.7093023255813953
TFT17_Galio,TFT17_AnimaSquadItem_Tier3_IceblastArmor,8,0.875,1.875
TFT17_Galio,TFT17_AnimaSquadItem_Tier2_LionessLament,429,0.8065268065268065,2.682983682983683
TFT17_Galio,TFT17_AnimaSquadItem_Tier3_LionessLament,10,0.8,2.4
TFT17_Galio,TFT17_AnimaSquadItem_Tier2_IceblastArmor,427,0.765807962529274,2.873536299765808
TFT17_Galio,TFT5_Item_DragonsClawRadiant,8,0.75,3.125
TFT17_Galio,TFT5_Item_SunfireCapeRadiant,7,0.7142857142857143,3.2857142857142856
TFT17_Galio,TFT17_AnimaSquadItem_Tier2_RadiantField,388,0.6984536082474226,3.3350515463917527
TFT17_Galio,TFT_Item_MadredsBloodrazor,143,0.6853146853146853,3.867132867132867
TFT17_Galio,TFTEvent5YR_Item_SevikasJinxedArm,14,0.6428571428571429,4.428571428571429
TFT17_Galio,TFT_Item_JeweledGauntlet,99,0.6363636363636364,4.02020202020202
TFT17_Galio,TFT_Item_ForceOfNature,19,0.631578947368421,3.526315789473684
TFT17_Galio,TFT_Item_GuardianAngel,159,0.6289308176100629,3.7735849056603774
TFT17_Galio,TFT_Item_NightHarvester,3072,0.6175130208333334,3.9563802083333335
TFT17_Galio,TFT_Item_BrambleVest,2760,0.6115942028985507,4.015942028985507
TFT17_Galio,TFT_Item_IonicSpark,1687,0.6081802015411973,3.9425014819205693
TFT17_Galio,TFT17_Item_HPTankEmblemItem,352,0.6079545454545454,3.991477272727273
TFT17_Galio,TFT17_AnimaSquadItem_Tier0_SparkingPrototype,5,0.6,4.6
TFT17_Galio,TFT17_Item_Artifact_EvelynnArtifact,5,0.6,4.0
TFT17_Galio,TFT9_Item_CrownOfDemacia,5,0.6,4.0
TFT17_Galio,TFT_Item_SpectralGauntlet,2420,0.5987603305785124,4.061570247933885
TFT17_Galio,TFT_Item_Leviathan,132,0.5984848484848485,4.128787878787879
TFT17_Galio,TFT_Item_HextechGunblade,146,0.5958904109589042,4.136986301369863
TFT17_Galio,TFT_Item_RedBuff,6032,0.5928381962864722,4.131631299734748
TFT17_Galio,TFT_Item_Crownguard,3094,0.5856496444731739,4.154815772462832
TFT17_Galio,TFT_Item_UnstableConcoction,171,0.5847953216374269,4.181286549707602
TFT17_Galio,TFT5_Item_FrozenHeartRadiant,12,0.5833333333333334,4.333333333333333
TFT17_Galio,TFTEvent5YR_Item_LavenderCrown,12,0.5833333333333334,4.083333333333333
TFT17_Galio,TFT_Item_Redemption,4382,0.5823824737562757,4.185531720675491
TFT17_Galio,TFT_Item_RapidFireCannon,198,0.5808080808080808,4.146464646464646
TFT17_Galio,TFT_Item_ThiefsGloves,2845,0.5806678383128295,4.1753954305799645
TFT17_Galio,TFT_Item_AdaptiveHelm,2900,0.58,4.190689655172414
TFT17_Galio,TFT5_Item_BrambleVestRadiant,19,0.5789473684210527,4.2631578947368425
TFT17_Galio,TFT_Item_DragonsClaw,2560,0.57890625,4.16171875
TFT17_Galio,TFT_Item_GuinsoosRageblade,211,0.5781990521327014,4.1753554502369665
TFT17_Galio,TFT_Item_Morellonomicon,174,0.5747126436781609,4.172413793103448
TFT17_Galio,TFT_Item_FrozenHeart,4895,0.5722165474974463,4.206945863125639
TFT17_Galio,TFT4_Item_OrnnDeathsDefiance,21,0.5714285714285714,4.0
TFT17_Galio,TFT_Item_RunaansHurricane,144,0.5694444444444444,4.138888888888889
TFT17_Galio,TFT_Item_WarmogsArmor,5556,0.568214542836573,4.22174226061915
TFT17_Galio,TFT_Item_InfinityEdge,117,0.5641025641025641,4.256410256410256
TFT17_Galio,TFT17_Item_DRXEmblemItem,110,0.5636363636363636,4.327272727272727
TFT17_Galio,TFT7_Item_ShimmerscaleMogulsMail,218,0.5596330275229358,4.2889908256880735
TFT17_Galio,TFT5_Item_SteraksGageRadiant,9,0.5555555555555556,4.111111111111111
TFT17_Galio,TFT_Item_Artifact_VoidGauntlet,179,0.553072625698324,4.301675977653631
TFT17_Galio,TFT_Item_RabadonsDeathcap,152,0.5526315789473685,4.282894736842105
TFT17_Galio,TFT_Item_NeedlesslyLargeRod,105,0.5523809523809524,4.171428571428572
TFT17_Galio,TFT_Item_RecurveBow,31,0.5483870967741935,4.516129032258065
TFT17_Galio,TFT_Item_PowerGauntlet,183,0.546448087431694,4.387978142076503
TFT17_Galio,TFT_Item_SpearOfShojin,114,0.543859649122807,4.219298245614035
TFT17_Galio,TFT_Item_Artifact_AegisOfDusk,153,0.5424836601307189,4.3202614379084965
TFT17_Galio,TFT17_Item_PrimordianEmblemItem,251,0.5418326693227091,4.362549800796812
TFT17_Galio,TFT_Item_BlueBuff,159,0.5408805031446541,4.238993710691824
TFT17_Galio,TFT_Item_LastWhisper,154,0.538961038961039,4.4480519480519485
TFT17_Galio,TFT17_Item_PsyOps_GrenadeMod,117,0.5384615384615384,4.282051282051282
TFT17_Galio,TFT_Item_Artifact_TheIndomitable,279,0.5376344086021505,4.340501792114695
TFT17_Galio,TFT_Item_StatikkShiv,164,0.5365853658536586,4.262195121951219
TFT17_Galio,TFT17_Item_ASTraitEmblemItem,28,0.5357142857142857,4.107142857142857
TFT17_Galio,TFT_Item_Quicksilver,228,0.5350877192982456,4.394736842105263
TFT17_Galio,TFT17_Item_SpaceGrooveEmblemItem,130,0.5307692307692308,4.376923076923077
TFT17_Galio,TFT_Item_Artifact_AegisOfDawn,168,0.5297619047619048,4.285714285714286
TFT17_Galio,TFT_Item_Bloodthirster,410,0.5292682926829269,4.3951219512195125
TFT17_Galio,TFT17_Item_AstronautEmblemItem,1059,0.5278564683663833,4.335221907459868
TFT17_Galio,TFT_Item_Artifact_LightshieldCrest,252,0.5277777777777778,4.361111111111111
TFT17_Galio,TFT_Item_ArchangelsStaff,158,0.5253164556962026,4.544303797468355
TFT17_Galio,TFT17_Item_PulsefireEmblemItem,330,0.5242424242424243,4.363636363636363
TFT17_Galio,TFT17_Item_ShieldTankEmblemItem,657,0.5220700152207002,4.319634703196347
TFT17_Galio,TFT_Item_GargoyleStoneplate,11035,0.5209787041232442,4.417580425917535
TFT17_Galio,TFT_Item_NegatronCloak,770,0.5207792207792208,4.515584415584415
TFT17_Galio,TFT_Item_SteraksGage,3230,0.5207430340557275,4.461300309597523
TFT17_Galio,TFT_Item_GiantsBelt,903,0.5204872646733112,4.461794019933555
TFT17_Galio,TFT9_Item_OrnnHullbreaker,208,0.5192307692307693,4.5048076923076925
TFT17_Galio,TFT17_AnimaSquadItem_Tier0_ClunkyPrototype,239,0.5188284518828452,4.581589958158996
TFT17_Galio,TFT17_Item_Artifact_ThreshLantern,218,0.5045871559633027,4.504587155963303
TFT17_Galio,TFT17_Item_PsyOpsEmblemItem,113,0.504424778761062,4.539823008849558
TFT17_Galio,TFT17_Item_ResistTankEmblemItem,617,0.5024311183144247,4.453808752025932
TFT17_Galio,TFT17_EkkoOffering_AnomalyItem,1016,0.5019685039370079,4.461614173228346
TFT17_Galio,TFT_Item_ChainVest,800,0.50125,4.48
TFT17_Galio,TFT17_Item_Artifact_SorakaArtifact,472,0.5,4.561440677966102
TFT17_Galio,TFT17_Item_PsyOps_GrenadeMod_Radiant,8,0.5,5.0
TFT17_Galio,TFT5_Item_LastWhisperRadiant,6,0.5,4.0
TFT17_Galio,TFT_Item_Artifact_TalismanOfAscension,26,0.5,4.5
TFT17_Galio,TFT_Item_Artifact_TitanicHydra,10,0.5,4.3
TFT17_Galio,TFT_Item_TacticiansRing,12,0.5,4.25
TFT17_Galio,TFT_Item_Artifact_SilvermereDawn,301,0.4983388704318937,4.5215946843853825
TFT17_Galio,TFT_Item_TearOfTheGoddess,234,0.49572649572649574,4.602564102564102
TFT17_Galio,TFT5_Item_GargoyleStoneplateRadiant,680,0.49411764705882355,4.573529411764706
TFT17_Galio,TFT17_Item_DarkStarEmblemItem,473,0.48414376321353064,4.54122621564482
TFT17_Galio,TFT17_AnimaSquadItem_Tier1_TentacleSlam,362,0.47513812154696133,4.723756906077348
TFT17_Galio,TFT17_Item_SummonTraitEmblemItem,189,0.4708994708994709,4.634920634920635
TFT17_Galio,TFT_Item_Deathblade,151,0.47019867549668876,4.549668874172186
TFT17_Galio,TFT17_Item_FavoredEmblemItem,181,0.46408839779005523,4.762430939226519
TFT17_Galio,TFT_Item_Artifact_SeekersArmguard,13,0.46153846153846156,4.3076923076923075
TFT17_Galio,TFT_Item_TitansResolve,720,0.4597222222222222,4.772222222222222
TFT17_Galio,TFT17_AnimaSquadItem_Tier2_CyclonicSlicers,70,0.45714285714285713,4.771428571428571
TFT17_Galio,TFT_Item_BFSword,93,0.45161290322580644,4.612903225806452
TFT17_Galio,TFT17_Item_StargazerEmblemItem,111,0.45045045045045046,4.684684684684685
TFT17_Galio,TFT_Item_SparringGloves,70,0.44285714285714284,5.0
TFT17_Galio,TFT5_Item_WarmogsArmorRadiant,41,0.43902439024390244,4.7560975609756095
TFT17_Galio,TFT5_Item_ThiefsGlovesRadiant,30,0.43333333333333335,4.5
TFT17_Galio,TFT4_Item_OrnnInfinityForce,28,0.42857142857142855,4.75
TFT17_Galio,TFT17_Item_AnimaSquadEmblemItem,300,0.42333333333333334,4.89
TFT17_Galio,TFT17_AnimaSquadItem_Tier0_LeakyPrototype,19,0.42105263157894735,4.526315789473684
TFT17_Galio,TFT5_Item_RedemptionRadiant,24,0.4166666666666667,5.083333333333333
TFT17_Galio,TFT17_Item_MeleeTraitEmblemItem,20,0.4,5.0
TFT17_Galio,TFT4_Item_OrnnZhonyasParadox,5,0.4,3.6
TFT17_Galio,TFT_Item_Artifact_HellfireHatchet,8,0.375,4.875
TFT17_Galio,TFT17_Item_AssassinTraitEmblemItem,25,0.36,5.04
TFT17_Galio,TFT17_AnimaSquadItem_Tier1_SavageSlicer,21,0.3333333333333333,5.571428571428571
TFT17_Galio,TFT5_Item_IonicSparkRadiant,6,0.3333333333333333,4.833333333333333
TFT17_Galio,TFT_Item_Spatula,9,0.3333333333333333,5.888888888888889
TFT17_Galio,TFT5_Item_NightHarvesterRadiant,13,0.23076923076923078,5.846153846153846
TFT17_Galio,TFT17_Item_PsyOps_SympatheticImplantMod,7,0.14285714285714285,5.428571428571429
TFT17_Galio,TFT17_Item_RangedTraitEmblemItem,8,0.0,7.75
TFT17_Gnar,TFT_Item_EmptyBag,6,1.0,1.5
TFT17_Gnar,TFT17_AnimaSquadItem_Tier2_BattleBunnyCrossbow,8,0.75,2.875
TFT17_Gnar,TFT17_Item_Artifact_VarusArtifact,90,0.6666666666666666,3.9444444444444446
TFT17_Gnar,TFT5_Item_TrapClawRadiant,9,0.6666666666666666,4.0
TFT17_Gnar,TFT_Item_ForceOfNature,21,0.6666666666666666,3.0476190476190474
TFT17_Gnar,TFT_Item_Spatula,6,0.6666666666666666,4.5
TFT17_Gnar,TFT5_Item_InfinityEdgeRadiant,133,0.6541353383458647,3.9097744360902253
TFT17_Gnar,TFT_Item_Artifact_TitanicHydra,48,0.6458333333333334,3.8333333333333335
TFT17_Gnar,TFT17_Item_FlexTraitEmblemItem,50,0.64,4.06
TFT17_Gnar,TFTEvent5YR_Item_GlacialMallet,22,0.6363636363636364,4.136363636363637
TFT17_Gnar,TFT5_Item_DeathbladeRadiant,128,0.6328125,3.703125
TFT17_Gnar,TFTEvent5YR_Item_MaestrosBaton,21,0.6190476190476191,3.761904761904762
TFT17_Gnar,TFT5_Item_ThiefsGlovesRadiant,5,0.6,3.8
TFT17_Gnar,TFT_Item_TearOfTheGoddess,5,0.6,3.6
TFT17_Gnar,TFT5_Item_GiantSlayerRadiant,47,0.5957446808510638,3.851063829787234
TFT17_Gnar,TFT_Item_Artifact_Fishbones,155,0.5870967741935483,4.025806451612903
TFT17_Gnar,TFT5_Item_RunaansHurricaneRadiant,36,0.5833333333333334,3.8055555555555554
TFT17_Gnar,TFT_Item_Artifact_CappaJuice,43,0.5813953488372093,4.232558139534884
TFT17_Gnar,TFT9_Item_CrownOfDemacia,336,0.5803571428571429,4.098214285714286
TFT17_Gnar,TFTEvent5YR_Item_ShimmerscaleDravensAxe,55,0.5636363636363636,4.1454545454545455
TFT17_Gnar,TFT_Item_Artifact_WitsEnd,9,0.5555555555555556,4.333333333333333
TFT17_Gnar,TFT_Item_Deathblade,5199,0.5552990959799962,4.194652817849587
TFT17_Gnar,TFT5_Item_GuinsoosRagebladeRadiant,67,0.5522388059701493,4.1940298507462686
TFT17_Gnar,TFT_Item_InfinityEdge,5394,0.5409714497589915,4.265109380793474
TFT17_Gnar,TFT_Item_RunaansHurricane,1889,0.5389094759131816,4.292747485442033
TFT17_Gnar,TFT_Item_GuinsoosRageblade,8013,0.5351304130787471,4.2932734306751525
TFT17_Gnar,TFT4_Item_OrnnTheCollector,90,0.5222222222222223,4.2444444444444445
TFT17_Gnar,TFT17_Item_AssassinTraitEmblemItem,69,0.5217391304347826,4.420289855072464
TFT17_Gnar,TFT9_Item_OrnnHorizonFocus,31,0.5161290322580645,4.967741935483871
TFT17_Gnar,TFT_Item_Artifact_NavoriFlickerblades,157,0.5031847133757962,4.414012738853503
TFT17_Gnar,TFT_Item_PowerGauntlet,419,0.5011933174224343,4.505966587112172
TFT17_Gnar,TFT5_Item_LastWhisperRadiant,6,0.5,4.333333333333333
TFT17_Gnar,TFT_Item_ArchangelsStaff,8,0.5,4.875
TFT17_Gnar,TFT_Item_FrozenHeart,6,0.5,5.166666666666667
TFT17_Gnar,TFT_Item_SteraksGage,20,0.5,4.7
TFT17_Gnar,TFT17_Item_PulsefireEmblemItem,80,0.4875,4.6125
TFT17_Gnar,TFT_Item_Artifact_Mittens,38,0.47368421052631576,4.657894736842105
TFT17_Gnar,TFT_Item_MadredsBloodrazor,928,0.4730603448275862,4.59375
TFT17_Gnar,TFT17_Item_MeleeTraitEmblemItem,17,0.47058823529411764,4.470588235294118
TFT17_Gnar,TFT17_Item_PsyOpsEmblemItem,11,0.45454545454545453,4.181818181818182
TFT17_Gnar,TFT7_Item_ShimmerscaleGamblersBlade,150,0.4533333333333333,4.7
TFT17_Gnar,TFT_Item_Quicksilver,122,0.45081967213114754,4.639344262295082
TFT17_Gnar,TFT4_Item_OrnnInfinityForce,20,0.45,4.2
TFT17_Gnar,TFT17_Item_Artifact_YasuoArtifact,103,0.44660194174757284,4.737864077669903
TFT17_Gnar,TFT_Item_Artifact_HellfireHatchet,9,0.4444444444444444,4.444444444444445
TFT17_Gnar,TFT_Item_TacticiansRing,25,0.44,4.4
TFT17_Gnar,TFT17_Item_DRXEmblemItem,16,0.4375,5.0625
TFT17_Gnar,TFT_Item_RapidFireCannon,430,0.43488372093023253,4.809302325581395
TFT17_Gnar,TFT17_Item_PsyOps_TargetlockMod,7,0.42857142857142855,5.142857142857143
TFT17_Gnar,TFT_Item_ThiefsGloves,77,0.42857142857142855,5.103896103896104
TFT17_Gnar,TFT17_EkkoOffering_AnomalyItem,76,0.40789473684210525,4.7894736842105265
TFT17_Gnar,TFT5_Item_RapidFirecannonRadiant,10,0.4,5.0
TFT17_Gnar,TFT_Item_SpectralGauntlet,5,0.4,5.8
TFT17_Gnar,TFT_Item_Artifact_RapidFirecannon,39,0.38461538461538464,4.82051282051282
TFT17_Gnar,TFT_Item_HextechGunblade,115,0.3739130434782609,5.078260869565217
TFT17_Gnar,TFT17_Item_Artifact_EvelynnArtifact,11,0.36363636363636365,5.0
TFT17_Gnar,TFT_Item_TitansResolve,28,0.35714285714285715,5.107142857142857
TFT17_Gnar,TFT_Item_NeedlesslyLargeRod,20,0.35,5.7
TFT17_Gnar,TFT_Item_BFSword,113,0.34513274336283184,5.283185840707965
TFT17_Gnar,TFT_Item_UnstableConcoction,47,0.3404255319148936,5.23404255319149
TFT17_Gnar,TFT_Item_LastWhisper,715,0.33426573426573425,5.183216783216783
TFT17_Gnar,TFT17_Item_DarkStarEmblemItem,27,0.3333333333333333,5.037037037037037
TFT17_Gnar,TFT17_Item_ResistTankEmblemItem,24,0.3333333333333333,5.166666666666667
TFT17_Gnar,TFT17_Item_SpaceGrooveEmblemItem,27,0.3333333333333333,5.37037037037037
TFT17_Gnar,TFTEvent5YR_Item_SevikasJinxedArm,12,0.3333333333333333,5.166666666666667
TFT17_Gnar,TFTEvent5YR_Item_ShimmerscaleCrownOfChampions,9,0.3333333333333333,5.333333333333333
TFT17_Gnar,TFT_Item_Artifact_LudensTempest,9,0.3333333333333333,5.0
TFT17_Gnar,TFT_Item_GuardianAngel,21,0.3333333333333333,5.380952380952381
TFT17_Gnar,TFT_Item_Leviathan,9,0.3333333333333333,5.333333333333333
TFT17_Gnar,TFT_Item_StatikkShiv,18,0.3333333333333333,5.166666666666667
TFT17_Gnar,TFT17_Item_StargazerEmblemItem,123,0.3252032520325203,5.341463414634147
TFT17_Gnar,TFT_Item_JeweledGauntlet,16,0.3125,5.375
TFT17_Gnar,TFT_Item_RecurveBow,96,0.28125,5.6875
TFT17_Gnar,TFT_Item_Morellonomicon,33,0.2727272727272727,5.484848484848484
TFT17_Gnar,TFT_Item_BlueBuff,12,0.25,5.583333333333333
TFT17_Gnar,TFT_Item_Bloodthirster,13,0.23076923076923078,5.769230769230769
TFT17_Gnar,TFT17_AnimaSquadItem_Tier0_SparkingPrototype,9,0.2222222222222222,5.888888888888889
TFT17_Gnar,TFT_Item_AdaptiveHelm,9,0.2222222222222222,6.222222222222222
TFT17_Gnar,TFT_Item_Artifact_StatikkShiv,5,0.2,6.0
TFT17_Gnar,TFT_Item_SpearOfShojin,26,0.19230769230769232,5.884615384615385
TFT17_Gnar,TFT_Item_SparringGloves,48,0.1875,6.0625
TFT17_Gnar,TFT17_Item_ASTraitEmblemItem,22,0.18181818181818182,5.909090909090909
TFT17_Gnar,TFT_Item_RabadonsDeathcap,6,0.16666666666666666,6.333333333333333
TFT17_Gnar,TFT17_Item_FavoredEmblemItem,7,0.14285714285714285,6.428571428571429
TFT17_Gragas,TFT5_Item_RabadonsDeathcapRadiant,8,1.0,1.875
TFT17_Gragas,TFT_Item_EmptyBag,33,0.9696969696969697,1.7272727272727273
TFT17_Gragas,TFT_Item_TacticiansScepter,7,0.8571428571428571,3.0
TFT17_Gragas,TFTEvent5YR_Item_SevikasJinxedArm,6,0.8333333333333334,3.0
TFT17_Gragas,TFT5_Item_HandOfJusticeRadiant,28,0.8214285714285714,3.142857142857143
TFT17_Gragas,TFT17_Item_PsyOps_TargetlockMod_Radiant,15,0.8,3.7333333333333334
TFT17_Gragas,TFTEvent5YR_Item_LavenderCrown,10,0.8,2.9
TFT17_Gragas,TFT_Item_Artifact_SeekersArmguard,18,0.7777777777777778,3.5555555555555554
TFT17_Gragas,TFT5_Item_WarmogsArmorRadiant,24,0.75,3.4166666666666665
TFT17_Gragas,TFT5_Item_JeweledGauntletRadiant,25,0.72,3.28
TFT17_Gragas,TFT5_Item_GiantSlayerRadiant,7,0.7142857142857143,3.5714285714285716
TFT17_Gragas,TFT_Item_Artifact_LudensTempest,13,0.6923076923076923,3.6153846153846154
TFT17_Gragas,TFT17_Item_PsyOps_SympatheticImplantMod_Radiant,1524,0.6837270341207349,3.559711286089239
TFT17_Gragas,TFT17_Item_Artifact_EvelynnArtifact,9,0.6666666666666666,4.111111111111111
TFT17_Gragas,TFTEvent5YR_Item_ShimmerscaleGoldmancersStaff,6,0.6666666666666666,4.333333333333333
TFT17_Gragas,TFT_Item_Artifact_EternalPact,6,0.6666666666666666,4.333333333333333
TFT17_Gragas,TFT_Item_Artifact_ProwlersClaw,6,0.6666666666666666,3.1666666666666665
TFT17_Gragas,TFT17_Item_ASTraitEmblemItem,8,0.625,4.625
TFT17_Gragas,TFT_Item_Artifact_TalismanOfAscension,8,0.625,4.125
TFT17_Gragas,TFT_Item_HextechGunblade,61,0.6229508196721312,3.9508196721311477
TFT17_Gragas,TFT_Item_PowerGauntlet,156,0.6089743589743589,3.9038461538461537
TFT17_Gragas,TFT17_Item_DarkStarEmblemItem,23,0.6086956521739131,4.434782608695652
TFT17_Gragas,TFT5_Item_BloodthirsterRadiant,5,0.6,3.2
TFT17_Gragas,TFT_Item_Artifact_WitsEnd,5,0.6,3.6
TFT17_Gragas,TFT_Item_UnstableConcoction,2116,0.5869565217391305,4.068525519848771
TFT17_Gragas,TFT_Item_JeweledGauntlet,2217,0.5868290482634191,4.076680198466396
TFT17_Gragas,TFT_Item_LastWhisper,58,0.5862068965517241,4.241379310344827
TFT17_Gragas,TFT17_Item_DRXEmblemItem,158,0.5822784810126582,4.037974683544304
TFT17_Gragas,TFT_Item_RabadonsDeathcap,192,0.5572916666666666,4.239583333333333
TFT17_Gragas,TFT17_Item_PulsefireEmblemItem,72,0.5555555555555556,4.152777777777778
TFT17_Gragas,TFT17_Item_PsyOps_DroneMod_Radiant,176,0.5511363636363636,4.301136363636363
TFT17_Gragas,TFT_Item_IonicSpark,260,0.55,4.296153846153846
TFT17_Gragas,TFT_Item_SparringGloves,31,0.5483870967741935,4.32258064516129
TFT17_Gragas,TFT_Item_Bloodthirster,169,0.5325443786982249,4.384615384615385
TFT17_Gragas,TFT_Item_NightHarvester,424,0.5283018867924528,4.433962264150943
TFT17_Gragas,TFT_Item_SteraksGage,97,0.5257731958762887,4.546391752577319
TFT17_Gragas,TFT_Item_BrambleVest,496,0.5241935483870968,4.44758064516129
TFT17_Gragas,TFT17_Item_SpaceGrooveEmblemItem,50,0.52,4.42
TFT17_Gragas,TFT_Item_ForceOfNature,25,0.52,4.2
TFT17_Gragas,TFT_Item_GuinsoosRageblade,50,0.52,4.7
TFT17_Gragas,TFT_Item_FrozenHeart,751,0.5179760319573902,4.464713715046605
TFT17_Gragas,TFT_Item_TearOfTheGoddess,130,0.5153846153846153,4.3307692307692305
TFT17_Gragas,TFT_Item_NeedlesslyLargeRod,140,0.5142857142857142,4.65
TFT17_Gragas,TFT17_Item_FlexTraitEmblemItem,72,0.5138888888888888,4.416666666666667
TFT17_Gragas,TFT_Item_ThiefsGloves,828,0.5108695652173914,4.451690821256038
TFT17_Gragas,TFT17_Item_ResistTankEmblemItem,51,0.5098039215686274,4.470588235294118
TFT17_Gragas,TFT17_Item_AnimaSquadEmblemItem,126,0.5079365079365079,4.515873015873016
TFT17_Gragas,TFT_Item_Crownguard,689,0.5065312046444121,4.5079825834542815
TFT17_Gragas,TFT17_Item_PrimordianEmblemItem,159,0.5031446540880503,4.421383647798742
TFT17_Gragas,TFT17_Item_AssassinTraitEmblemItem,6,0.5,4.666666666666667
TFT17_Gragas,TFT17_Item_SummonTraitEmblemItem,60,0.5,4.866666666666666
TFT17_Gragas,TFT5_Item_GargoyleStoneplateRadiant,6,0.5,4.833333333333333
TFT17_Gragas,TFT_Item_Artifact_BlightingJewel,8,0.5,4.625
TFT17_Gragas,TFT_Item_Artifact_LightshieldCrest,24,0.5,4.5
TFT17_Gragas,TFT_Item_GargoyleStoneplate,974,0.5,4.5513347022587265
TFT17_Gragas,TFT_Item_Leviathan,76,0.5,4.618421052631579
TFT17_Gragas,TFT_Item_RecurveBow,12,0.5,5.083333333333333
TFT17_Gragas,TFT_Item_Redemption,1014,0.4960552268244576,4.6232741617357
TFT17_Gragas,TFT17_Item_StargazerEmblemItem,57,0.49122807017543857,4.684210526315789
TFT17_Gragas,TFT17_Item_PsyOps_GrenadeMod_Radiant,326,0.48773006134969327,4.659509202453988
TFT17_Gragas,TFT_Item_Deathblade,39,0.48717948717948717,4.512820512820513
TFT17_Gragas,TFT_Item_Morellonomicon,58,0.4827586206896552,4.724137931034483
TFT17_Gragas,TFT_Item_DragonsClaw,431,0.4802784222737819,4.5846867749419955
TFT17_Gragas,TFT_Item_Quicksilver,50,0.48,4.42
TFT17_Gragas,TFT_Item_WarmogsArmor,1011,0.47873392680514343,4.652818991097923
TFT17_Gragas,TFT_Item_InfinityEdge,23,0.4782608695652174,4.434782608695652
TFT17_Gragas,TFT_Item_AdaptiveHelm,481,0.4760914760914761,4.62993762993763
TFT17_Gragas,TFT_Item_NegatronCloak,157,0.4713375796178344,4.630573248407643
TFT17_Gragas,TFT9_Item_OrnnHullbreaker,17,0.47058823529411764,4.9411764705882355
TFT17_Gragas,TFT17_Item_Artifact_ThreshLantern,30,0.4666666666666667,4.766666666666667
TFT17_Gragas,TFT_Item_SpectralGauntlet,876,0.4634703196347032,4.762557077625571
TFT17_Gragas,TFT_Item_SpearOfShojin,41,0.4634146341463415,4.878048780487805
TFT17_Gragas,TFT_Item_GiantsBelt,256,0.4609375,4.6875
TFT17_Gragas,TFT_Item_GuardianAngel,74,0.4594594594594595,4.945945945945946
TFT17_Gragas,TFT_Item_Artifact_TheIndomitable,72,0.4583333333333333,4.902777777777778
TFT17_Gragas,TFT_Item_RedBuff,1000,0.454,4.779
TFT17_Gragas,TFT17_Item_FavoredEmblemItem,64,0.453125,4.703125
TFT17_Gragas,TFT_Item_MadredsBloodrazor,102,0.45098039215686275,4.950980392156863
TFT17_Gragas,TFT17_AnimaSquadItem_Tier1_TentacleSlam,20,0.45,4.8
TFT17_Gragas,TFT17_Item_AstronautEmblemItem,70,0.44285714285714284,4.614285714285714
TFT17_Gragas,TFT17_Item_PsyOps_DroneMod,114,0.43859649122807015,4.9298245614035086
TFT17_Gragas,TFT17_Item_Artifact_SorakaArtifact,48,0.4375,4.875
TFT17_Gragas,TFT17_EkkoOffering_AnomalyItem,151,0.4304635761589404,4.860927152317881
TFT17_Gragas,TFT17_Item_ShieldTankEmblemItem,84,0.42857142857142855,4.857142857142857
TFT17_Gragas,TFT_Item_TacticiansRing,28,0.42857142857142855,4.5
TFT17_Gragas,TFT17_Item_MeleeTraitEmblemItem,103,0.42718446601941745,4.737864077669903
TFT17_Gragas,TFT_Item_RapidFireCannon,53,0.41509433962264153,4.716981132075472
TFT17_Gragas,TFT_Item_ChainVest,209,0.40669856459330145,4.985645933014354
TFT17_Gragas,TFT_Item_Artifact_VoidGauntlet,32,0.40625,5.0
TFT17_Gragas,TFT_Item_TitansResolve,62,0.4032258064516129,4.967741935483871
TFT17_Gragas,TFT17_Item_PsyOps_TargetlockMod,10,0.4,4.9
TFT17_Gragas,TFT5_Item_CrownguardRadiant,5,0.4,4.8
TFT17_Gragas,TFT17_Item_PsyOps_GrenadeMod,463,0.39956803455723544,4.991360691144709
TFT17_Gragas,TFT_Item_Artifact_AegisOfDusk,21,0.38095238095238093,5.142857142857143
TFT17_Gragas,TFT_Item_RunaansHurricane,42,0.38095238095238093,4.9523809523809526
TFT17_Gragas,TFT17_AnimaSquadItem_Tier0_ClunkyPrototype,43,0.37209302325581395,5.232558139534884
TFT17_Gragas,TFT17_AnimaSquadItem_Tier0_LeakyPrototype,14,0.35714285714285715,5.428571428571429
TFT17_Gragas,TFT_Item_StatikkShiv,78,0.34615384615384615,5.243589743589744
TFT17_Gragas,TFT_Item_ArchangelsStaff,70,0.34285714285714286,5.0
TFT17_Gragas,TFT_Item_Artifact_AegisOfDawn,21,0.3333333333333333,5.095238095238095
TFT17_Gragas,TFT_Item_BlueBuff,53,0.32075471698113206,5.09433962264151
TFT17_Gragas,TFT17_Item_PsyOps_SympatheticImplantMod,353,0.311614730878187,5.334277620396601
TFT17_Gragas,TFT4_Item_OrnnZhonyasParadox,7,0.2857142857142857,5.571428571428571
TFT17_Gragas,TFT7_Item_ShimmerscaleMogulsMail,24,0.20833333333333334,5.833333333333333
TFT17_Gragas,TFT5_Item_NightHarvesterRadiant,5,0.2,5.2
TFT17_Gragas,TFT17_Item_PsyOps_ChemicalCapacitorMod,12,0.16666666666666666,5.75
TFT17_Gragas,TFT_Item_BFSword,12,0.16666666666666666,6.333333333333333
TFT17_Gragas,TFT5_Item_ThiefsGlovesRadiant,16,0.125,5.6875
TFT17_Gragas,TFT_Item_Artifact_SilvermereDawn,9,0.1111111111111111,5.333333333333333
TFT17_Graves,TFT_Item_EmptyBag,223,0.9730941704035875,1.295964125560538
TFT17_Graves,TFT17_AnimaSquadItem_Tier2_CyclonicSlicers,9,0.8888888888888888,1.8888888888888888
TFT17_Graves,TFTEvent5YR_Item_GlacialMallet,86,0.8837209302325582,2.302325581395349
TFT17_Graves,TFT17_AnimaSquadItem_Tier2_Annihilator,15,0.8666666666666667,2.3333333333333335
TFT17_Graves,TFT17_Item_PsyOps_DroneMod_Radiant,5,0.8,3.8
TFT17_Graves,TFT5_Item_HandOfJusticeRadiant,13,0.7692307692307693,3.6923076923076925
TFT17_Graves,TFTEvent5YR_Item_SevikasJinxedArm,67,0.7611940298507462,3.014925373134328
TFT17_Graves,TFT_Item_Artifact_CappaJuice,28,0.75,3.0714285714285716
TFT17_Graves,TFT_Item_ForceOfNature,8,0.75,3.75
TFT17_Graves,TFT17_AnimaSquadItem_Tier2_BattleBunnyCrossbow,281,0.7330960854092526,3.0640569395017794
TFT17_Graves,TFTEvent5YR_Item_LavenderCrown,22,0.7272727272727273,3.4545454545454546
TFT17_Graves,TFT17_AnimaSquadItem_Tier2_UwuBlaster,73,0.7123287671232876,3.26027397260274
TFT17_Graves,TFT_Item_Artifact_TitanicHydra,282,0.7056737588652482,3.1631205673758864
TFT17_Graves,TFT17_Item_PsyOps_ChemicalCapacitorMod_Radiant,20,0.7,4.1
TFT17_Graves,TFT17_AnimaSquadItem_Tier2_EchoingBatblades,85,0.6941176470588235,3.164705882352941
TFT17_Graves,TFTEvent5YR_Item_MaestrosBaton,31,0.6774193548387096,3.6451612903225805
TFT17_Graves,TFT_Item_Artifact_HellfireHatchet,160,0.675,3.425
TFT17_Graves,TFT17_AnimaSquadItem_Tier0_ClunkyPrototype,6,0.6666666666666666,3.8333333333333335
TFT17_Graves,TFT17_AnimaSquadItem_Tier3_BattleBunnyCrossbow,6,0.6666666666666666,3.6666666666666665
TFT17_Graves,TFT17_Item_PrimordianEmblemItem,6,0.6666666666666666,4.5
TFT17_Graves,TFT5_Item_WarmogsArmorRadiant,6,0.6666666666666666,4.166666666666667
TFT17_Graves,TFTEvent5YR_Item_ShimmerscaleCrownOfChampions,21,0.6666666666666666,3.3333333333333335
TFT17_Graves,TFT17_Item_Artifact_VarusArtifact,62,0.6612903225806451,3.5806451612903225
TFT17_Graves,TFT5_Item_ArchangelsStaffRadiant,17,0.6470588235294118,4.0588235294117645
TFT17_Graves,TFT_Item_PowerGauntlet,4448,0.6393884892086331,3.677607913669065
TFT17_Graves,TFT17_Item_HPTankEmblemItem,335,0.6268656716417911,3.719402985074627
TFT17_Graves,TFT5_Item_CrownguardRadiant,8,0.625,3.875
TFT17_Graves,TFT_Item_UnstableConcoction,2416,0.6179635761589404,3.7884933774834435
TFT17_Graves,TFT_Item_Artifact_WitsEnd,31,0.6129032258064516,3.806451612903226
TFT17_Graves,TFT17_Item_AstronautEmblemItem,144,0.6041666666666666,3.8819444444444446
TFT17_Graves,TFT_Item_MadredsBloodrazor,8916,0.6040825482279049,3.8437640197397935
TFT17_Graves,TFT_Item_SteraksGage,4883,0.603112840466926,3.848044235101372
TFT17_Graves,TFT5_Item_JeweledGauntletRadiant,5,0.6,4.2
TFT17_Graves,TFT5_Item_LeviathanRadiant,5,0.6,4.2
TFT17_Graves,TFTEvent5YR_Item_ShimmerscaleGoldmancersStaff,5,0.6,3.2
TFT17_Graves,TFT_Item_Quicksilver,9842,0.5950010160536476,3.877768746189799
TFT17_Graves,TFT_Item_HextechGunblade,1062,0.5941619585687382,3.9077212806026367
TFT17_Graves,TFT5_Item_InfinityEdgeRadiant,27,0.5925925925925926,4.296296296296297
TFT17_Graves,TFT5_Item_GiantSlayerRadiant,103,0.5922330097087378,3.9514563106796117
TFT17_Graves,TFT_Item_GuardianAngel,2667,0.5913010873640795,3.9820022497187852
TFT17_Graves,TFT9_Item_OrnnHorizonFocus,51,0.5882352941176471,4.1568627450980395
TFT17_Graves,TFT17_Item_PsyOps_TargetlockMod,114,0.5877192982456141,4.0701754385964914
TFT17_Graves,TFT5_Item_QuicksilverRadiant,29,0.5862068965517241,4.068965517241379
TFT17_Graves,TFT_Item_Deathblade,8122,0.5856931790199458,3.931297709923664
TFT17_Graves,TFT5_Item_RunaansHurricaneRadiant,12,0.5833333333333334,4.0
TFT17_Graves,TFT_Item_Artifact_Fishbones,156,0.5833333333333334,3.83974358974359
TFT17_Graves,TFT4_Item_OrnnInfinityForce,127,0.5826771653543307,4.070866141732283
TFT17_Graves,TFT_Item_InfinityEdge,3551,0.5792734441002535,4.028161081385525
TFT17_Graves,TFT5_Item_SteraksGageRadiant,19,0.5789473684210527,5.0
TFT17_Graves,TFT17_Item_PsyOps_ChemicalCapacitorMod,204,0.5735294117647058,4.009803921568627
TFT17_Graves,TFT_Item_Artifact_ProwlersClaw,88,0.5681818181818182,4.329545454545454
TFT17_Graves,TFT_Item_Redemption,113,0.5663716814159292,4.3628318584070795
TFT17_Graves,TFT17_Item_MeleeTraitEmblemItem,736,0.5597826086956522,4.03125
TFT17_Graves,TFT4_Item_OrnnTheCollector,163,0.558282208588957,3.9693251533742333
TFT17_Graves,TFT17_Item_AssassinTraitEmblemItem,189,0.5555555555555556,4.243386243386244
TFT17_Graves,TFT17_Item_PsyOps_TargetlockMod_Radiant,9,0.5555555555555556,4.222222222222222
TFT17_Graves,TFT_Item_Bloodthirster,1784,0.5521300448430493,4.204596412556054
TFT17_Graves,TFT4_Item_OrnnDeathsDefiance,100,0.55,4.24
TFT17_Graves,TFT_Item_Artifact_Mittens,120,0.55,4.108333333333333
TFT17_Graves,TFT_Item_RunaansHurricane,1826,0.5492880613362541,4.108433734939759
TFT17_Graves,TFT_Item_BlueBuff,861,0.5389082462253194,4.186991869918699
TFT17_Graves,TFT5_Item_LastWhisperRadiant,13,0.5384615384615384,4.3076923076923075
TFT17_Graves,TFT_Item_Artifact_LudensTempest,39,0.5384615384615384,4.410256410256411
TFT17_Graves,TFT17_Item_StargazerEmblemItem,416,0.5360576923076923,4.209134615384615
TFT17_Graves,TFT17_Item_Artifact_EvelynnArtifact,135,0.5333333333333333,4.207407407407407
TFT17_Graves,TFT5_Item_TrapClawRadiant,30,0.5333333333333333,3.7666666666666666
TFT17_Graves,TFT_Item_SpearOfShojin,2289,0.5325469637396243,4.210572302315422
TFT17_Graves,TFT_Item_TitansResolve,851,0.5323149236192715,4.218566392479436
TFT17_Graves,TFT17_Item_DarkStarEmblemItem,617,0.5299837925445705,4.235008103727715
TFT17_Graves,TFT17_Item_PsyOpsEmblemItem,123,0.5284552845528455,4.317073170731708
TFT17_Graves,TFT_Item_WarmogsArmor,212,0.5283018867924528,4.3584905660377355
TFT17_Graves,TFT17_EkkoOffering_AnomalyItem,580,0.5275862068965518,4.255172413793104
TFT17_Graves,TFT9_Item_CrownOfDemacia,19,0.5263157894736842,4.473684210526316
TFT17_Graves,TFT17_Item_ASTraitEmblemItem,239,0.5230125523012552,4.368200836820083
TFT17_Graves,TFT5_Item_ThiefsGlovesRadiant,93,0.5161290322580645,4.473118279569892
TFT17_Graves,TFT_Item_LastWhisper,1976,0.5151821862348178,4.310728744939271
TFT17_Graves,TFT17_AnimaSquadItem_Tier1_SavageSlicer,148,0.5135135135135135,4.4391891891891895
TFT17_Graves,TFT5_Item_DeathbladeRadiant,122,0.5081967213114754,4.385245901639344
TFT17_Graves,TFTEvent5YR_Item_ShimmerscaleDravensAxe,107,0.5046728971962616,4.11214953271028
TFT17_Graves,TFT17_Item_Artifact_YasuoArtifact,123,0.5040650406504065,4.390243902439025
TFT17_Graves,TFT17_Item_PsyOps_SympatheticImplantMod_Radiant,8,0.5,4.125
TFT17_Graves,TFT5_Item_HextechGunbladeRadiant,8,0.5,4.25
TFT17_Graves,TFT5_Item_RedemptionRadiant,6,0.5,4.833333333333333
TFT17_Graves,TFT5_Item_SpectralGauntletRadiant,6,0.5,4.833333333333333
TFT17_Graves,TFT5_Item_StatikkShivRadiant,6,0.5,4.666666666666667
TFT17_Graves,TFT_Item_Artifact_RapidFirecannon,88,0.5,4.318181818181818
TFT17_Graves,TFT_Item_Artifact_TalismanOfAscension,16,0.5,4.5
TFT17_Graves,TFT_Item_TacticiansRing,8,0.5,4.75
TFT17_Graves,TFT_Item_RedBuff,120,0.49166666666666664,4.783333333333333
TFT17_Graves,TFT17_Item_RangedTraitEmblemItem,297,0.4882154882154882,4.434343434343434
TFT17_Graves,TFT17_Item_ResistTankEmblemItem,156,0.48717948717948717,4.487179487179487
TFT17_Graves,TFT_Item_ThiefsGloves,2211,0.4789687924016282,4.5843509724106735
TFT17_Graves,TFT_Item_ArchangelsStaff,101,0.4752475247524752,4.900990099009901
TFT17_Graves,TFT5_Item_RapidFirecannonRadiant,17,0.47058823529411764,4.352941176470588
TFT17_Graves,TFT_Item_RapidFireCannon,1229,0.467046379170057,4.549227013832384
TFT17_Graves,TFT_Item_GuinsoosRageblade,2253,0.4647137150466045,4.657345761207279
TFT17_Graves,TFT5_Item_GuardianAngelRadiant,13,0.46153846153846156,4.6923076923076925
TFT17_Graves,TFT17_Item_SpaceGrooveEmblemItem,275,0.4581818181818182,4.578181818181818
TFT17_Graves,TFT_Item_GargoyleStoneplate,116,0.45689655172413796,4.732758620689655
TFT17_Graves,TFT_Item_BrambleVest,114,0.45614035087719296,4.728070175438597
TFT17_Graves,TFT17_Item_PsyOps_SympatheticImplantMod,56,0.44642857142857145,4.910714285714286
TFT17_Graves,TFT17_Item_FlexTraitEmblemItem,54,0.4444444444444444,4.592592592592593
TFT17_Graves,TFT9_Item_OrnnHullbreaker,18,0.4444444444444444,4.611111111111111
TFT17_Graves,TFT_Item_Artifact_SilvermereDawn,18,0.4444444444444444,4.722222222222222
TFT17_Graves,TFT7_Item_ShimmerscaleGamblersBlade,70,0.44285714285714284,4.771428571428571
TFT17_Graves,TFT17_Item_ShieldTankEmblemItem,25,0.44,5.12
TFT17_Graves,TFT5_Item_BloodthirsterRadiant,16,0.4375,4.9375
TFT17_Graves,TFT_Item_JeweledGauntlet,117,0.4358974358974359,5.05982905982906
TFT17_Graves,TFT_Item_Leviathan,271,0.4317343173431734,4.74169741697417
TFT17_Graves,TFT_Item_Artifact_Dawncore,51,0.43137254901960786,4.647058823529412
TFT17_Graves,TFT_Item_NightHarvester,130,0.4307692307692308,4.984615384615385
TFT17_Graves,TFT5_Item_SpearOfShojinRadiant,21,0.42857142857142855,4.714285714285714
TFT17_Graves,TFT_Item_AdaptiveHelm,356,0.4241573033707865,4.865168539325842
TFT17_Graves,TFT_Item_SpectralGauntlet,141,0.41843971631205673,4.914893617021277
TFT17_Graves,TFT_Item_DragonsClaw,87,0.41379310344827586,4.839080459770115
TFT17_Graves,TFT_Item_IonicSpark,56,0.4107142857142857,4.910714285714286
TFT17_Graves,TFT_Item_RabadonsDeathcap,112,0.4017857142857143,4.946428571428571
TFT17_Graves,TFT17_AnimaSquadItem_Tier1_TentacleSlam,5,0.4,5.0
TFT17_Graves,TFT17_Item_DRXEmblemItem,191,0.39790575916230364,5.052356020942408
TFT17_Graves,TFT_Item_FrozenHeart,108,0.3888888888888889,5.083333333333333
TFT17_Graves,TFT_Item_Crownguard,81,0.38271604938271603,5.049382716049383
TFT17_Graves,TFT_Item_StatikkShiv,147,0.38095238095238093,5.068027210884353
TFT17_Graves,TFT17_Item_PulsefireEmblemItem,79,0.379746835443038,5.012658227848101
TFT17_Graves,TFT_Item_Artifact_NavoriFlickerblades,67,0.373134328358209,5.08955223880597
TFT17_Graves,TFT17_Item_PsyOps_DroneMod,62,0.3709677419354839,5.0
TFT17_Graves,TFT4_Item_OrnnZhonyasParadox,11,0.36363636363636365,5.454545454545454
TFT17_Graves,TFT5_Item_GuinsoosRagebladeRadiant,17,0.35294117647058826,5.647058823529412
TFT17_Graves,TFT_Item_Morellonomicon,262,0.33969465648854963,5.179389312977099
TFT17_Graves,TFT17_AnimaSquadItem_Tier1_RocketSwarm,77,0.33766233766233766,5.5064935064935066
TFT17_Graves,TFT5_Item_MorellonomiconRadiant,6,0.3333333333333333,4.833333333333333
TFT17_Graves,TFT_Item_Artifact_SeekersArmguard,12,0.3333333333333333,5.25
TFT17_Graves,TFT17_AnimaSquadItem_Tier1_GuidingHex,10,0.3,6.0
TFT17_Graves,TFT_Item_TearOfTheGoddess,41,0.2926829268292683,5.439024390243903
TFT17_Graves,TFT_Item_Artifact_LichBane,7,0.2857142857142857,5.142857142857143
TFT17_Graves,TFT_Item_Artifact_StatikkShiv,7,0.2857142857142857,5.428571428571429
TFT17_Graves,TFT17_AnimaSquadItem_Tier0_LeakyPrototype,18,0.2777777777777778,5.722222222222222
TFT17_Graves,TFT17_AnimaSquadItem_Tier0_SparkingPrototype,88,0.2727272727272727,5.829545454545454
TFT17_Graves,TFT_Item_GiantsBelt,35,0.2571428571428571,5.742857142857143
TFT17_Graves,TFT5_Item_TitansResolveRadiant,8,0.25,5.125
TFT17_Graves,TFT_Item_RecurveBow,168,0.24404761904761904,5.9523809523809526
TFT17_Graves,TFT17_Item_SummonTraitEmblemItem,22,0.22727272727272727,5.545454545454546
TFT17_Graves,TFT_Item_SparringGloves,147,0.22448979591836735,6.129251700680272
TFT17_Graves,TFT_Item_NegatronCloak,23,0.21739130434782608,6.260869565217392
TFT17_Graves,TFT17_Item_AnimaSquadEmblemItem,5,0.2,5.6
TFT17_Graves,TFT5_Item_BlueBuffRadiant,5,0.2,5.2
TFT17_Graves,TFT_Item_ChainVest,16,0.1875,6.3125
TFT17_Graves,TFT_Item_BFSword,278,0.17625899280575538,6.377697841726619
TFT17_Graves,TFT17_Item_Artifact_EkkoArtifact,6,0.16666666666666666,6.5
TFT17_Graves,TFT_Item_NeedlesslyLargeRod,17,0.11764705882352941,6.764705882352941
TFT17_Graves,TFT17_Item_FavoredEmblemItem,18,0.1111111111111111,6.722222222222222
TFT17_Gwen,TFT_Item_Artifact_EternalPact,5,1.0,2.4
TFT17_Gwen,TFT_Item_EmptyBag,89,0.9101123595505618,1.550561797752809
TFT17_Gwen,TFT5_Item_StatikkShivRadiant,7,0.8571428571428571,2.5714285714285716
TFT17_Gwen,TFT5_Item_IonicSparkRadiant,6,0.8333333333333334,3.5
TFT17_Gwen,TFT5_Item_SteraksGageRadiant,6,0.8333333333333334,3.5
TFT17_Gwen,TFT_Item_ForceOfNature,21,0.8095238095238095,3.5238095238095237
TFT17_Gwen,TFT5_Item_TitansResolveRadiant,5,0.8,3.4
TFT17_Gwen,TFT_Item_Artifact_LudensTempest,11,0.7272727272727273,4.090909090909091
TFT17_Gwen,TFT5_Item_ThiefsGlovesRadiant,64,0.703125,3.671875
TFT17_Gwen,TFT_Item_DragonsClaw,70,0.7,3.7142857142857144
TFT17_Gwen,TFT17_AnimaSquadItem_Tier1_RocketSwarm,13,0.6923076923076923,3.8461538461538463
TFT17_Gwen,TFT5_Item_QuicksilverRadiant,6,0.6666666666666666,4.666666666666667
TFT17_Gwen,TFT17_AnimaSquadItem_Tier1_GuidingHex,17,0.6470588235294118,4.117647058823529
TFT17_Gwen,TFT5_Item_HandOfJusticeRadiant,14,0.6428571428571429,4.071428571428571
TFT17_Gwen,TFT5_Item_RabadonsDeathcapRadiant,14,0.6428571428571429,4.0
TFT17_Gwen,TFT7_Item_ShimmerscaleGamblersBlade,14,0.6428571428571429,3.4285714285714284
TFT17_Gwen,TFT_Item_ChainVest,39,0.6410256410256411,3.8461538461538463
TFT17_Gwen,TFT_Item_NightHarvester,84,0.6309523809523809,3.869047619047619
TFT17_Gwen,TFT5_Item_LeviathanRadiant,8,0.625,4.0
TFT17_Gwen,TFT_Item_Artifact_WitsEnd,39,0.6153846153846154,4.102564102564102
TFT17_Gwen,TFT_Item_LastWhisper,171,0.6140350877192983,3.91812865497076
TFT17_Gwen,TFT_Item_TacticiansRing,38,0.6052631578947368,4.0
TFT17_Gwen,TFT17_Item_Artifact_AhriArtifact,25,0.6,4.12
TFT17_Gwen,TFT17_Item_DRXEmblemItem,85,0.6,3.976470588235294
TFT17_Gwen,TFT17_Item_PsyOps_SympatheticImplantMod_Radiant,10,0.6,4.1
TFT17_Gwen,TFT5_Item_GiantSlayerRadiant,40,0.6,4.025
TFT17_Gwen,TFT5_Item_GuardianAngelRadiant,5,0.6,4.2
TFT17_Gwen,TFT_Item_Redemption,65,0.6,4.246153846153846
TFT17_Gwen,TFT_Item_SpectralGauntlet,75,0.6,4.066666666666666
TFT17_Gwen,TFT17_Item_ShieldTankEmblemItem,68,0.5882352941176471,4.1911764705882355
TFT17_Gwen,TFT_Item_SpearOfShojin,248,0.5846774193548387,4.270161290322581
TFT17_Gwen,TFTEvent5YR_Item_SevikasJinxedArm,12,0.5833333333333334,4.0
TFT17_Gwen,TFT_Item_PowerGauntlet,313,0.5814696485623003,4.086261980830671
TFT17_Gwen,TFT_Item_FrozenHeart,74,0.581081081081081,4.162162162162162
TFT17_Gwen,TFT_Item_ThiefsGloves,1276,0.5807210031347962,4.061128526645768
TFT17_Gwen,TFT_Item_MadredsBloodrazor,631,0.5800316957210776,4.0998415213946116
TFT17_Gwen,TFT17_Item_PrimordianEmblemItem,26,0.5769230769230769,3.9615384615384617
TFT17_Gwen,TFT17_Item_ResistTankEmblemItem,96,0.5729166666666666,4.052083333333333
TFT17_Gwen,TFT5_Item_BloodthirsterRadiant,7,0.5714285714285714,4.428571428571429
TFT17_Gwen,TFT5_Item_DragonsClawRadiant,7,0.5714285714285714,3.0
TFT17_Gwen,TFT_Item_Artifact_Dawncore,14,0.5714285714285714,4.214285714285714
TFT17_Gwen,TFT_Item_SteraksGage,109,0.5688073394495413,4.2110091743119265
TFT17_Gwen,TFT_Item_BrambleVest,71,0.5633802816901409,4.380281690140845
TFT17_Gwen,TFT_Item_Crownguard,178,0.5617977528089888,4.219101123595506
TFT17_Gwen,TFT17_Item_Artifact_EvelynnArtifact,50,0.56,4.72
TFT17_Gwen,TFT_Item_WarmogsArmor,111,0.5585585585585585,4.171171171171171
TFT17_Gwen,TFT_Item_HextechGunblade,697,0.5552367288378766,4.318507890961262
TFT17_Gwen,TFT_Item_InfinityEdge,78,0.5512820512820513,4.358974358974359
TFT17_Gwen,TFT17_Item_HPTankEmblemItem,31,0.5483870967741935,4.129032258064516
TFT17_Gwen,TFT_Item_AdaptiveHelm,201,0.5472636815920398,4.199004975124378
TFT17_Gwen,TFTEvent5YR_Item_LavenderCrown,35,0.5428571428571428,4.4
TFT17_Gwen,TFT_Item_Quicksilver,257,0.5369649805447471,4.237354085603113
TFT17_Gwen,TFT17_Item_PulsefireEmblemItem,153,0.5359477124183006,4.235294117647059
TFT17_Gwen,TFT_Item_BlueBuff,239,0.5271966527196653,4.418410041841004
TFT17_Gwen,TFT17_AnimaSquadItem_Tier0_LeakyPrototype,21,0.5238095238095238,4.571428571428571
TFT17_Gwen,TFT_Item_UnstableConcoction,817,0.5226438188494492,4.3904528763769886
TFT17_Gwen,TFT_Item_TitansResolve,190,0.5210526315789473,4.394736842105263
TFT17_Gwen,TFT_Item_ArchangelsStaff,242,0.5206611570247934,4.433884297520661
TFT17_Gwen,TFT_Item_GuardianAngel,429,0.5198135198135199,4.314685314685315
TFT17_Gwen,TFT_Item_IonicSpark,239,0.5146443514644351,4.410041841004184
TFT17_Gwen,TFT_Item_JeweledGauntlet,1372,0.5072886297376094,4.490524781341108
TFT17_Gwen,TFT17_Item_PsyOps_ChemicalCapacitorMod,79,0.5063291139240507,4.69620253164557
TFT17_Gwen,TFT17_Item_AstronautEmblemItem,36,0.5,4.611111111111111
TFT17_Gwen,TFT4_Item_OrnnDeathsDefiance,26,0.5,4.615384615384615
TFT17_Gwen,TFT5_Item_SpearOfShojinRadiant,6,0.5,3.6666666666666665
TFT17_Gwen,TFT_Item_BFSword,108,0.5,4.361111111111111
TFT17_Gwen,TFT_Item_GiantsBelt,46,0.5,4.6521739130434785
TFT17_Gwen,TFT_Item_RunaansHurricane,84,0.5,4.595238095238095
TFT17_Gwen,TFT_Item_RabadonsDeathcap,822,0.49878345498783455,4.507299270072993
TFT17_Gwen,TFT_Item_Leviathan,295,0.49830508474576274,4.4847457627118645
TFT17_Gwen,TFT_Item_Bloodthirster,488,0.4979508196721312,4.450819672131147
TFT17_Gwen,TFT_Item_GuinsoosRageblade,218,0.4954128440366973,4.568807339449541
TFT17_Gwen,TFT_Item_RapidFireCannon,400,0.4925,4.5
TFT17_Gwen,TFT17_EkkoOffering_AnomalyItem,59,0.4915254237288136,4.593220338983051
TFT17_Gwen,TFT17_Item_RangedTraitEmblemItem,131,0.48854961832061067,4.534351145038168
TFT17_Gwen,TFT_Item_NegatronCloak,41,0.4878048780487805,4.439024390243903
TFT17_Gwen,TFT_Item_GargoyleStoneplate,93,0.4838709677419355,4.494623655913978
TFT17_Gwen,TFT_Item_RedBuff,131,0.48091603053435117,4.488549618320611
TFT17_Gwen,TFT_Item_Artifact_SeekersArmguard,57,0.47368421052631576,4.614035087719298
TFT17_Gwen,TFT_Item_NeedlesslyLargeRod,269,0.4684014869888476,4.561338289962825
TFT17_Gwen,TFT_Item_Artifact_StatikkShiv,15,0.4666666666666667,5.4
TFT17_Gwen,TFT_Item_StatikkShiv,670,0.46567164179104475,4.673134328358209
TFT17_Gwen,TFT4_Item_OrnnZhonyasParadox,39,0.46153846153846156,4.769230769230769
TFT17_Gwen,TFT17_Item_ASTraitEmblemItem,87,0.45977011494252873,4.896551724137931
TFT17_Gwen,TFT17_AnimaSquadItem_Tier0_SparkingPrototype,24,0.4583333333333333,4.625
TFT17_Gwen,TFT5_Item_JeweledGauntletRadiant,24,0.4583333333333333,4.75
TFT17_Gwen,TFT17_Item_StargazerEmblemItem,183,0.453551912568306,4.601092896174864
TFT17_Gwen,TFT_Item_Morellonomicon,484,0.4524793388429752,4.7272727272727275
TFT17_Gwen,TFT_Item_SparringGloves,112,0.44642857142857145,4.705357142857143
TFT17_Gwen,TFT17_Item_PsyOpsEmblemItem,83,0.4457831325301205,4.566265060240964
TFT17_Gwen,TFT_Item_RecurveBow,174,0.4425287356321839,4.908045977011494
TFT17_Gwen,TFT_Item_Artifact_LichBane,41,0.43902439024390244,4.7560975609756095
TFT17_Gwen,TFT_Item_Deathblade,98,0.4387755102040816,4.714285714285714
TFT17_Gwen,TFT17_Item_MeleeTraitEmblemItem,56,0.42857142857142855,5.071428571428571
TFT17_Gwen,TFT4_Item_OrnnInfinityForce,38,0.42105263157894735,4.7368421052631575
TFT17_Gwen,TFT_Item_Artifact_BlightingJewel,12,0.4166666666666667,4.666666666666667
TFT17_Gwen,TFT_Item_Artifact_RapidFirecannon,12,0.4166666666666667,5.0
TFT17_Gwen,TFTEvent5YR_Item_ShimmerscaleGoldmancersStaff,17,0.4117647058823529,5.176470588235294
TFT17_Gwen,TFT17_Item_PsyOps_SympatheticImplantMod,69,0.4057971014492754,4.956521739130435
TFT17_Gwen,TFT17_Item_SummonTraitEmblemItem,72,0.4027777777777778,5.027777777777778
TFT17_Gwen,TFT17_Item_Artifact_YasuoArtifact,5,0.4,5.2
TFT17_Gwen,TFT_Item_Spatula,5,0.4,5.4
TFT17_Gwen,TFT_Item_TearOfTheGoddess,85,0.4,4.858823529411764
TFT17_Gwen,TFT17_Item_PsyOps_DroneMod,57,0.38596491228070173,5.175438596491228
TFT17_Gwen,TFT5_Item_HextechGunbladeRadiant,13,0.38461538461538464,4.769230769230769
TFT17_Gwen,TFT17_Item_DarkStarEmblemItem,86,0.38372093023255816,5.1395348837209305
TFT17_Gwen,TFT17_Item_FlexTraitEmblemItem,81,0.37037037037037035,4.950617283950617
TFT17_Gwen,TFT17_Item_PsyOps_TargetlockMod,19,0.3684210526315789,5.315789473684211
TFT17_Gwen,TFT17_AnimaSquadItem_Tier1_SavageSlicer,11,0.36363636363636365,5.2727272727272725
TFT17_Gwen,TFT17_Item_FavoredEmblemItem,50,0.36,4.88
TFT17_Gwen,TFT5_Item_MorellonomiconRadiant,6,0.3333333333333333,5.333333333333333
TFT17_Gwen,TFT_Item_Artifact_Mittens,28,0.32142857142857145,5.285714285714286
TFT17_Gwen,TFT17_Item_AnimaSquadEmblemItem,16,0.3125,5.25
TFT17_Gwen,TFT_Item_Artifact_ProwlersClaw,10,0.3,5.8
TFT17_Gwen,TFT5_Item_ArchangelsStaffRadiant,5,0.2,5.8
TFT17_Gwen,TFT_Item_Artifact_CappaJuice,5,0.2,5.4
TFT17_Gwen,TFT17_Item_PsyOps_DroneMod_Radiant,6,0.16666666666666666,5.833333333333333
TFT17_Gwen,TFTEvent5YR_Item_GlacialMallet,6,0.16666666666666666,5.666666666666667
TFT17_Gwen,TFT17_Item_Artifact_VarusArtifact,5,0.0,6.6
TFT17_Gwen,TFT_Item_Artifact_NavoriFlickerblades,6,0.0,6.666666666666667
TFT17_Illaoi,TFT_Item_EmptyBag,119,0.9663865546218487,1.403361344537815
TFT17_Illaoi,TFT17_AnimaSquadItem_Tier3_RadiantField,11,0.7272727272727273,2.8181818181818183
TFT17_Illaoi,TFT_Item_ForceOfNature,18,0.7222222222222222,3.6666666666666665
TFT17_Illaoi,TFT17_AnimaSquadItem_Tier2_IceblastArmor,112,0.625,3.580357142857143
TFT17_Illaoi,TFT17_Item_PsyOps_SympatheticImplantMod,24,0.625,4.0
TFT17_Illaoi,TFT_Item_Spatula,8,0.625,3.625
TFT17_Illaoi,TFT17_AnimaSquadItem_Tier2_CyclonicSlicers,20,0.6,4.05
TFT17_Illaoi,TFT_Item_LastWhisper,193,0.5958549222797928,4.160621761658031
TFT17_Illaoi,TFT17_AnimaSquadItem_Tier2_RadiantField,130,0.5923076923076923,3.9923076923076923
TFT17_Illaoi,TFT_Item_ArchangelsStaff,141,0.5673758865248227,4.304964539007092
TFT17_Illaoi,TFT_Item_NeedlesslyLargeRod,65,0.5538461538461539,4.2615384615384615
TFT17_Illaoi,TFT_Item_JeweledGauntlet,114,0.5526315789473685,4.421052631578948
TFT17_Illaoi,TFT17_Item_PsyOps_GrenadeMod,479,0.5427974947807933,4.246346555323591
TFT17_Illaoi,TFT_Item_RapidFireCannon,223,0.5426008968609866,4.20627802690583
TFT17_Illaoi,TFT_Item_Artifact_TheIndomitable,212,0.5424528301886793,4.466981132075472
TFT17_Illaoi,TFT_Item_BrambleVest,3729,0.5411638508983642,4.263609546795387
TFT17_Illaoi,TFT_Item_Crownguard,3718,0.5255513717052178,4.337816030123722
TFT17_Illaoi,TFT17_Item_DarkStarEmblemItem,210,0.5238095238095238,4.3428571428571425
TFT17_Illaoi,TFT_Item_InfinityEdge,112,0.5178571428571429,4.517857142857143
TFT17_Illaoi,TFT_Item_NightHarvester,3460,0.5173410404624278,4.413872832369942
TFT17_Illaoi,TFT_Item_TitansResolve,263,0.5133079847908745,4.429657794676806
TFT17_Illaoi,TFT_Item_SparringGloves,78,0.5128205128205128,4.410256410256411
TFT17_Illaoi,TFT_Item_UnstableConcoction,186,0.510752688172043,4.629032258064516
TFT17_Illaoi,TFT_Item_ThiefsGloves,3056,0.5101439790575916,4.4309554973821985
TFT17_Illaoi,TFT_Item_PowerGauntlet,223,0.5067264573991032,4.5291479820627805
TFT17_Illaoi,TFT_Item_SpectralGauntlet,1172,0.5059726962457338,4.436860068259386
TFT17_Illaoi,TFT_Item_GuinsoosRageblade,214,0.5046728971962616,4.5327102803738315
TFT17_Illaoi,TFT_Item_IonicSpark,3917,0.5014041358182282,4.448046974725555
TFT17_Illaoi,TFT17_Item_PsyOps_GrenadeMod_Radiant,38,0.5,4.342105263157895
TFT17_Illaoi,TFTEvent5YR_Item_SevikasJinxedArm,6,0.5,5.5
TFT17_Illaoi,TFT_Item_HextechGunblade,142,0.5,4.690140845070423
TFT17_Illaoi,TFT_Item_WarmogsArmor,7529,0.4967459157922699,4.491300305485456
TFT17_Illaoi,TFT17_Item_FlexTraitEmblemItem,365,0.4958904109589041,4.427397260273972
TFT17_Illaoi,TFT_Item_SteraksGage,1210,0.4925619834710744,4.541322314049586
TFT17_Illaoi,TFT_Item_StatikkShiv,169,0.4911242603550296,4.597633136094674
TFT17_Illaoi,TFT_Item_ChainVest,833,0.4897959183673469,4.572629051620648
TFT17_Illaoi,TFT17_Item_HPTankEmblemItem,235,0.4851063829787234,4.502127659574468
TFT17_Illaoi,TFT_Item_MadredsBloodrazor,167,0.48502994011976047,4.616766467065868
TFT17_Illaoi,TFT_Item_Deathblade,174,0.4827586206896552,4.505747126436781
TFT17_Illaoi,TFT_Item_Redemption,4995,0.4820820820820821,4.588188188188188
TFT17_Illaoi,TFT17_Item_Artifact_ThreshLantern,231,0.4805194805194805,4.632034632034632
TFT17_Illaoi,TFT_Item_TearOfTheGoddess,152,0.48026315789473684,4.598684210526316
TFT17_Illaoi,TFT_Item_GiantsBelt,1057,0.4796594134342479,4.709555345316935
TFT17_Illaoi,TFT_Item_RedBuff,6403,0.47883804466656255,4.5730126503201625
TFT17_Illaoi,TFT_Item_Quicksilver,201,0.47761194029850745,4.592039800995025
TFT17_Illaoi,TFT5_Item_WarmogsArmorRadiant,21,0.47619047619047616,4.380952380952381
TFT17_Illaoi,TFT_Item_DragonsClaw,3425,0.4759124087591241,4.621605839416058
TFT17_Illaoi,TFT_Item_GargoyleStoneplate,9080,0.4747797356828194,4.630616740088105
TFT17_Illaoi,TFT_Item_NegatronCloak,728,0.4739010989010989,4.6510989010989015
TFT17_Illaoi,TFT7_Item_ShimmerscaleMogulsMail,334,0.47005988023952094,4.619760479041916
TFT17_Illaoi,TFT17_AnimaSquadItem_Tier2_LionessLament,130,0.46923076923076923,4.561538461538461
TFT17_Illaoi,TFT_Item_Leviathan,143,0.46853146853146854,4.615384615384615
TFT17_Illaoi,TFT_Item_Artifact_HellfireHatchet,15,0.4666666666666667,4.8
TFT17_Illaoi,TFT_Item_Bloodthirster,398,0.4648241206030151,4.57286432160804
TFT17_Illaoi,TFT_Item_TacticiansRing,11,0.45454545454545453,4.181818181818182
TFT17_Illaoi,TFT9_Item_OrnnHullbreaker,93,0.45161290322580644,4.817204301075269
TFT17_Illaoi,TFT_Item_BFSword,51,0.45098039215686275,4.568627450980392
TFT17_Illaoi,TFT17_Item_PsyOpsEmblemItem,275,0.4509090909090909,4.6036363636363635
TFT17_Illaoi,TFT_Item_RunaansHurricane,158,0.44936708860759494,4.7215189873417724
TFT17_Illaoi,TFT_Item_BlueBuff,184,0.44565217391304346,4.733695652173913
TFT17_Illaoi,TFT17_Item_PsyOps_ChemicalCapacitorMod,9,0.4444444444444444,4.666666666666667
TFT17_Illaoi,TFT17_Item_AstronautEmblemItem,262,0.44274809160305345,4.793893129770993
TFT17_Illaoi,TFT17_EkkoOffering_AnomalyItem,1281,0.4418423106947697,4.730679156908665
TFT17_Illaoi,TFT_Item_Artifact_AegisOfDawn,163,0.44171779141104295,4.730061349693251
TFT17_Illaoi,TFT17_AnimaSquadItem_Tier1_TentacleSlam,932,0.43991416309012876,4.844420600858369
TFT17_Illaoi,TFT17_Item_ResistTankEmblemItem,244,0.4385245901639344,4.881147540983607
TFT17_Illaoi,TFT_Item_Morellonomicon,191,0.43455497382198954,4.87958115183246
TFT17_Illaoi,TFT_Item_Artifact_LightshieldCrest,282,0.4326241134751773,4.833333333333333
TFT17_Illaoi,TFT_Item_AdaptiveHelm,2942,0.429299796057104,4.831067301155676
TFT17_Illaoi,TFT_Item_GuardianAngel,189,0.42857142857142855,4.703703703703703
TFT17_Illaoi,TFT_Item_RabadonsDeathcap,165,0.42424242424242425,4.848484848484849
TFT17_Illaoi,TFT_Item_Artifact_VoidGauntlet,130,0.4230769230769231,4.961538461538462
TFT17_Illaoi,TFT_Item_FrozenHeart,5225,0.42239234449760765,4.8930143540669855
TFT17_Illaoi,TFT17_Item_SpaceGrooveEmblemItem,217,0.4147465437788018,4.88479262672811
TFT17_Illaoi,TFT17_Item_PrimordianEmblemItem,223,0.4125560538116592,4.820627802690583
TFT17_Illaoi,TFT17_AnimaSquadItem_Tier0_ClunkyPrototype,433,0.4110854503464203,5.060046189376443
TFT17_Illaoi,TFT17_Item_PulsefireEmblemItem,120,0.4083333333333333,4.966666666666667
TFT17_Illaoi,TFT17_Item_DRXEmblemItem,113,0.40707964601769914,4.95575221238938
TFT17_Illaoi,TFT17_Item_FavoredEmblemItem,475,0.4063157894736842,4.945263157894737
TFT17_Illaoi,TFT_Item_Artifact_SilvermereDawn,67,0.40298507462686567,4.626865671641791
TFT17_Illaoi,TFT4_Item_OrnnInfinityForce,15,0.4,4.666666666666667
TFT17_Illaoi,TFT5_Item_CrownguardRadiant,5,0.4,5.0
TFT17_Illaoi,TFT5_Item_IonicSparkRadiant,5,0.4,4.2
TFT17_Illaoi,TFTEvent5YR_Item_LavenderCrown,5,0.4,5.4
TFT17_Illaoi,TFT_Item_Artifact_ProwlersClaw,10,0.4,4.7
TFT17_Illaoi,TFT_Item_Artifact_TalismanOfAscension,20,0.4,4.9
TFT17_Illaoi,TFT17_Item_StargazerEmblemItem,126,0.3968253968253968,4.944444444444445
TFT17_Illaoi,TFT17_Item_Artifact_SorakaArtifact,307,0.38762214983713356,5.107491856677524
TFT17_Illaoi,TFT_Item_Artifact_AegisOfDusk,157,0.3821656050955414,4.89171974522293
TFT17_Illaoi,TFT_Item_SpearOfShojin,145,0.3793103448275862,5.124137931034483
TFT17_Illaoi,TFT_Item_Artifact_TitanicHydra,16,0.375,4.6875
TFT17_Illaoi,TFT_Item_RecurveBow,41,0.36585365853658536,5.317073170731708
TFT17_Illaoi,TFT17_Item_MeleeTraitEmblemItem,23,0.34782608695652173,5.391304347826087
TFT17_Illaoi,TFT17_AnimaSquadItem_Tier0_LeakyPrototype,39,0.3333333333333333,5.461538461538462
TFT17_Illaoi,TFT17_Item_AssassinTraitEmblemItem,12,0.3333333333333333,5.416666666666667
TFT17_Illaoi,TFT5_Item_NightHarvesterRadiant,6,0.3333333333333333,4.5
TFT17_Illaoi,TFT5_Item_RedemptionRadiant,9,0.3333333333333333,4.888888888888889
TFT17_Illaoi,TFT_Item_Artifact_SeekersArmguard,6,0.3333333333333333,6.0
TFT17_Illaoi,TFT5_Item_GargoyleStoneplateRadiant,31,0.3225806451612903,5.483870967741935
TFT17_Illaoi,TFT17_AnimaSquadItem_Tier1_SavageSlicer,10,0.3,5.7
TFT17_Illaoi,TFT5_Item_BrambleVestRadiant,10,0.3,5.5
TFT17_Illaoi,TFT5_Item_SunfireCapeRadiant,7,0.2857142857142857,5.142857142857143
TFT17_Illaoi,TFT17_AnimaSquadItem_Tier0_SparkingPrototype,8,0.25,5.625
TFT17_Illaoi,TFT4_Item_OrnnDeathsDefiance,12,0.25,5.666666666666667
TFT17_Illaoi,TFT17_Item_ASTraitEmblemItem,40,0.225,5.7
TFT17_Illaoi,TFT5_Item_ThiefsGlovesRadiant,29,0.20689655172413793,5.689655172413793
TFT17_Illaoi,TFT17_Item_RangedTraitEmblemItem,7,0.0,7.0
TFT17_Illaoi,TFT5_Item_DragonsClawRadiant,7,0.0,6.714285714285714
TFT17_Illaoi,TFTEvent5YR_Item_GlacialMallet,6,0.0,6.5
TFT17_IvernMinion,TFT_Item_Artifact_SeekersArmguard,13,0.9230769230769231,3.230769230769231
TFT17_IvernMinion,TFT_Item_EmptyBag,73,0.9178082191780822,1.6712328767123288
TFT17_IvernMinion,TFT_Item_ForceOfNature,58,0.8620689655172413,2.793103448275862
TFT17_IvernMinion,TFT17_Item_Artifact_EkkoArtifact,5,0.8,3.2
TFT17_IvernMinion,TFTEvent5YR_Item_ShimmerscaleGoldmancersStaff,5,0.8,3.8
TFT17_IvernMinion,TFT5_Item_HandOfJusticeRadiant,16,0.6875,3.4375
TFT17_IvernMinion,TFT_Item_Spatula,9,0.6666666666666666,4.333333333333333
TFT17_IvernMinion,TFT_Item_TacticiansScepter,12,0.6666666666666666,4.083333333333333
TFT17_IvernMinion,TFT5_Item_GuardianAngelRadiant,8,0.625,4.0
TFT17_IvernMinion,TFT_Item_Artifact_AegisOfDusk,8,0.625,3.5
TFT17_IvernMinion,TFT_Item_Artifact_SilvermereDawn,8,0.625,4.0
TFT17_IvernMinion,TFT_Item_BFSword,117,0.6153846153846154,4.094017094017094
TFT17_IvernMinion,TFT17_AnimaSquadItem_Tier0_LeakyPrototype,56,0.6071428571428571,3.8214285714285716
TFT17_IvernMinion,TFT_Item_TacticiansRing,61,0.5901639344262295,4.0
TFT17_IvernMinion,TFT_Item_RecurveBow,84,0.5833333333333334,4.130952380952381
TFT17_IvernMinion,TFT17_Item_ASTraitEmblemItem,43,0.5813953488372093,4.186046511627907
TFT17_IvernMinion,TFT_Item_InfinityEdge,85,0.5764705882352941,4.176470588235294
TFT17_IvernMinion,TFT_Item_BrambleVest,611,0.5728314238952537,4.294599018003273
TFT17_IvernMinion,TFT5_Item_RabadonsDeathcapRadiant,7,0.5714285714285714,4.142857142857143
TFT17_IvernMinion,TFT9_Item_OrnnHullbreaker,7,0.5714285714285714,4.285714285714286
TFT17_IvernMinion,TFT17_Item_PsyOps_GrenadeMod,93,0.5591397849462365,4.32258064516129
TFT17_IvernMinion,TFT_Item_SparringGloves,102,0.5588235294117647,4.2254901960784315
TFT17_IvernMinion,TFT_Item_NeedlesslyLargeRod,86,0.5581395348837209,4.313953488372093
TFT17_IvernMinion,TFT_Item_TearOfTheGoddess,237,0.5569620253164557,4.232067510548523
TFT17_IvernMinion,TFT_Item_NightHarvester,572,0.5541958041958042,4.230769230769231
TFT17_IvernMinion,TFT_Item_AdaptiveHelm,661,0.5521936459909228,4.344931921331316
TFT17_IvernMinion,TFT_Item_Artifact_AegisOfDawn,20,0.55,4.4
TFT17_IvernMinion,TFT5_Item_WarmogsArmorRadiant,11,0.5454545454545454,4.2727272727272725
TFT17_IvernMinion,TFT_Item_Artifact_VoidGauntlet,11,0.5454545454545454,4.818181818181818
TFT17_IvernMinion,TFT_Item_FrozenHeart,1041,0.5417867435158501,4.346781940441883
TFT17_IvernMinion,TFT_Item_Crownguard,645,0.5410852713178295,4.3023255813953485
TFT17_IvernMinion,TFT_Item_GiantsBelt,714,0.5406162464985994,4.278711484593837
TFT17_IvernMinion,TFT_Item_SpearOfShojin,106,0.5377358490566038,4.39622641509434
TFT17_IvernMinion,TFT_Item_SpectralGauntlet,659,0.5356600910470409,4.3945371775417295
TFT17_IvernMinion,TFT4_Item_OrnnZhonyasParadox,15,0.5333333333333333,4.466666666666667
TFT17_IvernMinion,TFT_Item_Artifact_LightshieldCrest,15,0.5333333333333333,4.4
TFT17_IvernMinion,TFT17_AnimaSquadItem_Tier0_ClunkyPrototype,248,0.532258064516129,4.346774193548387
TFT17_IvernMinion,TFT_Item_Leviathan,161,0.5217391304347826,4.3105590062111805
TFT17_IvernMinion,TFT_Item_GuardianAngel,1140,0.5201754385964912,4.483333333333333
TFT17_IvernMinion,TFT_Item_JeweledGauntlet,1147,0.5196163905841326,4.513513513513513
TFT17_IvernMinion,TFT_Item_ChainVest,601,0.519134775374376,4.2961730449251245
TFT17_IvernMinion,TFT_Item_WarmogsArmor,1132,0.5176678445229682,4.418727915194347
TFT17_IvernMinion,TFT_Item_PowerGauntlet,223,0.515695067264574,4.475336322869955
TFT17_IvernMinion,TFT_Item_Bloodthirster,236,0.5127118644067796,4.491525423728813
TFT17_IvernMinion,TFT17_Item_FavoredEmblemItem,180,0.5111111111111111,4.433333333333334
TFT17_IvernMinion,TFT17_Item_ResistTankEmblemItem,410,0.5073170731707317,4.363414634146341
TFT17_IvernMinion,TFT17_AnimaSquadItem_Tier1_SavageSlicer,14,0.5,4.214285714285714
TFT17_IvernMinion,TFT_Item_Artifact_LudensTempest,6,0.5,4.666666666666667
TFT17_IvernMinion,TFT_Item_Artifact_TitanicHydra,6,0.5,4.833333333333333
TFT17_IvernMinion,TFT_Item_IonicSpark,630,0.5,4.43968253968254
TFT17_IvernMinion,TFT_Item_NegatronCloak,533,0.49530956848030017,4.410881801125703
TFT17_IvernMinion,TFT_Item_UnstableConcoction,1035,0.49468599033816424,4.596135265700483
TFT17_IvernMinion,TFT17_Item_ShieldTankEmblemItem,1052,0.49334600760456276,4.585551330798479
TFT17_IvernMinion,TFT_Item_RapidFireCannon,177,0.4915254237288136,4.5423728813559325
TFT17_IvernMinion,TFT_Item_MadredsBloodrazor,122,0.48360655737704916,4.581967213114754
TFT17_IvernMinion,TFT_Item_Redemption,952,0.4831932773109244,4.508403361344538
TFT17_IvernMinion,TFT_Item_DragonsClaw,547,0.4826325411334552,4.515539305301646
TFT17_IvernMinion,TFT_Item_SteraksGage,286,0.4825174825174825,4.541958041958042
TFT17_IvernMinion,TFT_Item_ThiefsGloves,2313,0.47773454388240383,4.598357111975789
TFT17_IvernMinion,TFT_Item_HextechGunblade,109,0.47706422018348627,4.605504587155964
TFT17_IvernMinion,TFT_Item_RedBuff,1467,0.47648261758691207,4.588957055214724
TFT17_IvernMinion,TFT17_Item_PsyOps_DroneMod,17,0.47058823529411764,4.823529411764706
TFT17_IvernMinion,TFT17_Item_DRXEmblemItem,144,0.4652777777777778,4.520833333333333
TFT17_IvernMinion,TFT17_Item_DarkStarEmblemItem,143,0.46153846153846156,4.629370629370629
TFT17_IvernMinion,TFT17_Item_PrimordianEmblemItem,183,0.45901639344262296,4.622950819672131
TFT17_IvernMinion,TFT_Item_Morellonomicon,151,0.45695364238410596,4.576158940397351
TFT17_IvernMinion,TFT17_Item_PulsefireEmblemItem,194,0.4536082474226804,4.850515463917525
TFT17_IvernMinion,TFT_Item_GargoyleStoneplate,989,0.4529828109201213,4.705763397371082
TFT17_IvernMinion,TFT_Item_RabadonsDeathcap,209,0.44976076555023925,4.669856459330144
TFT17_IvernMinion,TFT_Item_Deathblade,136,0.4485294117647059,4.727941176470588
TFT17_IvernMinion,TFT17_Item_HPTankEmblemItem,136,0.4411764705882353,4.779411764705882
TFT17_IvernMinion,TFT_Item_Quicksilver,143,0.4405594405594406,4.8321678321678325
TFT17_IvernMinion,TFT_Item_ArchangelsStaff,139,0.43884892086330934,4.741007194244604
TFT17_IvernMinion,TFT17_Item_SpaceGrooveEmblemItem,98,0.4387755102040816,4.724489795918367
TFT17_IvernMinion,TFT17_EkkoOffering_AnomalyItem,104,0.4326923076923077,4.855769230769231
TFT17_IvernMinion,TFT17_Item_AnimaSquadEmblemItem,349,0.4326647564469914,4.819484240687679
TFT17_IvernMinion,TFT17_AnimaSquadItem_Tier1_TentacleSlam,37,0.43243243243243246,4.4324324324324325
TFT17_IvernMinion,TFT_Item_Artifact_TheIndomitable,28,0.42857142857142855,4.785714285714286
TFT17_IvernMinion,TFT17_Item_PsyOpsEmblemItem,178,0.42696629213483145,4.786516853932584
TFT17_IvernMinion,TFT_Item_GuinsoosRageblade,183,0.4207650273224044,4.852459016393443
TFT17_IvernMinion,TFT17_Item_Artifact_EvelynnArtifact,12,0.4166666666666667,4.833333333333333
TFT17_IvernMinion,TFT_Item_StatikkShiv,178,0.4157303370786517,4.882022471910112
TFT17_IvernMinion,TFT17_AnimaSquadItem_Tier0_SparkingPrototype,17,0.4117647058823529,4.352941176470588
TFT17_IvernMinion,TFT17_Item_AssassinTraitEmblemItem,64,0.40625,5.0625
TFT17_IvernMinion,TFTEvent5YR_Item_SevikasJinxedArm,10,0.4,4.6
TFT17_IvernMinion,TFT_Item_LastWhisper,127,0.3937007874015748,4.826771653543307
TFT17_IvernMinion,TFT_Item_RunaansHurricane,105,0.3904761904761905,5.276190476190476
TFT17_IvernMinion,TFT_Item_TitansResolve,183,0.3770491803278688,4.978142076502732
TFT17_IvernMinion,TFTEvent5YR_Item_GlacialMallet,8,0.375,4.875
TFT17_IvernMinion,TFT_Item_BlueBuff,161,0.37267080745341613,5.074534161490683
TFT17_IvernMinion,TFT17_Item_MeleeTraitEmblemItem,38,0.3684210526315789,5.421052631578948
TFT17_IvernMinion,TFT5_Item_JeweledGauntletRadiant,14,0.35714285714285715,4.857142857142857
TFT17_IvernMinion,TFT17_Item_StargazerEmblemItem,113,0.34513274336283184,5.115044247787611
TFT17_IvernMinion,TFT5_Item_ThiefsGlovesRadiant,15,0.3333333333333333,5.0
TFT17_IvernMinion,TFT7_Item_ShimmerscaleMogulsMail,31,0.3225806451612903,5.258064516129032
TFT17_IvernMinion,TFT17_Item_PsyOps_SympatheticImplantMod,19,0.3157894736842105,4.894736842105263
TFT17_IvernMinion,TFT_Item_Artifact_TalismanOfAscension,7,0.2857142857142857,5.428571428571429
TFT17_IvernMinion,TFTEvent5YR_Item_LavenderCrown,11,0.2727272727272727,5.363636363636363
TFT17_IvernMinion,TFT17_Item_PsyOps_ChemicalCapacitorMod,8,0.25,5.375
TFT17_IvernMinion,TFT17_Item_Artifact_ThreshLantern,31,0.22580645161290322,5.580645161290323
TFT17_IvernMinion,TFT17_Item_Artifact_SorakaArtifact,18,0.2222222222222222,5.777777777777778
TFT17_IvernMinion,TFT17_Item_PsyOps_TargetlockMod,5,0.2,5.6
TFT17_IvernMinion,TFT5_Item_NightHarvesterRadiant,6,0.16666666666666666,6.666666666666667
TFT17_IvernMinion,TFT_Item_Artifact_HellfireHatchet,6,0.16666666666666666,5.833333333333333
TFT17_IvernMinion,TFT17_Item_RangedTraitEmblemItem,20,0.15,5.9
TFT17_Jax,TFT17_AnimaSquadItem_Tier2_LionessLament,6,1.0,1.6666666666666667
TFT17_Jax,TFT_Item_EmptyBag,66,0.8939393939393939,1.606060606060606
TFT17_Jax,TFT5_Item_HandOfJusticeRadiant,9,0.8888888888888888,3.5555555555555554
TFT17_Jax,TFT17_AnimaSquadItem_Tier1_SavageSlicer,5,0.8,3.4
TFT17_Jax,TFT5_Item_BloodthirsterRadiant,13,0.7692307692307693,3.4615384615384617
TFT17_Jax,TFT5_Item_BrambleVestRadiant,15,0.7333333333333333,3.466666666666667
TFT17_Jax,TFT_Item_Artifact_WitsEnd,46,0.717391304347826,3.1956521739130435
TFT17_Jax,TFT5_Item_WarmogsArmorRadiant,44,0.7045454545454546,3.590909090909091
TFT17_Jax,TFT_Item_Artifact_SeekersArmguard,44,0.6818181818181818,3.5
TFT17_Jax,TFT5_Item_TitansResolveRadiant,25,0.68,3.4
TFT17_Jax,TFT5_Item_GuardianAngelRadiant,15,0.6666666666666666,3.2666666666666666
TFT17_Jax,TFT_Item_ForceOfNature,20,0.65,3.0
TFT17_Jax,TFT_Item_Artifact_LichBane,17,0.6470588235294118,3.4705882352941178
TFT17_Jax,TFT_Item_Artifact_NavoriFlickerblades,11,0.6363636363636364,3.8181818181818183
TFT17_Jax,TFT5_Item_FrozenHeartRadiant,24,0.625,3.9166666666666665
TFT17_Jax,TFT5_Item_GiantSlayerRadiant,8,0.625,3.875
TFT17_Jax,TFT5_Item_RedemptionRadiant,21,0.6190476190476191,3.857142857142857
TFT17_Jax,TFTEvent5YR_Item_LavenderCrown,21,0.6190476190476191,4.095238095238095
TFT17_Jax,TFT17_Item_Artifact_EvelynnArtifact,65,0.6,4.2153846153846155
TFT17_Jax,TFT7_Item_ShimmerscaleGamblersBlade,10,0.6,4.3
TFT17_Jax,TFT_Item_Artifact_RapidFirecannon,20,0.6,4.15
TFT17_Jax,TFT_Item_TacticiansRing,30,0.6,3.8
TFT17_Jax,TFT_Item_Artifact_LightshieldCrest,189,0.5925925925925926,3.9365079365079363
TFT17_Jax,TFT4_Item_OrnnZhonyasParadox,34,0.5882352941176471,3.823529411764706
TFT17_Jax,TFT7_Item_ShimmerscaleMogulsMail,168,0.5833333333333334,4.1726190476190474
TFT17_Jax,TFT_Item_GuardianAngel,1981,0.5769813225643614,4.173144876325089
TFT17_Jax,TFT_Item_BrambleVest,1632,0.5753676470588235,4.121936274509804
TFT17_Jax,TFT_Item_TitansResolve,2320,0.5719827586206897,4.203448275862069
TFT17_Jax,TFT4_Item_OrnnInfinityForce,23,0.5652173913043478,4.782608695652174
TFT17_Jax,TFT_Item_Artifact_SilvermereDawn,92,0.5652173913043478,3.902173913043478
TFT17_Jax,TFT17_Item_Artifact_ThreshLantern,149,0.5637583892617449,4.355704697986577
TFT17_Jax,TFT17_AnimaSquadItem_Tier1_TentacleSlam,25,0.56,4.44
TFT17_Jax,TFT_Item_Artifact_TheIndomitable,172,0.5581395348837209,4.191860465116279
TFT17_Jax,TFT_Item_Bloodthirster,2241,0.5573404730031236,4.256135653726015
TFT17_Jax,TFT17_Item_HPTankEmblemItem,189,0.5555555555555556,4.291005291005291
TFT17_Jax,TFT_Item_NightHarvester,1509,0.5540092776673293,4.225314777998674
TFT17_Jax,TFT17_Item_MeleeTraitEmblemItem,11,0.5454545454545454,5.0
TFT17_Jax,TFT_Item_Artifact_TalismanOfAscension,11,0.5454545454545454,4.545454545454546
TFT17_Jax,TFT_Item_GargoyleStoneplate,7570,0.5438573315719947,4.302509907529722
TFT17_Jax,TFT9_Item_OrnnHullbreaker,96,0.5416666666666666,4.270833333333333
TFT17_Jax,TFT_Item_FrozenHeart,3111,0.5364834458373513,4.3754419800707165
TFT17_Jax,TFT5_Item_GargoyleStoneplateRadiant,116,0.5344827586206896,4.155172413793103
TFT17_Jax,TFT_Item_Crownguard,3875,0.5329032258064517,4.344516129032258
TFT17_Jax,TFT_Item_SpearOfShojin,77,0.5324675324675324,4.194805194805195
TFT17_Jax,TFT17_Item_DRXEmblemItem,161,0.5279503105590062,4.267080745341615
TFT17_Jax,TFT17_Item_DarkStarEmblemItem,38,0.5263157894736842,4.578947368421052
TFT17_Jax,TFT_Item_Artifact_Mittens,21,0.5238095238095238,4.0
TFT17_Jax,TFT_Item_JeweledGauntlet,144,0.5208333333333334,4.548611111111111
TFT17_Jax,TFT_Item_DragonsClaw,1139,0.5171202809482002,4.397717295873574
TFT17_Jax,TFT_Item_Redemption,2240,0.5160714285714286,4.405803571428572
TFT17_Jax,TFT17_Item_Artifact_SorakaArtifact,323,0.5139318885448917,4.445820433436532
TFT17_Jax,TFT_Item_MadredsBloodrazor,131,0.5114503816793893,4.519083969465649
TFT17_Jax,TFT17_Item_ShieldTankEmblemItem,201,0.5074626865671642,4.532338308457711
TFT17_Jax,TFT_Item_WarmogsArmor,2504,0.5039936102236422,4.4696485623003195
TFT17_Jax,TFT17_AnimaSquadItem_Tier2_IceblastArmor,8,0.5,4.125
TFT17_Jax,TFT4_Item_OrnnDeathsDefiance,34,0.5,4.4411764705882355
TFT17_Jax,TFT_Item_Artifact_AegisOfDawn,100,0.5,4.4
TFT17_Jax,TFT_Item_Artifact_AegisOfDusk,82,0.5,4.414634146341464
TFT17_Jax,TFT_Item_Artifact_ProwlersClaw,6,0.5,4.0
TFT17_Jax,TFT_Item_AdaptiveHelm,1498,0.49198931909212285,4.493991989319092
TFT17_Jax,TFT_Item_RabadonsDeathcap,124,0.49193548387096775,4.596774193548387
TFT17_Jax,TFT_Item_RapidFireCannon,143,0.48951048951048953,4.419580419580419
TFT17_Jax,TFT_Item_StatikkShiv,107,0.48598130841121495,4.822429906542056
TFT17_Jax,TFT_Item_IonicSpark,377,0.4827586206896552,4.63129973474801
TFT17_Jax,TFT_Item_HextechGunblade,131,0.48091603053435117,4.687022900763359
TFT17_Jax,TFT17_Item_PulsefireEmblemItem,102,0.4803921568627451,4.666666666666667
TFT17_Jax,TFT_Item_RunaansHurricane,100,0.48,4.58
TFT17_Jax,TFT_Item_ThiefsGloves,1621,0.4793337446020975,4.531153608883406
TFT17_Jax,TFT_Item_GuinsoosRageblade,335,0.4746268656716418,4.614925373134328
TFT17_Jax,TFT_Item_BlueBuff,100,0.47,4.57
TFT17_Jax,TFT17_EkkoOffering_AnomalyItem,356,0.46629213483146065,4.601123595505618
TFT17_Jax,TFT_Item_LastWhisper,101,0.46534653465346537,4.712871287128713
TFT17_Jax,TFT_Item_Leviathan,86,0.46511627906976744,4.604651162790698
TFT17_Jax,TFT_Item_SteraksGage,353,0.46458923512747874,4.645892351274788
TFT17_Jax,TFT_Item_PowerGauntlet,122,0.45901639344262296,4.680327868852459
TFT17_Jax,TFT17_Item_AssassinTraitEmblemItem,24,0.4583333333333333,4.5
TFT17_Jax,TFT_Item_Morellonomicon,133,0.45112781954887216,4.586466165413534
TFT17_Jax,TFTEvent5YR_Item_SevikasJinxedArm,20,0.45,4.85
TFT17_Jax,TFT_Item_UnstableConcoction,256,0.44921875,4.7734375
TFT17_Jax,TFT17_Item_SpaceGrooveEmblemItem,132,0.44696969696969696,4.856060606060606
TFT17_Jax,TFT_Item_NeedlesslyLargeRod,110,0.44545454545454544,4.8545454545454545
TFT17_Jax,TFT_Item_Deathblade,108,0.4444444444444444,4.842592592592593
TFT17_Jax,TFT17_Item_FavoredEmblemItem,50,0.44,4.94
TFT17_Jax,TFT_Item_ArchangelsStaff,103,0.4368932038834951,4.737864077669903
TFT17_Jax,TFT_Item_SpectralGauntlet,466,0.4356223175965665,4.6781115879828326
TFT17_Jax,TFT_Item_RedBuff,1299,0.4295612009237875,4.832178598922248
TFT17_Jax,TFT17_Item_PsyOps_GrenadeMod,7,0.42857142857142855,5.142857142857143
TFT17_Jax,TFT_Item_SparringGloves,42,0.42857142857142855,4.904761904761905
TFT17_Jax,TFT17_Item_PsyOpsEmblemItem,40,0.425,4.975
TFT17_Jax,TFT_Item_Quicksilver,201,0.4228855721393035,4.9502487562189055
TFT17_Jax,TFT17_Item_SummonTraitEmblemItem,29,0.41379310344827586,4.896551724137931
TFT17_Jax,TFT17_Item_AnimaSquadEmblemItem,79,0.4050632911392405,5.1645569620253164
TFT17_Jax,TFT5_Item_AdaptiveHelmRadiant,5,0.4,5.4
TFT17_Jax,TFT9_Item_CrownOfDemacia,5,0.4,4.6
TFT17_Jax,TFTEvent5YR_Item_ShimmerscaleGoldmancersStaff,5,0.4,4.6
TFT17_Jax,TFT_Item_Artifact_TitanicHydra,5,0.4,5.0
TFT17_Jax,TFT_Item_GiantsBelt,288,0.3958333333333333,5.111111111111111
TFT17_Jax,TFT_Item_InfinityEdge,62,0.3870967741935484,4.887096774193548
TFT17_Jax,TFT_Item_NegatronCloak,232,0.3793103448275862,5.2844827586206895
TFT17_Jax,TFT17_Item_PrimordianEmblemItem,66,0.3787878787878788,4.954545454545454
TFT17_Jax,TFT_Item_TearOfTheGoddess,82,0.3780487804878049,5.2560975609756095
TFT17_Jax,TFT5_Item_NightHarvesterRadiant,8,0.375,4.75
TFT17_Jax,TFT_Item_RecurveBow,48,0.375,5.395833333333333
TFT17_Jax,TFT_Item_Artifact_VoidGauntlet,49,0.3673469387755102,4.877551020408164
TFT17_Jax,TFT_Item_ChainVest,241,0.34854771784232363,5.3070539419087135
TFT17_Jax,TFT_Item_BFSword,30,0.3333333333333333,5.766666666666667
TFT17_Jax,TFT_Item_Spatula,6,0.3333333333333333,5.333333333333333
TFT17_Jax,TFT17_Item_RangedTraitEmblemItem,67,0.3283582089552239,5.3283582089552235
TFT17_Jax,TFT17_Item_AstronautEmblemItem,64,0.328125,5.28125
TFT17_Jax,TFT17_AnimaSquadItem_Tier0_ClunkyPrototype,19,0.3157894736842105,5.2631578947368425
TFT17_Jax,TFT17_Item_FlexTraitEmblemItem,42,0.30952380952380953,5.166666666666667
TFT17_Jax,TFT5_Item_ThiefsGlovesRadiant,23,0.30434782608695654,5.478260869565218
TFT17_Jax,TFT17_Item_ASTraitEmblemItem,10,0.3,5.3
TFT17_Jax,TFTEvent5YR_Item_GlacialMallet,10,0.3,5.4
TFT17_Jax,TFT_Item_Artifact_HellfireHatchet,12,0.25,5.666666666666667
TFT17_Jax,TFT5_Item_CrownguardRadiant,5,0.2,5.6
TFT17_Jhin,TFT_Item_EmptyBag,250,0.972,1.236
TFT17_Jhin,TFT17_Item_AnimaSquadEmblemItem,11,0.9090909090909091,2.272727272727273
TFT17_Jhin,TFT17_Item_PsyOps_TargetlockMod,99,0.7676767676767676,3.282828282828283
TFT17_Jhin,TFT17_AnimaSquadItem_Tier2_Annihilator,29,0.7586206896551724,3.1724137931034484
TFT17_Jhin,TFT_Item_ForceOfNature,69,0.7536231884057971,2.8405797101449277
TFT17_Jhin,TFT_Item_NegatronCloak,12,0.75,3.25
TFT17_Jhin,TFT17_Item_ShieldTankEmblemItem,19,0.7368421052631579,3.526315789473684
TFT17_Jhin,TFT_Item_Artifact_LudensTempest,45,0.7111111111111111,3.6444444444444444
TFT17_Jhin,TFT_Item_UnstableConcoction,1338,0.7107623318385651,3.406576980568012
TFT17_Jhin,TFT_Item_IonicSpark,31,0.7096774193548387,3.806451612903226
TFT17_Jhin,TFT_Item_PowerGauntlet,7532,0.708842272968667,3.392326075411577
TFT17_Jhin,TFT_Item_Artifact_TitanicHydra,34,0.7058823529411765,3.235294117647059
TFT17_Jhin,TFT17_Item_FlexTraitEmblemItem,526,0.7015209125475285,3.46958174904943
TFT17_Jhin,TFT17_Item_SpaceGrooveEmblemItem,524,0.6984732824427481,3.5095419847328246
TFT17_Jhin,TFT_Item_MadredsBloodrazor,10406,0.6967134345569863,3.456371324236018
TFT17_Jhin,TFT_Item_Artifact_HellfireHatchet,23,0.6956521739130435,3.6956521739130435
TFT17_Jhin,TFT_Item_Artifact_CappaJuice,72,0.6944444444444444,3.4166666666666665
TFT17_Jhin,TFT_Item_Artifact_SilvermereDawn,36,0.6944444444444444,4.027777777777778
TFT17_Jhin,TFT17_Item_AstronautEmblemItem,505,0.693069306930693,3.3207920792079206
TFT17_Jhin,TFT_Item_Deathblade,12287,0.6906486530479369,3.472369170668186
TFT17_Jhin,TFT17_AnimaSquadItem_Tier2_EchoingBatblades,16,0.6875,3.0625
TFT17_Jhin,TFT17_Item_PsyOps_SympatheticImplantMod,51,0.6862745098039216,3.3137254901960786
TFT17_Jhin,TFT_Item_HextechGunblade,3449,0.6857060017396347,3.498115395766889
TFT17_Jhin,TFTEvent5YR_Item_MaestrosBaton,159,0.6855345911949685,3.5723270440251573
TFT17_Jhin,TFT_Item_InfinityEdge,18609,0.6840238594228599,3.522166693535386
TFT17_Jhin,TFT_Item_LastWhisper,11018,0.6819749500816845,3.5552731893265563
TFT17_Jhin,TFT17_AnimaSquadItem_Tier2_UwuBlaster,28,0.6785714285714286,3.357142857142857
TFT17_Jhin,TFT_Item_BlueBuff,1475,0.6779661016949152,3.585762711864407
TFT17_Jhin,TFT17_AnimaSquadItem_Tier2_BattleBunnyCrossbow,37,0.6756756756756757,3.5135135135135136
TFT17_Jhin,TFT_Item_RapidFireCannon,5134,0.6729645500584339,3.6003116478379433
TFT17_Jhin,TFT5_Item_InfinityEdgeRadiant,70,0.6714285714285714,3.642857142857143
TFT17_Jhin,TFT_Item_GuardianAngel,745,0.6711409395973155,3.5651006711409394
TFT17_Jhin,TFT17_Item_PulsefireEmblemItem,318,0.6698113207547169,3.7044025157232703
TFT17_Jhin,TFT9_Item_OrnnHorizonFocus,218,0.6697247706422018,3.6009174311926606
TFT17_Jhin,TFT17_Item_PrimordianEmblemItem,6,0.6666666666666666,3.8333333333333335
TFT17_Jhin,TFTEvent5YR_Item_GlacialMallet,21,0.6666666666666666,3.5238095238095237
TFT17_Jhin,TFT_Item_SteraksGage,556,0.6618705035971223,3.66726618705036
TFT17_Jhin,TFT17_Item_PsyOps_ChemicalCapacitorMod,68,0.6617647058823529,3.9558823529411766
TFT17_Jhin,TFT_Item_Quicksilver,1127,0.6601597160603372,3.70452528837622
TFT17_Jhin,TFT_Item_AdaptiveHelm,491,0.659877800407332,3.6761710794297353
TFT17_Jhin,TFT_Item_WarmogsArmor,94,0.6595744680851063,3.978723404255319
TFT17_Jhin,TFT_Item_SpearOfShojin,2049,0.6569058077110785,3.7159590043923867
TFT17_Jhin,TFT4_Item_OrnnTheCollector,227,0.6519823788546255,3.696035242290749
TFT17_Jhin,TFT17_Item_AssassinTraitEmblemItem,693,0.6507936507936508,3.7532467532467533
TFT17_Jhin,TFT_Item_NightHarvester,67,0.6417910447761194,3.955223880597015
TFT17_Jhin,TFT17_Item_PsyOps_DroneMod,75,0.64,3.68
TFT17_Jhin,TFT_Item_ThiefsGloves,1849,0.6398053001622499,3.783126014061655
TFT17_Jhin,TFT17_Item_SummonTraitEmblemItem,66,0.6363636363636364,3.878787878787879
TFT17_Jhin,TFT_Item_Artifact_Mittens,44,0.6363636363636364,3.8181818181818183
TFT17_Jhin,TFT_Item_SpectralGauntlet,67,0.6268656716417911,4.014925373134329
TFT17_Jhin,TFT17_Item_ResistTankEmblemItem,87,0.6206896551724138,3.8620689655172415
TFT17_Jhin,TFTEvent5YR_Item_SevikasJinxedArm,42,0.6190476190476191,4.023809523809524
TFT17_Jhin,TFT_Item_FrozenHeart,70,0.6142857142857143,4.0285714285714285
TFT17_Jhin,TFT5_Item_GiantSlayerRadiant,44,0.6136363636363636,3.7045454545454546
TFT17_Jhin,TFT17_Item_DRXEmblemItem,282,0.6134751773049646,3.893617021276596
TFT17_Jhin,TFT17_Item_Artifact_YasuoArtifact,137,0.6131386861313869,3.854014598540146
TFT17_Jhin,TFT_Item_GargoyleStoneplate,54,0.6111111111111112,4.2592592592592595
TFT17_Jhin,TFT_Item_RunaansHurricane,1297,0.6098689282960679,3.855821125674634
TFT17_Jhin,TFT_Item_Leviathan,438,0.6095890410958904,3.8858447488584473
TFT17_Jhin,TFT_Item_Morellonomicon,1744,0.6095183486238532,3.930045871559633
TFT17_Jhin,TFT17_Item_StargazerEmblemItem,3333,0.6087608760876088,3.807680768076808
TFT17_Jhin,TFT_Item_Artifact_Fishbones,168,0.6071428571428571,3.857142857142857
TFT17_Jhin,TFT17_Item_MeleeTraitEmblemItem,267,0.6067415730337079,3.801498127340824
TFT17_Jhin,TFT5_Item_TrapClawRadiant,30,0.6,4.133333333333334
TFT17_Jhin,TFT_Item_Artifact_StatikkShiv,15,0.6,4.0
TFT17_Jhin,TFT_Item_StatikkShiv,639,0.596244131455399,3.9906103286384975
TFT17_Jhin,TFT_Item_Artifact_RapidFirecannon,61,0.5901639344262295,4.278688524590164
TFT17_Jhin,TFT_Item_Bloodthirster,234,0.5897435897435898,4.047008547008547
TFT17_Jhin,TFT17_AnimaSquadItem_Tier2_SearingShortbow,12,0.5833333333333334,3.6666666666666665
TFT17_Jhin,TFT5_Item_LastWhisperRadiant,24,0.5833333333333334,3.6666666666666665
TFT17_Jhin,TFT_Item_GuinsoosRageblade,3010,0.5827242524916944,4.0514950166112955
TFT17_Jhin,TFTEvent5YR_Item_ShimmerscaleDravensAxe,50,0.58,4.2
TFT17_Jhin,TFT4_Item_OrnnZhonyasParadox,14,0.5714285714285714,4.5
TFT17_Jhin,TFTEvent5YR_Item_ShimmerscaleCrownOfChampions,23,0.5652173913043478,4.260869565217392
TFT17_Jhin,TFT9_Item_CrownOfDemacia,41,0.5609756097560976,4.195121951219512
TFT17_Jhin,TFT17_Item_PsyOpsEmblemItem,161,0.5590062111801242,4.161490683229814
TFT17_Jhin,TFT17_Item_HPTankEmblemItem,34,0.5588235294117647,4.205882352941177
TFT17_Jhin,TFT17_AnimaSquadItem_Tier1_RocketSwarm,149,0.5570469798657718,4.147651006711409
TFT17_Jhin,TFT5_Item_DeathbladeRadiant,95,0.5473684210526316,4.252631578947368
TFT17_Jhin,TFT_Item_TacticiansRing,53,0.5471698113207547,4.0754716981132075
TFT17_Jhin,TFT_Item_Crownguard,64,0.546875,4.40625
TFT17_Jhin,TFT_Item_BrambleVest,66,0.5454545454545454,4.333333333333333
TFT17_Jhin,TFT_Item_RedBuff,59,0.5423728813559322,4.338983050847458
TFT17_Jhin,TFT4_Item_OrnnInfinityForce,87,0.5402298850574713,4.425287356321839
TFT17_Jhin,TFT17_Item_Artifact_VarusArtifact,151,0.5364238410596026,4.119205298013245
TFT17_Jhin,TFT_Item_JeweledGauntlet,310,0.535483870967742,4.374193548387097
TFT17_Jhin,TFT17_AnimaSquadItem_Tier1_GuidingHex,71,0.5352112676056338,4.366197183098592
TFT17_Jhin,TFT17_Item_Artifact_EvelynnArtifact,32,0.53125,4.28125
TFT17_Jhin,TFT_Item_DragonsClaw,49,0.5306122448979592,4.061224489795919
TFT17_Jhin,TFT7_Item_ShimmerscaleGamblersBlade,138,0.5289855072463768,4.333333333333333
TFT17_Jhin,TFT17_AnimaSquadItem_Tier0_LeakyPrototype,38,0.5263157894736842,4.2105263157894735
TFT17_Jhin,TFT17_EkkoOffering_AnomalyItem,344,0.5261627906976745,4.372093023255814
TFT17_Jhin,TFT_Item_TearOfTheGoddess,194,0.5257731958762887,4.221649484536083
TFT17_Jhin,TFT_Item_TitansResolve,205,0.5219512195121951,4.263414634146342
TFT17_Jhin,TFT_Item_Artifact_Dawncore,25,0.52,4.32
TFT17_Jhin,TFT17_AnimaSquadItem_Tier0_SparkingPrototype,127,0.5196850393700787,4.425196850393701
TFT17_Jhin,TFT_Item_Artifact_ProwlersClaw,27,0.5185185185185185,4.222222222222222
TFT17_Jhin,TFT_Item_RabadonsDeathcap,134,0.5074626865671642,4.485074626865671
TFT17_Jhin,TFT17_Item_ASTraitEmblemItem,178,0.5,4.48314606741573
TFT17_Jhin,TFT17_Item_Artifact_AhriArtifact,10,0.5,4.4
TFT17_Jhin,TFT17_Item_Artifact_EkkoArtifact,18,0.5,4.222222222222222
TFT17_Jhin,TFTEvent5YR_Item_ShimmerscaleGoldmancersStaff,8,0.5,4.5
TFT17_Jhin,TFT_Item_Artifact_NavoriFlickerblades,22,0.5,4.5
TFT17_Jhin,TFT_Item_Artifact_TalismanOfAscension,30,0.5,4.1
TFT17_Jhin,TFT_Item_Artifact_WitsEnd,16,0.5,4.3125
TFT17_Jhin,TFT_Item_RecurveBow,732,0.5,4.524590163934426
TFT17_Jhin,TFT_Item_BFSword,884,0.497737556561086,4.599547511312217
TFT17_Jhin,TFT_Item_Redemption,51,0.49019607843137253,4.509803921568627
TFT17_Jhin,TFT17_AnimaSquadItem_Tier1_SavageSlicer,113,0.48672566371681414,4.345132743362832
TFT17_Jhin,TFT_Item_ArchangelsStaff,116,0.4827586206896552,4.422413793103448
TFT17_Jhin,TFT17_Item_FavoredEmblemItem,40,0.475,4.525
TFT17_Jhin,TFT_Item_SparringGloves,519,0.4720616570327553,4.737957610789981
TFT17_Jhin,TFT_Item_NeedlesslyLargeRod,82,0.45121951219512196,4.719512195121951
TFT17_Jhin,TFT5_Item_ThiefsGlovesRadiant,38,0.4473684210526316,4.473684210526316
TFT17_Jhin,TFT_Item_GiantsBelt,17,0.4117647058823529,5.176470588235294
TFT17_Jhin,TFT5_Item_ArchangelsStaffRadiant,5,0.4,4.6
TFT17_Jhin,TFT5_Item_HandOfJusticeRadiant,5,0.4,5.0
TFT17_Jhin,TFT_Item_Spatula,10,0.4,5.4
TFT17_Jhin,TFT_Item_Artifact_LichBane,13,0.38461538461538464,5.3076923076923075
TFT17_Jhin,TFT_Item_Artifact_BlightingJewel,8,0.375,5.375
TFT17_Jhin,TFT4_Item_OrnnDeathsDefiance,14,0.35714285714285715,4.857142857142857
TFT17_Jhin,TFT17_Item_PsyOps_TargetlockMod_Radiant,6,0.3333333333333333,4.5
TFT17_Jhin,TFT5_Item_RunaansHurricaneRadiant,6,0.3333333333333333,5.0
TFT17_Jhin,TFT5_Item_RapidFirecannonRadiant,13,0.3076923076923077,5.846153846153846
TFT17_Jhin,TFT5_Item_GuinsoosRagebladeRadiant,10,0.2,5.5
TFT17_Jinx,TFT_Item_EmptyBag,11,0.9090909090909091,1.6363636363636365
TFT17_Jinx,TFT_Item_WarmogsArmor,6,0.8333333333333334,3.6666666666666665
TFT17_Jinx,TFT5_Item_InfinityEdgeRadiant,45,0.7555555555555555,3.422222222222222
TFT17_Jinx,TFT_Item_Artifact_Mittens,11,0.7272727272727273,4.090909090909091
TFT17_Jinx,TFT5_Item_GiantSlayerRadiant,85,0.6941176470588235,3.776470588235294
TFT17_Jinx,TFT5_Item_TrapClawRadiant,16,0.6875,3.5
TFT17_Jinx,TFT17_AnimaSquadItem_Tier3_UwuBlaster,9,0.6666666666666666,3.0
TFT17_Jinx,TFT5_Item_ThiefsGlovesRadiant,6,0.6666666666666666,4.833333333333333
TFT17_Jinx,TFT_Item_Redemption,6,0.6666666666666666,3.8333333333333335
TFT17_Jinx,TFT_Item_SpectralGauntlet,9,0.6666666666666666,4.222222222222222
TFT17_Jinx,TFT_Item_Artifact_CappaJuice,50,0.66,3.9
TFT17_Jinx,TFT17_AnimaSquadItem_Tier2_BattleBunnyCrossbow,785,0.6318471337579618,3.6471337579617833
TFT17_Jinx,TFT17_AnimaSquadItem_Tier2_UwuBlaster,48,0.625,4.104166666666667
TFT17_Jinx,TFT17_Item_Artifact_EvelynnArtifact,8,0.625,4.625
TFT17_Jinx,TFT17_Item_ResistTankEmblemItem,5,0.6,4.2
TFT17_Jinx,TFT17_AnimaSquadItem_Tier0_LeakyPrototype,113,0.5929203539823009,4.079646017699115
TFT17_Jinx,TFT4_Item_OrnnTheCollector,130,0.5923076923076923,4.2846153846153845
TFT17_Jinx,TFT_Item_Artifact_Fishbones,201,0.5870646766169154,4.134328358208955
TFT17_Jinx,TFT_Item_Artifact_NavoriFlickerblades,125,0.584,4.2
TFT17_Jinx,TFT7_Item_ShimmerscaleGamblersBlade,36,0.5833333333333334,4.138888888888889
TFT17_Jinx,TFT_Item_NightHarvester,7,0.5714285714285714,4.857142857142857
TFT17_Jinx,TFT5_Item_RapidFirecannonRadiant,32,0.5625,4.6875
TFT17_Jinx,TFT_Item_PowerGauntlet,820,0.5609756097560976,4.2768292682926825
TFT17_Jinx,TFT17_Item_Artifact_VarusArtifact,72,0.5555555555555556,4.222222222222222
TFT17_Jinx,TFT_Item_ArchangelsStaff,9,0.5555555555555556,4.555555555555555
TFT17_Jinx,TFT17_Item_PsyOps_SympatheticImplantMod,20,0.55,4.7
TFT17_Jinx,TFT17_Item_Artifact_YasuoArtifact,51,0.5490196078431373,4.470588235294118
TFT17_Jinx,TFT_Item_Leviathan,31,0.5483870967741935,4.451612903225806
TFT17_Jinx,TFT_Item_ForceOfNature,11,0.5454545454545454,4.181818181818182
TFT17_Jinx,TFT_Item_InfinityEdge,1751,0.5402627070245574,4.276413478012564
TFT17_Jinx,TFT5_Item_RunaansHurricaneRadiant,30,0.5333333333333333,4.333333333333333
TFT17_Jinx,TFT17_Item_DarkStarEmblemItem,32,0.53125,4.25
TFT17_Jinx,TFT_Item_Deathblade,4144,0.5267857142857143,4.450289575289576
TFT17_Jinx,TFT_Item_MadredsBloodrazor,1560,0.525,4.447435897435898
TFT17_Jinx,TFT_Item_Artifact_RapidFirecannon,21,0.5238095238095238,4.142857142857143
TFT17_Jinx,TFT17_Item_PsyOps_TargetlockMod,25,0.52,4.2
TFT17_Jinx,TFT9_Item_CrownOfDemacia,102,0.5196078431372549,4.637254901960785
TFT17_Jinx,TFT_Item_LastWhisper,1453,0.5154852030282174,4.492085340674467
TFT17_Jinx,TFT5_Item_DeathbladeRadiant,125,0.512,4.424
TFT17_Jinx,TFT17_AnimaSquadItem_Tier0_SparkingPrototype,373,0.5093833780160858,4.482573726541555
TFT17_Jinx,TFT4_Item_OrnnInfinityForce,10,0.5,5.0
TFT17_Jinx,TFT_Item_Artifact_TitanicHydra,22,0.5,3.9545454545454546
TFT17_Jinx,TFT_Item_FrozenHeart,8,0.5,3.875
TFT17_Jinx,TFT_Item_HextechGunblade,226,0.49557522123893805,4.588495575221239
TFT17_Jinx,TFT_Item_UnstableConcoction,85,0.49411764705882355,4.588235294117647
TFT17_Jinx,TFT_Item_RapidFireCannon,3172,0.4927490542244641,4.601197982345523
TFT17_Jinx,TFT_Item_GuinsoosRageblade,1978,0.4883720930232558,4.564206268958544
TFT17_Jinx,TFT17_AnimaSquadItem_Tier2_EchoingBatblades,34,0.47058823529411764,4.617647058823529
TFT17_Jinx,TFT17_Item_MeleeTraitEmblemItem,151,0.47019867549668876,4.6490066225165565
TFT17_Jinx,TFT_Item_SpearOfShojin,2358,0.46904156064461405,4.719253604749788
TFT17_Jinx,TFT17_Item_FavoredEmblemItem,45,0.4666666666666667,4.933333333333334
TFT17_Jinx,TFT_Item_RunaansHurricane,1262,0.46513470681458,4.715530903328051
TFT17_Jinx,TFT17_Item_FlexTraitEmblemItem,80,0.45,4.7875
TFT17_Jinx,TFT_Item_SteraksGage,20,0.45,5.0
TFT17_Jinx,TFT_Item_ThiefsGloves,143,0.44755244755244755,4.846153846153846
TFT17_Jinx,TFT17_Item_DRXEmblemItem,62,0.43548387096774194,4.693548387096774
TFT17_Jinx,TFT17_EkkoOffering_AnomalyItem,37,0.43243243243243246,4.486486486486487
TFT17_Jinx,TFT17_Item_PsyOps_ChemicalCapacitorMod,28,0.42857142857142855,5.357142857142857
TFT17_Jinx,TFT_Item_AdaptiveHelm,21,0.42857142857142855,4.714285714285714
TFT17_Jinx,TFT_Item_Morellonomicon,140,0.42857142857142855,4.978571428571429
TFT17_Jinx,TFT_Item_Quicksilver,229,0.4279475982532751,5.039301310043668
TFT17_Jinx,TFT9_Item_OrnnHorizonFocus,68,0.4264705882352941,4.794117647058823
TFT17_Jinx,TFT5_Item_LastWhisperRadiant,12,0.4166666666666667,4.583333333333333
TFT17_Jinx,TFT17_AnimaSquadItem_Tier1_GuidingHex,17,0.4117647058823529,4.705882352941177
TFT17_Jinx,TFT17_Item_SummonTraitEmblemItem,22,0.4090909090909091,5.136363636363637
TFT17_Jinx,TFT17_AnimaSquadItem_Tier1_SavageSlicer,64,0.40625,5.015625
TFT17_Jinx,TFT17_AnimaSquadItem_Tier1_RocketSwarm,473,0.4059196617336152,5.067653276955602
TFT17_Jinx,TFT17_Item_AstronautEmblemItem,5,0.4,5.2
TFT17_Jinx,TFT5_Item_GuinsoosRagebladeRadiant,10,0.4,5.0
TFT17_Jinx,TFT_Item_Artifact_LudensTempest,5,0.4,4.4
TFT17_Jinx,TFT_Item_Artifact_TalismanOfAscension,5,0.4,4.4
TFT17_Jinx,TFT17_Item_AssassinTraitEmblemItem,39,0.38461538461538464,5.205128205128205
TFT17_Jinx,TFT_Item_StatikkShiv,76,0.3815789473684211,5.2105263157894735
TFT17_Jinx,TFTEvent5YR_Item_SevikasJinxedArm,21,0.38095238095238093,5.285714285714286
TFT17_Jinx,TFT_Item_JeweledGauntlet,21,0.38095238095238093,5.428571428571429
TFT17_Jinx,TFT_Item_SparringGloves,63,0.38095238095238093,5.301587301587301
TFT17_Jinx,TFT_Item_TacticiansRing,24,0.375,5.291666666666667
TFT17_Jinx,TFT17_Item_PrimordianEmblemItem,27,0.37037037037037035,5.2592592592592595
TFT17_Jinx,TFT_Item_NeedlesslyLargeRod,19,0.3684210526315789,5.7894736842105265
TFT17_Jinx,TFT_Item_TitansResolve,30,0.36666666666666664,5.4
TFT17_Jinx,TFT17_Item_SpaceGrooveEmblemItem,22,0.36363636363636365,5.136363636363637
TFT17_Jinx,TFT_Item_BlueBuff,112,0.35714285714285715,5.178571428571429
TFT17_Jinx,TFT_Item_GuardianAngel,40,0.35,5.35
TFT17_Jinx,TFT17_Item_PsyOps_DroneMod,9,0.3333333333333333,5.666666666666667
TFT17_Jinx,TFT_Item_GargoyleStoneplate,9,0.3333333333333333,5.555555555555555
TFT17_Jinx,TFT_Item_RabadonsDeathcap,16,0.3125,5.6875
TFT17_Jinx,TFT5_Item_SpearOfShojinRadiant,7,0.2857142857142857,5.285714285714286
TFT17_Jinx,TFTEvent5YR_Item_GlacialMallet,28,0.2857142857142857,5.964285714285714
TFT17_Jinx,TFT17_Item_RangedTraitEmblemItem,39,0.28205128205128205,5.641025641025641
TFT17_Jinx,TFT_Item_RecurveBow,83,0.27710843373493976,6.072289156626506
TFT17_Jinx,TFTEvent5YR_Item_MaestrosBaton,20,0.25,6.15
TFT17_Jinx,TFT_Item_Artifact_Dawncore,16,0.25,5.3125
TFT17_Jinx,TFT_Item_BFSword,128,0.2421875,5.9453125
TFT17_Jinx,TFT_Item_Artifact_HellfireHatchet,9,0.2222222222222222,5.888888888888889
TFT17_Jinx,TFTEvent5YR_Item_ShimmerscaleDravensAxe,47,0.2127659574468085,5.829787234042553
TFT17_Jinx,TFT17_Item_PsyOpsEmblemItem,10,0.2,6.3
TFT17_Jinx,TFT_Item_Artifact_WitsEnd,5,0.2,6.2
TFT17_Jinx,TFT_Item_GiantsBelt,5,0.2,7.0
TFT17_Jinx,TFT_Item_TearOfTheGoddess,30,0.2,5.966666666666667
TFT17_Jinx,TFT_Item_Bloodthirster,26,0.19230769230769232,6.0
TFT17_Jinx,TFT17_Item_StargazerEmblemItem,22,0.18181818181818182,6.409090909090909
TFT17_Jinx,TFT17_AnimaSquadItem_Tier2_Annihilator,7,0.14285714285714285,5.857142857142857
TFT17_Jinx,TFTEvent5YR_Item_ShimmerscaleCrownOfChampions,7,0.14285714285714285,6.285714285714286
TFT17_Jinx,TFTEvent5YR_Item_ShimmerscaleGoldmancersStaff,8,0.125,6.5
TFT17_Jinx,TFT17_Item_PulsefireEmblemItem,18,0.1111111111111111,6.777777777777778
TFT17_Jinx,TFT_Item_Artifact_StatikkShiv,10,0.1,6.6
TFT17_Jinx,TFT17_AnimaSquadItem_Tier2_SearingShortbow,5,0.0,7.4
TFT17_Kaisa,TFT_Item_EmptyBag,75,0.9733333333333334,1.24
TFT17_Kaisa,TFT5_Item_SpearOfShojinRadiant,11,0.8181818181818182,3.5454545454545454
TFT17_Kaisa,TFT_Item_ForceOfNature,39,0.7692307692307693,3.1025641025641026
TFT17_Kaisa,TFT17_Item_PsyOps_ChemicalCapacitorMod,22,0.6818181818181818,3.6818181818181817
TFT17_Kaisa,TFT5_Item_InfinityEdgeRadiant,55,0.6727272727272727,3.672727272727273
TFT17_Kaisa,TFT17_Item_Artifact_AhriArtifact,9,0.6666666666666666,4.333333333333333
TFT17_Kaisa,TFT_Item_Artifact_TitanicHydra,9,0.6666666666666666,3.7777777777777777
TFT17_Kaisa,TFT_Item_Redemption,18,0.6666666666666666,4.111111111111111
TFT17_Kaisa,TFT5_Item_TrapClawRadiant,28,0.6428571428571429,3.9642857142857144
TFT17_Kaisa,TFT17_Item_PsyOps_SympatheticImplantMod,16,0.625,3.9375
TFT17_Kaisa,TFT17_Item_FlexTraitEmblemItem,319,0.6238244514106583,3.6865203761755487
TFT17_Kaisa,TFT_Item_Artifact_SilvermereDawn,13,0.6153846153846154,4.0
TFT17_Kaisa,TFT_Item_BrambleVest,26,0.6153846153846154,4.423076923076923
TFT17_Kaisa,TFT_Item_Artifact_HellfireHatchet,10,0.6,4.4
TFT17_Kaisa,TFT_Item_TacticiansRing,40,0.6,4.0
TFT17_Kaisa,TFT_Item_NightHarvester,24,0.5833333333333334,4.166666666666667
TFT17_Kaisa,TFT_Item_IonicSpark,19,0.5789473684210527,4.157894736842105
TFT17_Kaisa,TFT17_Item_PsyOpsEmblemItem,70,0.5571428571428572,4.328571428571428
TFT17_Kaisa,TFT17_AnimaSquadItem_Tier2_UwuBlaster,9,0.5555555555555556,4.222222222222222
TFT17_Kaisa,TFT17_Item_PsyOps_DroneMod,18,0.5555555555555556,4.333333333333333
TFT17_Kaisa,TFT_Item_Artifact_Dawncore,53,0.5471698113207547,4.226415094339623
TFT17_Kaisa,TFT_Item_Artifact_ProwlersClaw,11,0.5454545454545454,4.454545454545454
TFT17_Kaisa,TFT_Item_WarmogsArmor,37,0.5405405405405406,4.4324324324324325
TFT17_Kaisa,TFT_Item_ThiefsGloves,741,0.5398110661268556,4.287449392712551
TFT17_Kaisa,TFT_Item_PowerGauntlet,1911,0.5300889586603872,4.293563579277865
TFT17_Kaisa,TFT17_Item_ResistTankEmblemItem,19,0.5263157894736842,4.315789473684211
TFT17_Kaisa,TFT_Item_BlueBuff,2078,0.5202117420596728,4.375360923965351
TFT17_Kaisa,TFT_Item_Crownguard,27,0.5185185185185185,4.518518518518518
TFT17_Kaisa,TFT_Item_SpectralGauntlet,41,0.5121951219512195,4.682926829268292
TFT17_Kaisa,TFT17_Item_RangedTraitEmblemItem,639,0.5117370892018779,4.431924882629108
TFT17_Kaisa,TFT_Item_RunaansHurricane,314,0.5095541401273885,4.452229299363057
TFT17_Kaisa,TFT17_AnimaSquadItem_Tier2_BattleBunnyCrossbow,12,0.5,4.0
TFT17_Kaisa,TFT_Item_ArchangelsStaff,50,0.5,4.86
TFT17_Kaisa,TFT_Item_MadredsBloodrazor,2805,0.49732620320855614,4.4962566844919785
TFT17_Kaisa,TFT_Item_TitansResolve,78,0.48717948717948717,4.6923076923076925
TFT17_Kaisa,TFT_Item_UnstableConcoction,341,0.4868035190615836,4.545454545454546
TFT17_Kaisa,TFT_Item_AdaptiveHelm,321,0.48598130841121495,4.579439252336448
TFT17_Kaisa,TFT_Item_TearOfTheGoddess,132,0.48484848484848486,4.818181818181818
TFT17_Kaisa,TFT_Item_RapidFireCannon,1305,0.4827586206896552,4.609195402298851
TFT17_Kaisa,TFT_Item_HextechGunblade,434,0.4815668202764977,4.605990783410138
TFT17_Kaisa,TFT17_Item_MeleeTraitEmblemItem,163,0.4785276073619632,4.4969325153374236
TFT17_Kaisa,TFT_Item_DragonsClaw,23,0.4782608695652174,4.3478260869565215
TFT17_Kaisa,TFT_Item_SpearOfShojin,3205,0.4755070202808112,4.584399375975039
TFT17_Kaisa,TFT17_Item_PulsefireEmblemItem,198,0.47474747474747475,4.494949494949495
TFT17_Kaisa,TFT_Item_Deathblade,2500,0.4728,4.6392
TFT17_Kaisa,TFT5_Item_BlueBuffRadiant,17,0.47058823529411764,4.470588235294118
TFT17_Kaisa,TFT17_Item_DRXEmblemItem,84,0.4642857142857143,4.642857142857143
TFT17_Kaisa,TFT17_AnimaSquadItem_Tier0_SparkingPrototype,26,0.46153846153846156,4.961538461538462
TFT17_Kaisa,TFT_Item_GuardianAngel,198,0.4595959595959596,4.782828282828283
TFT17_Kaisa,TFT_Item_LastWhisper,3237,0.45937596540006176,4.665739882607353
TFT17_Kaisa,TFT17_Item_ASTraitEmblemItem,133,0.45864661654135336,4.669172932330827
TFT17_Kaisa,TFT_Item_InfinityEdge,5934,0.4585439838220425,4.66582406471183
TFT17_Kaisa,TFT_Item_Morellonomicon,616,0.4577922077922078,4.693181818181818
TFT17_Kaisa,TFT_Item_SteraksGage,81,0.4567901234567901,4.6419753086419755
TFT17_Kaisa,TFT17_Item_StargazerEmblemItem,182,0.45604395604395603,4.752747252747253
TFT17_Kaisa,TFTEvent5YR_Item_ShimmerscaleCrownOfChampions,11,0.45454545454545453,4.454545454545454
TFT17_Kaisa,TFT_Item_Quicksilver,242,0.45041322314049587,4.739669421487603
TFT17_Kaisa,TFT9_Item_OrnnHorizonFocus,65,0.4461538461538462,4.584615384615384
TFT17_Kaisa,TFT7_Item_ShimmerscaleGamblersBlade,32,0.4375,4.71875
TFT17_Kaisa,TFT_Item_FrozenHeart,23,0.43478260869565216,4.826086956521739
TFT17_Kaisa,TFT17_Item_PsyOps_TargetlockMod,30,0.43333333333333335,4.466666666666667
TFT17_Kaisa,TFT4_Item_OrnnZhonyasParadox,7,0.42857142857142855,4.428571428571429
TFT17_Kaisa,TFT_Item_Artifact_LichBane,7,0.42857142857142855,4.857142857142857
TFT17_Kaisa,TFT_Item_RedBuff,21,0.42857142857142855,5.0476190476190474
TFT17_Kaisa,TFT_Item_Leviathan,246,0.4268292682926829,4.715447154471545
TFT17_Kaisa,TFT_Item_JeweledGauntlet,132,0.42424242424242425,4.871212121212121
TFT17_Kaisa,TFT5_Item_GiantSlayerRadiant,31,0.41935483870967744,4.741935483870968
TFT17_Kaisa,TFT17_Item_Artifact_YasuoArtifact,17,0.4117647058823529,5.117647058823529
TFT17_Kaisa,TFT17_EkkoOffering_AnomalyItem,69,0.4057971014492754,4.927536231884058
TFT17_Kaisa,TFT5_Item_BrambleVestRadiant,5,0.4,4.8
TFT17_Kaisa,TFT_Item_Artifact_StatikkShiv,10,0.4,4.8
TFT17_Kaisa,TFT_Item_RabadonsDeathcap,50,0.4,4.74
TFT17_Kaisa,TFT_Item_Artifact_Fishbones,68,0.39705882352941174,4.794117647058823
TFT17_Kaisa,TFT_Item_StatikkShiv,544,0.3952205882352941,5.110294117647059
TFT17_Kaisa,TFT17_Item_SummonTraitEmblemItem,69,0.391304347826087,5.159420289855072
TFT17_Kaisa,TFT_Item_Artifact_Mittens,18,0.3888888888888889,4.722222222222222
TFT17_Kaisa,TFT_Item_SparringGloves,201,0.3880597014925373,5.159203980099503
TFT17_Kaisa,TFT_Item_Artifact_LudensTempest,13,0.38461538461538464,4.923076923076923
TFT17_Kaisa,TFT_Item_Artifact_RapidFirecannon,13,0.38461538461538464,5.153846153846154
TFT17_Kaisa,TFT9_Item_CrownOfDemacia,29,0.3793103448275862,4.862068965517241
TFT17_Kaisa,TFT_Item_RecurveBow,285,0.37894736842105264,5.007017543859649
TFT17_Kaisa,TFT17_Item_Artifact_VarusArtifact,61,0.3770491803278688,5.278688524590164
TFT17_Kaisa,TFT5_Item_ThiefsGlovesRadiant,16,0.375,5.0
TFT17_Kaisa,TFT_Item_Artifact_NavoriFlickerblades,32,0.375,5.03125
TFT17_Kaisa,TFT_Item_Artifact_TalismanOfAscension,16,0.375,5.125
TFT17_Kaisa,TFTEvent5YR_Item_MaestrosBaton,19,0.3684210526315789,5.315789473684211
TFT17_Kaisa,TFT17_Item_FavoredEmblemItem,30,0.36666666666666664,5.033333333333333
TFT17_Kaisa,TFT_Item_GuinsoosRageblade,603,0.3648424543946932,5.11608623548922
TFT17_Kaisa,TFT17_Item_Artifact_EkkoArtifact,11,0.36363636363636365,5.909090909090909
TFT17_Kaisa,TFT17_Item_Artifact_EvelynnArtifact,22,0.36363636363636365,5.2272727272727275
TFT17_Kaisa,TFT_Item_Artifact_WitsEnd,11,0.36363636363636365,5.545454545454546
TFT17_Kaisa,TFT_Item_GargoyleStoneplate,25,0.36,5.12
TFT17_Kaisa,TFT17_Item_SpaceGrooveEmblemItem,59,0.3559322033898305,5.101694915254237
TFT17_Kaisa,TFT_Item_BFSword,338,0.3520710059171598,5.313609467455621
TFT17_Kaisa,TFT_Item_Bloodthirster,77,0.35064935064935066,4.896103896103896
TFT17_Kaisa,TFT17_Item_HPTankEmblemItem,20,0.35,5.25
TFT17_Kaisa,TFT17_Item_PrimordianEmblemItem,20,0.35,4.95
TFT17_Kaisa,TFT17_AnimaSquadItem_Tier0_LeakyPrototype,6,0.3333333333333333,5.666666666666667
TFT17_Kaisa,TFT17_AnimaSquadItem_Tier2_EchoingBatblades,6,0.3333333333333333,5.5
TFT17_Kaisa,TFTEvent5YR_Item_GlacialMallet,6,0.3333333333333333,4.833333333333333
TFT17_Kaisa,TFT_Item_Artifact_CappaJuice,33,0.3333333333333333,5.121212121212121
TFT17_Kaisa,TFT_Item_NeedlesslyLargeRod,49,0.32653061224489793,5.387755102040816
TFT17_Kaisa,TFT4_Item_OrnnTheCollector,70,0.3142857142857143,5.271428571428571
TFT17_Kaisa,TFTEvent5YR_Item_ShimmerscaleDravensAxe,51,0.3137254901960784,5.470588235294118
TFT17_Kaisa,TFT4_Item_OrnnInfinityForce,23,0.30434782608695654,5.478260869565218
TFT17_Kaisa,TFT17_AnimaSquadItem_Tier1_SavageSlicer,10,0.3,5.5
TFT17_Kaisa,TFT_Item_NegatronCloak,10,0.3,5.2
TFT17_Kaisa,TFT17_Item_AstronautEmblemItem,34,0.29411764705882354,5.205882352941177
TFT17_Kaisa,TFT17_Item_ShieldTankEmblemItem,18,0.2777777777777778,5.5
TFT17_Kaisa,TFT17_AnimaSquadItem_Tier1_RocketSwarm,28,0.25,5.607142857142857
TFT17_Kaisa,TFTEvent5YR_Item_SevikasJinxedArm,13,0.23076923076923078,5.615384615384615
TFT17_Kaisa,TFT5_Item_DeathbladeRadiant,28,0.21428571428571427,5.821428571428571
TFT17_Kaisa,TFT_Item_Artifact_BlightingJewel,7,0.14285714285714285,6.285714285714286
TFT17_Kaisa,TFT_Item_GiantsBelt,7,0.14285714285714285,5.857142857142857
TFT17_Kaisa,TFTEvent5YR_Item_ShimmerscaleGoldmancersStaff,9,0.1111111111111111,6.333333333333333
TFT17_Kaisa,TFT5_Item_LastWhisperRadiant,5,0.0,7.2
TFT17_Kaisa,TFT_Item_Spatula,8,0.0,7.0
TFT17_Karma,TFT_Item_EmptyBag,222,0.9459459459459459,1.3693693693693694
TFT17_Karma,TFT_Item_ForceOfNature,147,0.8095238095238095,2.687074829931973
TFT17_Karma,TFTEvent5YR_Item_ShimmerscaleDravensAxe,9,0.7777777777777778,2.111111111111111
TFT17_Karma,TFT17_Item_HPTankEmblemItem,18,0.7222222222222222,3.8333333333333335
TFT17_Karma,TFT_Item_Artifact_TitanicHydra,7,0.7142857142857143,3.2857142857142856
TFT17_Karma,TFT17_AnimaSquadItem_Tier2_UwuBlaster,10,0.7,3.2
TFT17_Karma,TFT17_AnimaSquadItem_Tier2_SearingShortbow,44,0.6818181818181818,3.4318181818181817
TFT17_Karma,TFT_Item_Bloodthirster,77,0.6753246753246753,3.8181818181818183
TFT17_Karma,TFT17_Item_PsyOps_TargetlockMod,142,0.6619718309859155,3.7535211267605635
TFT17_Karma,TFT_Item_Crownguard,82,0.6463414634146342,3.902439024390244
TFT17_Karma,TFT_Item_TacticiansRing,164,0.6402439024390244,3.7195121951219514
TFT17_Karma,TFT_Item_DragonsClaw,55,0.6363636363636364,3.890909090909091
TFT17_Karma,TFT_Item_Redemption,65,0.6307692307692307,4.046153846153846
TFT17_Karma,TFT17_Item_PsyOps_DroneMod,442,0.6244343891402715,3.975113122171946
TFT17_Karma,TFT17_Item_PsyOps_SympatheticImplantMod,424,0.6037735849056604,3.936320754716981
TFT17_Karma,TFTEvent5YR_Item_ShimmerscaleCrownOfChampions,15,0.6,4.066666666666666
TFT17_Karma,TFT_Item_AdaptiveHelm,3366,0.5956625074272133,4.041889483065954
TFT17_Karma,TFT_Item_FrozenHeart,71,0.5915492957746479,4.211267605633803
TFT17_Karma,TFT_Item_WarmogsArmor,84,0.5833333333333334,4.321428571428571
TFT17_Karma,TFT_Item_ThiefsGloves,1955,0.5831202046035806,4.029667519181586
TFT17_Karma,TFT_Item_RunaansHurricane,148,0.581081081081081,4.135135135135135
TFT17_Karma,TFTEvent5YR_Item_SevikasJinxedArm,14,0.5714285714285714,4.428571428571429
TFT17_Karma,TFT_Item_Artifact_RapidFirecannon,14,0.5714285714285714,4.5
TFT17_Karma,TFT_Item_SteraksGage,95,0.5684210526315789,4.242105263157895
TFT17_Karma,TFT17_Item_PsyOps_ChemicalCapacitorMod,125,0.568,4.08
TFT17_Karma,TFT_Item_SpectralGauntlet,67,0.5671641791044776,4.373134328358209
TFT17_Karma,TFT17_Item_RangedTraitEmblemItem,464,0.5603448275862069,4.252155172413793
TFT17_Karma,TFT_Item_ArchangelsStaff,2533,0.5582313462297671,4.185155941571259
TFT17_Karma,TFT_Item_BlueBuff,4317,0.5524669909659485,4.2404447533009035
TFT17_Karma,TFT17_AnimaSquadItem_Tier0_LeakyPrototype,163,0.5521472392638037,4.441717791411043
TFT17_Karma,TFT17_Item_ASTraitEmblemItem,118,0.5508474576271186,4.466101694915254
TFT17_Karma,TFT_Item_Deathblade,151,0.5496688741721855,4.317880794701987
TFT17_Karma,TFT_Item_HextechGunblade,1766,0.5481313703284258,4.2480181200453
TFT17_Karma,TFT5_Item_MorellonomiconRadiant,13,0.5384615384615384,4.076923076923077
TFT17_Karma,TFT_Item_BrambleVest,65,0.5384615384615384,4.323076923076923
TFT17_Karma,TFT17_Item_PsyOpsEmblemItem,330,0.5272727272727272,4.263636363636364
TFT17_Karma,TFT17_Item_SummonTraitEmblemItem,1723,0.5269878119558908,4.364480557167731
TFT17_Karma,TFT_Item_RabadonsDeathcap,5043,0.5266706325599841,4.379139401150109
TFT17_Karma,TFT5_Item_JeweledGauntletRadiant,19,0.5263157894736842,5.0
TFT17_Karma,TFT_Item_RapidFireCannon,4247,0.525076524605604,4.356957852601837
TFT17_Karma,TFT_Item_RedBuff,61,0.5245901639344263,4.360655737704918
TFT17_Karma,TFT17_Item_AstronautEmblemItem,324,0.5216049382716049,4.29320987654321
TFT17_Karma,TFT_Item_MadredsBloodrazor,4500,0.5208888888888888,4.406444444444444
TFT17_Karma,TFT_Item_LastWhisper,361,0.5207756232686981,4.271468144044321
TFT17_Karma,TFT17_Item_PulsefireEmblemItem,222,0.5180180180180181,4.400900900900901
TFT17_Karma,TFT_Item_SpearOfShojin,9063,0.5153922542204568,4.396998786273861
TFT17_Karma,TFT_Item_GuardianAngel,235,0.5148936170212766,4.404255319148936
TFT17_Karma,TFT_Item_GargoyleStoneplate,72,0.5138888888888888,4.611111111111111
TFT17_Karma,TFT_Item_NightHarvester,78,0.5128205128205128,4.461538461538462
TFT17_Karma,TFT_Item_Artifact_StatikkShiv,88,0.5113636363636364,4.636363636363637
TFT17_Karma,TFT17_Item_StargazerEmblemItem,346,0.5057803468208093,4.401734104046243
TFT17_Karma,TFT_Item_RecurveBow,923,0.504875406283857,4.42578548212351
TFT17_Karma,TFT_Item_StatikkShiv,14395,0.5043417853421327,4.46015977770059
TFT17_Karma,TFT17_Item_Artifact_EvelynnArtifact,10,0.5,4.9
TFT17_Karma,TFT17_Item_PrimordianEmblemItem,8,0.5,4.625
TFT17_Karma,TFT17_Item_PsyOps_SympatheticImplantMod_Radiant,12,0.5,4.166666666666667
TFT17_Karma,TFT5_Item_SpearOfShojinRadiant,16,0.5,4.6875
TFT17_Karma,TFT_Item_IonicSpark,50,0.5,4.5
TFT17_Karma,TFT_Item_Artifact_EternalPact,149,0.4966442953020134,4.630872483221476
TFT17_Karma,TFT_Item_Leviathan,4042,0.49653636813458685,4.483671449777338
TFT17_Karma,TFT_Item_TearOfTheGoddess,719,0.4965229485396384,4.486787204450626
TFT17_Karma,TFT_Item_NeedlesslyLargeRod,985,0.4964467005076142,4.484263959390863
TFT17_Karma,TFT_Item_PowerGauntlet,2164,0.49630314232902034,4.511090573012939
TFT17_Karma,TFT_Item_SparringGloves,372,0.4946236559139785,4.502688172043011
TFT17_Karma,TFT_Item_Morellonomicon,8808,0.4938692098092643,4.51578110808356
TFT17_Karma,TFT17_Item_ShieldTankEmblemItem,407,0.49385749385749383,4.555282555282555
TFT17_Karma,TFTEvent5YR_Item_ShimmerscaleGoldmancersStaff,67,0.4925373134328358,4.656716417910448
TFT17_Karma,TFT17_AnimaSquadItem_Tier1_GuidingHex,342,0.49122807017543857,4.608187134502924
TFT17_Karma,TFT17_Item_ResistTankEmblemItem,39,0.48717948717948717,4.6923076923076925
TFT17_Karma,TFT_Item_JeweledGauntlet,9551,0.48518479740341325,4.560150769552926
TFT17_Karma,TFT_Item_BFSword,355,0.48450704225352115,4.512676056338028
TFT17_Karma,TFT_Item_GuinsoosRageblade,926,0.4816414686825054,4.698704103671706
TFT17_Karma,TFT17_Item_Artifact_EkkoArtifact,71,0.4788732394366197,4.591549295774648
TFT17_Karma,TFT17_AnimaSquadItem_Tier2_Annihilator,23,0.4782608695652174,4.478260869565218
TFT17_Karma,TFT17_Item_Artifact_AhriArtifact,318,0.4779874213836478,4.69496855345912
TFT17_Karma,TFT7_Item_ShimmerscaleGamblersBlade,112,0.4732142857142857,4.446428571428571
TFT17_Karma,TFT_Item_Artifact_BlightingJewel,110,0.4727272727272727,4.827272727272727
TFT17_Karma,TFT_Item_UnstableConcoction,407,0.4668304668304668,4.574938574938575
TFT17_Karma,TFT_Item_Artifact_LudensTempest,120,0.4666666666666667,4.883333333333334
TFT17_Karma,TFT17_Item_MeleeTraitEmblemItem,88,0.4659090909090909,4.8522727272727275
TFT17_Karma,TFT9_Item_OrnnHorizonFocus,85,0.4588235294117647,4.588235294117647
TFT17_Karma,TFT17_Item_DRXEmblemItem,115,0.45217391304347826,4.6521739130434785
TFT17_Karma,TFT_Item_InfinityEdge,255,0.45098039215686275,4.580392156862745
TFT17_Karma,TFT_Item_Quicksilver,370,0.4486486486486487,4.716216216216216
TFT17_Karma,TFT_Item_TitansResolve,116,0.4482758620689655,4.741379310344827
TFT17_Karma,TFT17_Item_Artifact_VarusArtifact,65,0.4461538461538462,4.876923076923077
TFT17_Karma,TFT17_AnimaSquadItem_Tier0_SparkingPrototype,99,0.4444444444444444,4.787878787878788
TFT17_Karma,TFT_Item_Artifact_LichBane,108,0.4444444444444444,4.861111111111111
TFT17_Karma,TFT_Item_Spatula,27,0.4444444444444444,5.074074074074074
TFT17_Karma,TFT17_Item_AssassinTraitEmblemItem,414,0.4396135265700483,4.736714975845411
TFT17_Karma,TFT_Item_Artifact_NavoriFlickerblades,23,0.43478260869565216,4.739130434782608
TFT17_Karma,TFT17_EkkoOffering_AnomalyItem,450,0.4266666666666667,4.802222222222222
TFT17_Karma,TFT_Item_Artifact_WitsEnd,26,0.4230769230769231,4.961538461538462
TFT17_Karma,TFT_Item_NegatronCloak,19,0.42105263157894735,5.0
TFT17_Karma,TFT17_Item_PsyOps_DroneMod_Radiant,12,0.4166666666666667,4.166666666666667
TFT17_Karma,TFT_Item_Artifact_Dawncore,203,0.41379310344827586,4.935960591133005
TFT17_Karma,TFT17_Item_FavoredEmblemItem,334,0.40718562874251496,4.913173652694611
TFT17_Karma,TFT17_Item_SpaceGrooveEmblemItem,167,0.40119760479041916,4.946107784431137
TFT17_Karma,TFT4_Item_OrnnZhonyasParadox,75,0.4,4.8933333333333335
TFT17_Karma,TFT_Item_Artifact_Fishbones,13,0.38461538461538464,4.846153846153846
TFT17_Karma,TFT17_Item_AnimaSquadEmblemItem,21,0.38095238095238093,5.333333333333333
TFT17_Karma,TFTEvent5YR_Item_GlacialMallet,8,0.375,4.875
TFT17_Karma,TFT_Item_Artifact_CappaJuice,35,0.37142857142857144,5.2
TFT17_Karma,TFT_Item_Artifact_SeekersArmguard,28,0.35714285714285715,5.035714285714286
TFT17_Karma,TFT5_Item_BlueBuffRadiant,17,0.35294117647058826,5.294117647058823
TFT17_Karma,TFT5_Item_StatikkShivRadiant,23,0.34782608695652173,4.869565217391305
TFT17_Karma,TFT17_AnimaSquadItem_Tier1_RocketSwarm,54,0.3333333333333333,5.444444444444445
TFT17_Karma,TFT17_AnimaSquadItem_Tier2_CyclonicSlicers,6,0.3333333333333333,5.833333333333333
TFT17_Karma,TFT4_Item_OrnnInfinityForce,21,0.3333333333333333,5.476190476190476
TFT17_Karma,TFT_Item_TacticiansScepter,6,0.3333333333333333,4.833333333333333
TFT17_Karma,TFT5_Item_RabadonsDeathcapRadiant,41,0.3170731707317073,5.609756097560975
TFT17_Karma,TFT_Item_GiantsBelt,33,0.30303030303030304,5.606060606060606
TFT17_Karma,TFT17_AnimaSquadItem_Tier2_BattleBunnyCrossbow,10,0.3,5.9
TFT17_Karma,TFT5_Item_ThiefsGlovesRadiant,20,0.3,5.3
TFT17_Karma,TFTEvent5YR_Item_MaestrosBaton,10,0.3,5.0
TFT17_Karma,TFT4_Item_OrnnTheCollector,17,0.29411764705882354,5.0
TFT17_Karma,TFT17_AnimaSquadItem_Tier2_EchoingBatblades,7,0.2857142857142857,5.571428571428571
TFT17_Karma,TFT_Item_Artifact_HellfireHatchet,7,0.2857142857142857,4.714285714285714
TFT17_Karma,TFT_Item_Artifact_TalismanOfAscension,29,0.27586206896551724,5.206896551724138
TFT17_Karma,TFT5_Item_TrapClawRadiant,8,0.25,5.5
TFT17_Karma,TFT9_Item_CrownOfDemacia,13,0.23076923076923078,5.6923076923076925
TFT17_Karma,TFT5_Item_LeviathanRadiant,44,0.22727272727272727,6.045454545454546
TFT17_Karma,TFT5_Item_GiantSlayerRadiant,9,0.2222222222222222,5.444444444444445
TFT17_Karma,TFT_Item_Artifact_Mittens,11,0.18181818181818182,6.0
TFT17_Karma,TFT17_AnimaSquadItem_Tier1_SavageSlicer,12,0.16666666666666666,6.166666666666667
TFT17_Karma,TFT5_Item_ArchangelsStaffRadiant,9,0.1111111111111111,6.555555555555555
TFT17_Karma,TFT17_Item_Artifact_YasuoArtifact,20,0.05,6.2
TFT17_Karma,TFT5_Item_HextechGunbladeRadiant,7,0.0,6.142857142857143
TFT17_Karma,TFT_Item_ChainVest,5,0.0,5.8
TFT17_Kindred,TFT_Item_EmptyBag,67,0.8656716417910447,1.8507462686567164
TFT17_Kindred,TFT5_Item_InfinityEdgeRadiant,9,0.7777777777777778,3.7777777777777777
TFT17_Kindred,TFT17_AnimaSquadItem_Tier2_BattleBunnyCrossbow,241,0.7634854771784232,2.87551867219917
TFT17_Kindred,TFT17_AnimaSquadItem_Tier2_EchoingBatblades,67,0.7611940298507462,3.0597014925373136
TFT17_Kindred,TFT17_Item_PrimordianEmblemItem,41,0.6585365853658537,3.926829268292683
TFT17_Kindred,TFT_Item_NightHarvester,33,0.6363636363636364,3.878787878787879
TFT17_Kindred,TFT_Item_Artifact_TalismanOfAscension,30,0.6333333333333333,4.033333333333333
TFT17_Kindred,TFT_Item_SteraksGage,126,0.626984126984127,4.095238095238095
TFT17_Kindred,TFT_Item_RapidFireCannon,6309,0.6061182437787288,4.005389126644476
TFT17_Kindred,TFT_Item_GuardianAngel,260,0.5961538461538461,4.046153846153846
TFT17_Kindred,TFT17_Item_MeleeTraitEmblemItem,3078,0.5948667966211826,4.025990903183886
TFT17_Kindred,TFT_Item_MadredsBloodrazor,6915,0.5942154736080983,4.105712219812003
TFT17_Kindred,TFT17_AnimaSquadItem_Tier2_UwuBlaster,93,0.5913978494623656,3.849462365591398
TFT17_Kindred,TFT_Item_RunaansHurricane,10612,0.5907463249151903,4.091594421409725
TFT17_Kindred,TFT_Item_PowerGauntlet,2817,0.5899893503727369,4.100461483848066
TFT17_Kindred,TFT17_Item_PsyOps_TargetlockMod_Radiant,17,0.5882352941176471,3.8823529411764706
TFT17_Kindred,TFT_Item_ForceOfNature,53,0.5849056603773585,4.169811320754717
TFT17_Kindred,TFT_Item_StatikkShiv,144,0.5833333333333334,4.243055555555555
TFT17_Kindred,TFT_Item_Leviathan,170,0.5823529411764706,4.08235294117647
TFT17_Kindred,TFT_Item_ThiefsGloves,676,0.5769230769230769,4.14792899408284
TFT17_Kindred,TFT17_Item_FlexTraitEmblemItem,66,0.5757575757575758,4.181818181818182
TFT17_Kindred,TFT_Item_Deathblade,5061,0.5732068761114404,4.217348350128433
TFT17_Kindred,TFTEvent5YR_Item_GlacialMallet,21,0.5714285714285714,4.476190476190476
TFT17_Kindred,TFTEvent5YR_Item_ShimmerscaleGoldmancersStaff,7,0.5714285714285714,4.142857142857143
TFT17_Kindred,TFT_Item_Artifact_Mittens,37,0.5675675675675675,4.1891891891891895
TFT17_Kindred,TFT_Item_GargoyleStoneplate,30,0.5666666666666667,4.366666666666666
TFT17_Kindred,TFTEvent5YR_Item_SevikasJinxedArm,23,0.5652173913043478,4.173913043478261
TFT17_Kindred,TFT17_Item_HPTankEmblemItem,62,0.5645161290322581,4.354838709677419
TFT17_Kindred,TFT5_Item_LastWhisperRadiant,57,0.5614035087719298,4.087719298245614
TFT17_Kindred,TFT_Item_LastWhisper,9800,0.5596938775510204,4.242142857142857
TFT17_Kindred,TFT_Item_SpearOfShojin,428,0.5560747663551402,4.30607476635514
TFT17_Kindred,TFT17_AnimaSquadItem_Tier1_SavageSlicer,27,0.5555555555555556,4.481481481481482
TFT17_Kindred,TFT_Item_InfinityEdge,2261,0.5519681556833259,4.279522335249889
TFT17_Kindred,TFT5_Item_TrapClawRadiant,20,0.55,4.6
TFT17_Kindred,TFT_Item_GuinsoosRageblade,15448,0.5455722423614707,4.326773692387364
TFT17_Kindred,TFT17_Item_Artifact_VarusArtifact,187,0.5454545454545454,4.320855614973262
TFT17_Kindred,TFT4_Item_OrnnTheCollector,204,0.5441176470588235,4.372549019607843
TFT17_Kindred,TFT_Item_Morellonomicon,1133,0.5419240953221536,4.323918799646955
TFT17_Kindred,TFT_Item_FrozenHeart,24,0.5416666666666666,4.416666666666667
TFT17_Kindred,TFTEvent5YR_Item_MaestrosBaton,15,0.5333333333333333,4.2
TFT17_Kindred,TFT_Item_JeweledGauntlet,106,0.5283018867924528,4.452830188679245
TFT17_Kindred,TFT_Item_Artifact_NavoriFlickerblades,454,0.526431718061674,4.365638766519824
TFT17_Kindred,TFT_Item_Artifact_WitsEnd,38,0.5263157894736842,4.2105263157894735
TFT17_Kindred,TFT_Item_TitansResolve,227,0.5242290748898678,4.41409691629956
TFT17_Kindred,TFT_Item_RedBuff,21,0.5238095238095238,4.380952380952381
TFT17_Kindred,TFT17_AnimaSquadItem_Tier2_SearingShortbow,25,0.52,4.56
TFT17_Kindred,TFT17_Item_PsyOps_TargetlockMod,1596,0.5194235588972431,4.410401002506266
TFT17_Kindred,TFT_Item_WarmogsArmor,27,0.5185185185185185,4.481481481481482
TFT17_Kindred,TFT17_Item_PsyOps_ChemicalCapacitorMod,849,0.5182567726737338,4.389870435806832
TFT17_Kindred,TFT17_Item_PsyOps_DroneMod_Radiant,31,0.5161290322580645,4.419354838709677
TFT17_Kindred,TFT17_Item_ResistTankEmblemItem,62,0.5161290322580645,4.290322580645161
TFT17_Kindred,TFT_Item_HextechGunblade,1594,0.5156838143036386,4.416562107904642
TFT17_Kindred,TFT7_Item_ShimmerscaleGamblersBlade,233,0.5150214592274678,4.484978540772532
TFT17_Kindred,TFT_Item_Artifact_LichBane,39,0.5128205128205128,4.410256410256411
TFT17_Kindred,TFT_Item_Quicksilver,1179,0.5089058524173028,4.410517387616625
TFT17_Kindred,TFT17_Item_DarkStarEmblemItem,97,0.5051546391752577,4.422680412371134
TFT17_Kindred,TFT_Item_Artifact_Fishbones,271,0.5018450184501845,4.527675276752768
TFT17_Kindred,TFT17_Item_FavoredEmblemItem,54,0.5,4.425925925925926
TFT17_Kindred,TFT5_Item_GuinsoosRagebladeRadiant,22,0.5,4.818181818181818
TFT17_Kindred,TFT5_Item_ThiefsGlovesRadiant,18,0.5,5.0
TFT17_Kindred,TFT_Item_Artifact_Dawncore,36,0.5,4.722222222222222
TFT17_Kindred,TFT_Item_BrambleVest,16,0.5,4.875
TFT17_Kindred,TFT_Item_Redemption,26,0.5,4.346153846153846
TFT17_Kindred,TFT9_Item_OrnnHorizonFocus,179,0.4972067039106145,4.5083798882681565
TFT17_Kindred,TFT_Item_UnstableConcoction,584,0.4931506849315068,4.523972602739726
TFT17_Kindred,TFT_Item_AdaptiveHelm,116,0.49137931034482757,4.612068965517241
TFT17_Kindred,TFT_Item_Artifact_StatikkShiv,68,0.4852941176470588,4.779411764705882
TFT17_Kindred,TFT_Item_Artifact_CappaJuice,97,0.4845360824742268,4.56701030927835
TFT17_Kindred,TFT_Item_SpectralGauntlet,29,0.4827586206896552,4.827586206896552
TFT17_Kindred,TFT17_Item_RangedTraitEmblemItem,179,0.48044692737430167,4.435754189944134
TFT17_Kindred,TFT17_Item_StargazerEmblemItem,119,0.4789915966386555,4.689075630252101
TFT17_Kindred,TFT17_Item_PsyOps_SympatheticImplantMod,890,0.4786516853932584,4.6955056179775285
TFT17_Kindred,TFT_Item_BlueBuff,291,0.47766323024054985,4.525773195876289
TFT17_Kindred,TFT_Item_DragonsClaw,19,0.47368421052631576,4.526315789473684
TFT17_Kindred,TFT17_Item_PsyOpsEmblemItem,344,0.47093023255813954,4.674418604651163
TFT17_Kindred,TFT_Item_Bloodthirster,102,0.47058823529411764,4.4411764705882355
TFT17_Kindred,TFT_Item_TacticiansRing,47,0.46808510638297873,4.638297872340425
TFT17_Kindred,TFT17_Item_PsyOps_SympatheticImplantMod_Radiant,43,0.46511627906976744,4.906976744186046
TFT17_Kindred,TFT17_Item_AssassinTraitEmblemItem,80,0.4625,4.4625
TFT17_Kindred,TFT17_Item_PsyOps_ChemicalCapacitorMod_Radiant,13,0.46153846153846156,4.6923076923076925
TFT17_Kindred,TFT_Item_ArchangelsStaff,63,0.4603174603174603,4.650793650793651
TFT17_Kindred,TFT_Item_RabadonsDeathcap,70,0.45714285714285713,4.9714285714285715
TFT17_Kindred,TFT17_Item_Artifact_EvelynnArtifact,22,0.45454545454545453,4.590909090909091
TFT17_Kindred,TFT_Item_Artifact_RapidFirecannon,77,0.45454545454545453,4.883116883116883
TFT17_Kindred,TFT5_Item_RunaansHurricaneRadiant,69,0.4492753623188406,4.956521739130435
TFT17_Kindred,TFT17_EkkoOffering_AnomalyItem,293,0.447098976109215,4.822525597269625
TFT17_Kindred,TFTEvent5YR_Item_ShimmerscaleCrownOfChampions,9,0.4444444444444444,4.666666666666667
TFT17_Kindred,TFT17_AnimaSquadItem_Tier2_Annihilator,23,0.43478260869565216,5.478260869565218
TFT17_Kindred,TFT17_Item_Artifact_EkkoArtifact,7,0.42857142857142855,4.142857142857143
TFT17_Kindred,TFT_Item_Artifact_HellfireHatchet,7,0.42857142857142855,4.571428571428571
TFT17_Kindred,TFT_Item_Artifact_LudensTempest,33,0.42424242424242425,4.848484848484849
TFT17_Kindred,TFT9_Item_CrownOfDemacia,45,0.4222222222222222,4.911111111111111
TFT17_Kindred,TFT17_Item_PulsefireEmblemItem,102,0.4215686274509804,4.911764705882353
TFT17_Kindred,TFT_Item_Artifact_EternalPact,17,0.4117647058823529,4.9411764705882355
TFT17_Kindred,TFT17_Item_Artifact_YasuoArtifact,185,0.41081081081081083,4.848648648648648
TFT17_Kindred,TFT5_Item_RapidFirecannonRadiant,27,0.4074074074074074,4.962962962962963
TFT17_Kindred,TFT17_Item_PsyOps_DroneMod,872,0.40711009174311924,4.989678899082569
TFT17_Kindred,TFT_Item_TearOfTheGoddess,64,0.40625,4.96875
TFT17_Kindred,TFT_Item_SparringGloves,184,0.40217391304347827,5.130434782608695
TFT17_Kindred,TFT_Item_Artifact_ProwlersClaw,5,0.4,5.2
TFT17_Kindred,TFT_Item_Artifact_TitanicHydra,10,0.4,4.3
TFT17_Kindred,TFT_Item_Crownguard,20,0.4,5.15
TFT17_Kindred,TFT17_AnimaSquadItem_Tier0_SparkingPrototype,139,0.39568345323741005,4.9784172661870505
TFT17_Kindred,TFT_Item_NegatronCloak,23,0.391304347826087,5.304347826086956
TFT17_Kindred,TFT17_Item_AstronautEmblemItem,16,0.375,4.6875
TFT17_Kindred,TFT_Item_BFSword,300,0.37333333333333335,5.25
TFT17_Kindred,TFT_Item_RecurveBow,411,0.36982968369829683,5.158150851581508
TFT17_Kindred,TFT4_Item_OrnnInfinityForce,44,0.36363636363636365,5.068181818181818
TFT17_Kindred,TFTEvent5YR_Item_ShimmerscaleDravensAxe,44,0.36363636363636365,5.204545454545454
TFT17_Kindred,TFT17_AnimaSquadItem_Tier1_RocketSwarm,147,0.35374149659863946,5.319727891156463
TFT17_Kindred,TFT5_Item_GiantSlayerRadiant,54,0.35185185185185186,5.277777777777778
TFT17_Kindred,TFT5_Item_DeathbladeRadiant,35,0.34285714285714286,5.142857142857143
TFT17_Kindred,TFT17_Item_SpaceGrooveEmblemItem,56,0.3392857142857143,5.285714285714286
TFT17_Kindred,TFT_Item_IonicSpark,9,0.3333333333333333,4.777777777777778
TFT17_Kindred,TFT_Item_NeedlesslyLargeRod,121,0.3305785123966942,5.289256198347108
TFT17_Kindred,TFT17_Item_AnimaSquadEmblemItem,16,0.3125,5.5625
TFT17_Kindred,TFT_Item_Artifact_BlightingJewel,13,0.3076923076923077,5.153846153846154
TFT17_Kindred,TFT_Item_GiantsBelt,11,0.2727272727272727,5.0
TFT17_Kindred,TFT17_Item_Artifact_AhriArtifact,15,0.26666666666666666,5.6
TFT17_Kindred,TFT17_AnimaSquadItem_Tier1_GuidingHex,56,0.25,6.125
TFT17_Kindred,TFT4_Item_OrnnZhonyasParadox,12,0.25,5.083333333333333
TFT17_Kindred,TFT17_AnimaSquadItem_Tier0_LeakyPrototype,26,0.23076923076923078,6.0
TFT17_Kindred,TFT17_Item_SummonTraitEmblemItem,20,0.2,6.1
TFT17_Kindred,TFT_Item_Artifact_SeekersArmguard,5,0.2,6.4
TFT17_Leblanc,TFT_Item_DragonsClaw,5,1.0,2.2
TFT17_Leblanc,TFT_Item_EmptyBag,20,0.8,2.3
TFT17_Leblanc,TFT17_Item_ResistTankEmblemItem,23,0.6521739130434783,3.5652173913043477
TFT17_Leblanc,TFT17_Item_PsyOps_TargetlockMod,14,0.6428571428571429,3.9285714285714284
TFT17_Leblanc,TFT17_AnimaSquadItem_Tier0_LeakyPrototype,237,0.5949367088607594,3.9240506329113924
TFT17_Leblanc,TFTEvent5YR_Item_GlacialMallet,28,0.5714285714285714,4.357142857142857
TFT17_Leblanc,TFT_Item_Artifact_TalismanOfAscension,7,0.5714285714285714,4.571428571428571
TFT17_Leblanc,TFTEvent5YR_Item_SevikasJinxedArm,9,0.5555555555555556,4.111111111111111
TFT17_Leblanc,TFT_Item_Artifact_Fishbones,9,0.5555555555555556,4.111111111111111
TFT17_Leblanc,TFT_Item_GargoyleStoneplate,9,0.5555555555555556,4.333333333333333
TFT17_Leblanc,TFT17_AnimaSquadItem_Tier0_SparkingPrototype,343,0.5510204081632653,4.230320699708455
TFT17_Leblanc,TFT17_Item_PsyOps_DroneMod,50,0.54,4.38
TFT17_Leblanc,TFT17_Item_FlexTraitEmblemItem,219,0.5388127853881278,4.200913242009133
TFT17_Leblanc,TFT_Item_TacticiansRing,15,0.5333333333333333,4.333333333333333
TFT17_Leblanc,TFT_Item_Artifact_CappaJuice,32,0.53125,4.65625
TFT17_Leblanc,TFT_Item_ForceOfNature,17,0.5294117647058824,3.764705882352941
TFT17_Leblanc,TFT17_EkkoOffering_AnomalyItem,123,0.5284552845528455,4.504065040650406
TFT17_Leblanc,TFT_Item_ArchangelsStaff,1471,0.5248130523453433,4.443235893949694
TFT17_Leblanc,TFT5_Item_GuinsoosRagebladeRadiant,79,0.5063291139240507,4.708860759493671
TFT17_Leblanc,TFT17_AnimaSquadItem_Tier2_Annihilator,10,0.5,4.9
TFT17_Leblanc,TFT4_Item_OrnnInfinityForce,18,0.5,4.5
TFT17_Leblanc,TFT5_Item_HextechGunbladeRadiant,20,0.5,4.65
TFT17_Leblanc,TFTEvent5YR_Item_ShimmerscaleCrownOfChampions,6,0.5,4.666666666666667
TFT17_Leblanc,TFT_Item_Artifact_Mittens,24,0.5,4.75
TFT17_Leblanc,TFT_Item_FrozenHeart,10,0.5,4.2
TFT17_Leblanc,TFT_Item_NightHarvester,6,0.5,5.166666666666667
TFT17_Leblanc,TFT_Item_RabadonsDeathcap,2319,0.49547218628719275,4.5153083225528245
TFT17_Leblanc,TFT5_Item_RabadonsDeathcapRadiant,67,0.4925373134328358,4.492537313432836
TFT17_Leblanc,TFT_Item_TitansResolve,60,0.48333333333333334,4.566666666666666
TFT17_Leblanc,TFT_Item_GuardianAngel,77,0.4805194805194805,4.428571428571429
TFT17_Leblanc,TFT_Item_Leviathan,246,0.4796747967479675,4.666666666666667
TFT17_Leblanc,TFT_Item_Quicksilver,360,0.4777777777777778,4.611111111111111
TFT17_Leblanc,TFT_Item_AdaptiveHelm,109,0.47706422018348627,4.587155963302752
TFT17_Leblanc,TFT17_AnimaSquadItem_Tier1_GuidingHex,57,0.47368421052631576,4.473684210526316
TFT17_Leblanc,TFT_Item_Artifact_EternalPact,17,0.47058823529411764,5.117647058823529
TFT17_Leblanc,TFT17_Item_PulsefireEmblemItem,32,0.46875,4.75
TFT17_Leblanc,TFT_Item_Bloodthirster,15,0.4666666666666667,4.533333333333333
TFT17_Leblanc,TFT9_Item_CrownOfDemacia,58,0.46551724137931033,4.758620689655173
TFT17_Leblanc,TFT_Item_HextechGunblade,1595,0.4608150470219436,4.673354231974922
TFT17_Leblanc,TFT_Item_MadredsBloodrazor,4849,0.4594761806558053,4.694369973190349
TFT17_Leblanc,TFT_Item_PowerGauntlet,899,0.4593993325917686,4.67630700778643
TFT17_Leblanc,TFT17_Item_DarkStarEmblemItem,103,0.4563106796116505,4.87378640776699
TFT17_Leblanc,TFT_Item_Artifact_NavoriFlickerblades,213,0.4507042253521127,4.812206572769953
TFT17_Leblanc,TFT_Item_GuinsoosRageblade,9314,0.4482499463173717,4.745544341850977
TFT17_Leblanc,TFT17_Item_PsyOps_ChemicalCapacitorMod,38,0.4473684210526316,4.947368421052632
TFT17_Leblanc,TFT_Item_Artifact_StatikkShiv,357,0.44537815126050423,4.764705882352941
TFT17_Leblanc,TFT4_Item_OrnnZhonyasParadox,54,0.4444444444444444,4.907407407407407
TFT17_Leblanc,TFT_Item_BlueBuff,81,0.4444444444444444,5.049382716049383
TFT17_Leblanc,TFT_Item_RedBuff,9,0.4444444444444444,5.333333333333333
TFT17_Leblanc,TFT_Item_Artifact_BlightingJewel,75,0.44,4.76
TFT17_Leblanc,TFT17_AnimaSquadItem_Tier1_SavageSlicer,16,0.4375,4.6875
TFT17_Leblanc,TFT5_Item_GiantSlayerRadiant,46,0.43478260869565216,4.739130434782608
TFT17_Leblanc,TFT_Item_JeweledGauntlet,3699,0.4325493376588267,4.821573398215734
TFT17_Leblanc,TFT_Item_Artifact_RapidFirecannon,37,0.43243243243243246,5.162162162162162
TFT17_Leblanc,TFT5_Item_StatikkShivRadiant,7,0.42857142857142855,4.857142857142857
TFT17_Leblanc,TFT5_Item_ThiefsGlovesRadiant,7,0.42857142857142855,5.142857142857143
TFT17_Leblanc,TFT_Item_Artifact_LichBane,31,0.41935483870967744,5.354838709677419
TFT17_Leblanc,TFT17_Item_ASTraitEmblemItem,253,0.4189723320158103,4.893280632411067
TFT17_Leblanc,TFT17_Item_StargazerEmblemItem,41,0.4146341463414634,5.073170731707317
TFT17_Leblanc,TFT5_Item_JeweledGauntletRadiant,49,0.40816326530612246,4.979591836734694
TFT17_Leblanc,TFT17_Item_AssassinTraitEmblemItem,27,0.4074074074074074,4.7407407407407405
TFT17_Leblanc,TFT9_Item_OrnnHorizonFocus,37,0.40540540540540543,4.918918918918919
TFT17_Leblanc,TFT17_Item_PsyOpsEmblemItem,92,0.40217391304347827,5.010869565217392
TFT17_Leblanc,TFT_Item_Morellonomicon,452,0.4004424778761062,4.986725663716814
TFT17_Leblanc,TFT17_AnimaSquadItem_Tier2_SearingShortbow,5,0.4,4.8
TFT17_Leblanc,TFT_Item_Artifact_SeekersArmguard,25,0.4,5.44
TFT17_Leblanc,TFT_Item_Artifact_TitanicHydra,5,0.4,5.4
TFT17_Leblanc,TFT_Item_LastWhisper,58,0.39655172413793105,4.879310344827586
TFT17_Leblanc,TFT17_Item_SpaceGrooveEmblemItem,48,0.3958333333333333,5.145833333333333
TFT17_Leblanc,TFT_Item_ThiefsGloves,274,0.39416058394160586,4.937956204379562
TFT17_Leblanc,TFT_Item_StatikkShiv,1781,0.3935991016282987,4.997192588433465
TFT17_Leblanc,TFT7_Item_ShimmerscaleGamblersBlade,230,0.391304347826087,5.065217391304348
TFT17_Leblanc,TFT_Item_Deathblade,18,0.3888888888888889,4.944444444444445
TFT17_Leblanc,TFT17_AnimaSquadItem_Tier1_RocketSwarm,21,0.38095238095238093,5.238095238095238
TFT17_Leblanc,TFT17_Item_DRXEmblemItem,21,0.38095238095238093,5.238095238095238
TFT17_Leblanc,TFT_Item_RunaansHurricane,29,0.3793103448275862,5.172413793103448
TFT17_Leblanc,TFT_Item_InfinityEdge,37,0.3783783783783784,4.891891891891892
TFT17_Leblanc,TFT_Item_RecurveBow,143,0.3776223776223776,5.363636363636363
TFT17_Leblanc,TFTEvent5YR_Item_MaestrosBaton,8,0.375,5.375
TFT17_Leblanc,TFT_Item_Crownguard,8,0.375,5.125
TFT17_Leblanc,TFT_Item_Redemption,8,0.375,5.0
TFT17_Leblanc,TFT_Item_UnstableConcoction,104,0.375,5.1826923076923075
TFT17_Leblanc,TFTEvent5YR_Item_ShimmerscaleGoldmancersStaff,35,0.37142857142857144,5.228571428571429
TFT17_Leblanc,TFT_Item_Artifact_WitsEnd,84,0.36904761904761907,4.916666666666667
TFT17_Leblanc,TFTEvent5YR_Item_ShimmerscaleDravensAxe,19,0.3684210526315789,5.631578947368421
TFT17_Leblanc,TFT_Item_TearOfTheGoddess,41,0.36585365853658536,5.317073170731708
TFT17_Leblanc,TFT5_Item_ArchangelsStaffRadiant,11,0.36363636363636365,5.090909090909091
TFT17_Leblanc,TFT_Item_WarmogsArmor,22,0.36363636363636365,4.954545454545454
TFT17_Leblanc,TFT17_Item_Artifact_VarusArtifact,119,0.36134453781512604,5.168067226890757
TFT17_Leblanc,TFT_Item_BFSword,59,0.3559322033898305,5.305084745762712
TFT17_Leblanc,TFT_Item_RapidFireCannon,799,0.35544430538172717,5.176470588235294
TFT17_Leblanc,TFT_Item_SparringGloves,55,0.34545454545454546,5.454545454545454
TFT17_Leblanc,TFT17_Item_HPTankEmblemItem,6,0.3333333333333333,4.666666666666667
TFT17_Leblanc,TFT_Item_SpectralGauntlet,6,0.3333333333333333,5.5
TFT17_Leblanc,TFT17_Item_ShieldTankEmblemItem,405,0.32839506172839505,5.234567901234568
TFT17_Leblanc,TFT17_Item_RangedTraitEmblemItem,61,0.32786885245901637,5.278688524590164
TFT17_Leblanc,TFT_Item_SpearOfShojin,223,0.31390134529147984,5.452914798206278
TFT17_Leblanc,TFT_Item_NeedlesslyLargeRod,120,0.2916666666666667,5.591666666666667
TFT17_Leblanc,TFT17_Item_Artifact_AhriArtifact,35,0.2857142857142857,5.457142857142857
TFT17_Leblanc,TFT17_Item_Artifact_YasuoArtifact,11,0.2727272727272727,5.545454545454546
TFT17_Leblanc,TFT17_Item_AnimaSquadEmblemItem,19,0.2631578947368421,6.315789473684211
TFT17_Leblanc,TFT17_Item_MeleeTraitEmblemItem,20,0.25,5.2
TFT17_Leblanc,TFT17_Item_Artifact_EvelynnArtifact,9,0.2222222222222222,5.555555555555555
TFT17_Leblanc,TFT17_Item_AstronautEmblemItem,23,0.21739130434782608,6.0
TFT17_Leblanc,TFT_Item_SteraksGage,14,0.21428571428571427,5.285714285714286
TFT17_Leblanc,TFT17_AnimaSquadItem_Tier2_UwuBlaster,5,0.2,6.8
TFT17_Leblanc,TFT_Item_BrambleVest,11,0.18181818181818182,5.7272727272727275
TFT17_Leblanc,TFT17_Item_PsyOps_SympatheticImplantMod,20,0.15,5.8
TFT17_Leblanc,TFT17_Item_Artifact_EkkoArtifact,7,0.14285714285714285,5.714285714285714
TFT17_Leblanc,TFT_Item_IonicSpark,9,0.1111111111111111,5.666666666666667
TFT17_Leblanc,TFT_Item_Artifact_LudensTempest,7,0.0,6.571428571428571
TFT17_Leona,TFT5_Item_BloodthirsterRadiant,6,0.8333333333333334,2.6666666666666665
TFT17_Leona,TFT5_Item_TitansResolveRadiant,11,0.8181818181818182,2.3636363636363638
TFT17_Leona,TFT5_Item_DragonsClawRadiant,8,0.75,3.0
TFT17_Leona,TFT_Item_EmptyBag,8,0.75,2.375
TFT17_Leona,TFT17_AnimaSquadItem_Tier0_SparkingPrototype,7,0.7142857142857143,3.857142857142857
TFT17_Leona,TFT4_Item_OrnnDeathsDefiance,23,0.6956521739130435,3.9565217391304346
TFT17_Leona,TFT5_Item_BrambleVestRadiant,23,0.6956521739130435,3.608695652173913
TFT17_Leona,TFT5_Item_WarmogsArmorRadiant,48,0.6666666666666666,3.5625
TFT17_Leona,TFT_Item_ForceOfNature,6,0.6666666666666666,2.6666666666666665
TFT17_Leona,TFT5_Item_GargoyleStoneplateRadiant,194,0.6494845360824743,3.556701030927835
TFT17_Leona,TFT5_Item_SteraksGageRadiant,11,0.6363636363636364,3.6363636363636362
TFT17_Leona,TFT_Item_Artifact_AegisOfDusk,96,0.6354166666666666,3.96875
TFT17_Leona,TFT_Item_Artifact_SilvermereDawn,113,0.6283185840707964,3.690265486725664
TFT17_Leona,TFT5_Item_RedemptionRadiant,32,0.625,4.0
TFT17_Leona,TFT_Item_Artifact_Mittens,8,0.625,3.625
TFT17_Leona,TFT_Item_Artifact_TheIndomitable,184,0.625,4.005434782608695
TFT17_Leona,TFT_Item_Artifact_TitanicHydra,18,0.6111111111111112,4.055555555555555
TFT17_Leona,TFT_Item_Artifact_LightshieldCrest,180,0.6055555555555555,3.8722222222222222
TFT17_Leona,TFT17_Item_Artifact_EvelynnArtifact,15,0.6,4.466666666666667
TFT17_Leona,TFT5_Item_NightHarvesterRadiant,5,0.6,3.6
TFT17_Leona,TFT_Item_Artifact_AegisOfDawn,107,0.5981308411214953,4.08411214953271
TFT17_Leona,TFT17_AnimaSquadItem_Tier0_LeakyPrototype,33,0.5757575757575758,4.090909090909091
TFT17_Leona,TFT4_Item_OrnnInfinityForce,14,0.5714285714285714,3.642857142857143
TFT17_Leona,TFT_Item_BrambleVest,1811,0.5698509110988405,4.127553837658752
TFT17_Leona,TFT7_Item_ShimmerscaleMogulsMail,401,0.5660847880299252,4.027431421446384
TFT17_Leona,TFT_Item_WarmogsArmor,4932,0.563463098134631,4.193633414436334
TFT17_Leona,TFT17_Item_Artifact_ThreshLantern,161,0.5590062111801242,4.142857142857143
TFT17_Leona,TFT_Item_GargoyleStoneplate,9266,0.5589251025253615,4.197496222749838
TFT17_Leona,TFT_Item_Artifact_Dawncore,9,0.5555555555555556,3.888888888888889
TFT17_Leona,TFT_Item_TitansResolve,944,0.5508474576271186,4.226694915254237
TFT17_Leona,TFT_Item_Crownguard,1275,0.5498039215686275,4.260392156862745
TFT17_Leona,TFT9_Item_OrnnHullbreaker,79,0.5443037974683544,4.30379746835443
TFT17_Leona,TFT_Item_Bloodthirster,965,0.5398963730569948,4.295336787564767
TFT17_Leona,TFT_Item_NightHarvester,1718,0.5372526193247963,4.341676367869616
TFT17_Leona,TFT_Item_SteraksGage,1232,0.5324675324675324,4.314935064935065
TFT17_Leona,TFT17_Item_Artifact_SorakaArtifact,331,0.5287009063444109,4.353474320241692
TFT17_Leona,TFT_Item_Redemption,3081,0.5222330412203829,4.386887374229146
TFT17_Leona,TFT_Item_Artifact_VoidGauntlet,68,0.5147058823529411,4.632352941176471
TFT17_Leona,TFT_Item_FrozenHeart,2127,0.5143394452280207,4.446168312176775
TFT17_Leona,TFT_Item_AdaptiveHelm,1143,0.5056867891513561,4.503937007874016
TFT17_Leona,TFT17_Item_ResistTankEmblemItem,103,0.5048543689320388,4.504854368932039
TFT17_Leona,TFT17_Item_ASTraitEmblemItem,28,0.5,4.714285714285714
TFT17_Leona,TFT5_Item_SunfireCapeRadiant,6,0.5,4.333333333333333
TFT17_Leona,TFTEvent5YR_Item_SevikasJinxedArm,6,0.5,4.166666666666667
TFT17_Leona,TFT_Item_DragonsClaw,1453,0.4955264969029594,4.565037852718514
TFT17_Leona,TFT17_EkkoOffering_AnomalyItem,648,0.49228395061728397,4.467592592592593
TFT17_Leona,TFT_Item_IonicSpark,937,0.48772678762006405,4.497331910352188
TFT17_Leona,TFT17_Item_HPTankEmblemItem,108,0.48148148148148145,4.527777777777778
TFT17_Leona,TFT17_AnimaSquadItem_Tier0_ClunkyPrototype,234,0.47435897435897434,4.628205128205129
TFT17_Leona,TFT_Item_RabadonsDeathcap,19,0.47368421052631576,4.421052631578948
TFT17_Leona,TFT_Item_RedBuff,1805,0.47202216066481995,4.679778393351801
TFT17_Leona,TFT17_Item_DRXEmblemItem,34,0.47058823529411764,4.352941176470588
TFT17_Leona,TFT_Item_NeedlesslyLargeRod,17,0.47058823529411764,5.176470588235294
TFT17_Leona,TFT_Item_SpectralGauntlet,255,0.47058823529411764,4.698039215686275
TFT17_Leona,TFT17_Item_SpaceGrooveEmblemItem,105,0.4666666666666667,4.666666666666667
TFT17_Leona,TFT5_Item_FrozenHeartRadiant,15,0.4666666666666667,4.333333333333333
TFT17_Leona,TFT_Item_MadredsBloodrazor,41,0.4634146341463415,4.487804878048781
TFT17_Leona,TFT_Item_HextechGunblade,39,0.46153846153846156,4.82051282051282
TFT17_Leona,TFT17_Item_PsyOps_GrenadeMod,72,0.4583333333333333,4.625
TFT17_Leona,TFT_Item_UnstableConcoction,140,0.45714285714285713,4.6571428571428575
TFT17_Leona,TFT17_Item_FlexTraitEmblemItem,77,0.45454545454545453,4.805194805194805
TFT17_Leona,TFTEvent5YR_Item_LavenderCrown,11,0.45454545454545453,5.0
TFT17_Leona,TFT_Item_Artifact_HellfireHatchet,9,0.4444444444444444,4.666666666666667
TFT17_Leona,TFT_Item_InfinityEdge,72,0.4444444444444444,4.791666666666667
TFT17_Leona,TFT_Item_Quicksilver,102,0.4411764705882353,4.794117647058823
TFT17_Leona,TFT_Item_LastWhisper,25,0.44,5.12
TFT17_Leona,TFT_Item_Leviathan,23,0.43478260869565216,4.869565217391305
TFT17_Leona,TFT_Item_Deathblade,44,0.4318181818181818,4.7727272727272725
TFT17_Leona,TFT_Item_GuardianAngel,73,0.4246575342465753,4.808219178082192
TFT17_Leona,TFT_Item_GuinsoosRageblade,89,0.4157303370786517,4.932584269662922
TFT17_Leona,TFT4_Item_OrnnZhonyasParadox,5,0.4,5.8
TFT17_Leona,TFT_Item_JeweledGauntlet,10,0.4,5.4
TFT17_Leona,TFT17_Item_StargazerEmblemItem,59,0.3898305084745763,5.186440677966102
TFT17_Leona,TFT17_Item_SummonTraitEmblemItem,166,0.3855421686746988,4.873493975903615
TFT17_Leona,TFT_Item_ThiefsGloves,473,0.38477801268498946,5.12262156448203
TFT17_Leona,TFT_Item_ArchangelsStaff,13,0.38461538461538464,5.076923076923077
TFT17_Leona,TFT_Item_Morellonomicon,26,0.38461538461538464,5.038461538461538
TFT17_Leona,TFT17_Item_PsyOpsEmblemItem,48,0.375,5.333333333333333
TFT17_Leona,TFT5_Item_AdaptiveHelmRadiant,8,0.375,4.375
TFT17_Leona,TFT17_AnimaSquadItem_Tier1_TentacleSlam,27,0.37037037037037035,5.037037037037037
TFT17_Leona,TFT_Item_SpearOfShojin,27,0.37037037037037035,5.037037037037037
TFT17_Leona,TFT17_Item_AstronautEmblemItem,67,0.3582089552238806,5.582089552238806
TFT17_Leona,TFT_Item_GiantsBelt,205,0.34146341463414637,5.404878048780488
TFT17_Leona,TFT17_Item_DarkStarEmblemItem,15,0.3333333333333333,5.2
TFT17_Leona,TFT9_Item_CrownOfDemacia,6,0.3333333333333333,5.666666666666667
TFT17_Leona,TFT_Item_BFSword,18,0.3333333333333333,5.888888888888889
TFT17_Leona,TFT_Item_BlueBuff,30,0.3333333333333333,5.033333333333333
TFT17_Leona,TFT_Item_TacticiansRing,6,0.3333333333333333,4.333333333333333
TFT17_Leona,TFT17_Item_PrimordianEmblemItem,77,0.3246753246753247,5.571428571428571
TFT17_Leona,TFT_Item_RapidFireCannon,34,0.3235294117647059,5.0588235294117645
TFT17_Leona,TFT_Item_StatikkShiv,22,0.3181818181818182,5.7272727272727275
TFT17_Leona,TFT17_Item_AssassinTraitEmblemItem,10,0.3,5.7
TFT17_Leona,TFT_Item_PowerGauntlet,40,0.3,5.575
TFT17_Leona,TFT17_Item_AnimaSquadEmblemItem,131,0.29770992366412213,5.816793893129771
TFT17_Leona,TFT_Item_RunaansHurricane,21,0.2857142857142857,5.476190476190476
TFT17_Leona,TFT_Item_TearOfTheGoddess,36,0.2777777777777778,5.611111111111111
TFT17_Leona,TFT5_Item_ThiefsGlovesRadiant,11,0.2727272727272727,5.181818181818182
TFT17_Leona,TFT_Item_ChainVest,134,0.26865671641791045,5.656716417910448
TFT17_Leona,TFT17_AnimaSquadItem_Tier1_SavageSlicer,12,0.25,5.5
TFT17_Leona,TFT_Item_SparringGloves,16,0.25,5.625
TFT17_Leona,TFT17_Item_PulsefireEmblemItem,29,0.2413793103448276,5.724137931034483
TFT17_Leona,TFT_Item_NegatronCloak,115,0.22608695652173913,5.965217391304348
TFT17_Leona,TFT_Item_Artifact_SeekersArmguard,9,0.2222222222222222,5.444444444444445
TFT17_Leona,TFT_Item_Artifact_TalismanOfAscension,18,0.2222222222222222,5.388888888888889
TFT17_Leona,TFT17_Item_MeleeTraitEmblemItem,10,0.2,6.2
TFT17_Leona,TFT_Item_RecurveBow,16,0.1875,6.75
TFT17_Leona,TFTEvent5YR_Item_GlacialMallet,6,0.16666666666666666,5.833333333333333
TFT17_Lissandra,TFT_Item_EmptyBag,26,0.8846153846153846,1.7307692307692308
TFT17_Lissandra,TFT5_Item_TrapClawRadiant,6,0.8333333333333334,3.0
TFT17_Lissandra,TFT4_Item_OrnnTheCollector,5,0.8,3.8
TFT17_Lissandra,TFT7_Item_ShimmerscaleGamblersBlade,20,0.75,3.1
TFT17_Lissandra,TFT_Item_ForceOfNature,78,0.7307692307692307,3.3076923076923075
TFT17_Lissandra,TFT17_AnimaSquadItem_Tier0_SparkingPrototype,11,0.7272727272727273,3.4545454545454546
TFT17_Lissandra,TFT_Item_Redemption,11,0.7272727272727273,3.5454545454545454
TFT17_Lissandra,TFT_Item_Artifact_Dawncore,217,0.6774193548387096,3.5299539170506913
TFT17_Lissandra,TFT5_Item_StatikkShivRadiant,6,0.6666666666666666,3.3333333333333335
TFT17_Lissandra,TFT_Item_WarmogsArmor,12,0.6666666666666666,5.0
TFT17_Lissandra,TFT5_Item_BlueBuffRadiant,22,0.6363636363636364,3.727272727272727
TFT17_Lissandra,TFT17_AnimaSquadItem_Tier0_LeakyPrototype,24,0.625,4.083333333333333
TFT17_Lissandra,TFT17_Item_Artifact_YasuoArtifact,5,0.6,4.4
TFT17_Lissandra,TFT4_Item_OrnnZhonyasParadox,15,0.6,4.133333333333334
TFT17_Lissandra,TFT_Item_Crownguard,12,0.5833333333333334,4.5
TFT17_Lissandra,TFT9_Item_OrnnHorizonFocus,19,0.5789473684210527,3.8421052631578947
TFT17_Lissandra,TFT5_Item_LeviathanRadiant,251,0.5776892430278885,4.087649402390438
TFT17_Lissandra,TFT_Item_Artifact_EternalPact,117,0.5726495726495726,4.017094017094017
TFT17_Lissandra,TFT5_Item_RabadonsDeathcapRadiant,28,0.5714285714285714,4.607142857142857
TFT17_Lissandra,TFT_Item_DragonsClaw,7,0.5714285714285714,3.857142857142857
TFT17_Lissandra,TFT_Item_PowerGauntlet,986,0.5608519269776876,4.089249492900609
TFT17_Lissandra,TFT17_Item_Artifact_AhriArtifact,179,0.5586592178770949,4.307262569832402
TFT17_Lissandra,TFT17_Item_PsyOps_ChemicalCapacitorMod,18,0.5555555555555556,4.222222222222222
TFT17_Lissandra,TFT_Item_Spatula,9,0.5555555555555556,4.666666666666667
TFT17_Lissandra,TFT_Item_BlueBuff,848,0.5294811320754716,4.34433962264151
TFT17_Lissandra,TFT_Item_Artifact_CappaJuice,17,0.5294117647058824,4.764705882352941
TFT17_Lissandra,TFT_Item_AdaptiveHelm,478,0.5230125523012552,4.399581589958159
TFT17_Lissandra,TFT_Item_Leviathan,4976,0.517483922829582,4.381430868167203
TFT17_Lissandra,TFT_Item_JeweledGauntlet,6643,0.5164835164835165,4.379647749510763
TFT17_Lissandra,TFT_Item_SpearOfShojin,2070,0.5125603864734299,4.394685990338164
TFT17_Lissandra,TFT_Item_RabadonsDeathcap,1182,0.5109983079526227,4.461082910321489
TFT17_Lissandra,TFT_Item_UnstableConcoction,83,0.5060240963855421,4.301204819277109
TFT17_Lissandra,TFT17_Item_HPTankEmblemItem,12,0.5,5.083333333333333
TFT17_Lissandra,TFT5_Item_SpearOfShojinRadiant,6,0.5,4.333333333333333
TFT17_Lissandra,TFT_Item_Artifact_LichBane,104,0.5,4.4326923076923075
TFT17_Lissandra,TFT_Item_HextechGunblade,296,0.5,4.537162162162162
TFT17_Lissandra,TFT17_Item_FlexTraitEmblemItem,283,0.49469964664310956,4.572438162544169
TFT17_Lissandra,TFT17_Item_SpaceGrooveEmblemItem,53,0.49056603773584906,4.981132075471698
TFT17_Lissandra,TFT17_Item_PsyOps_DroneMod,45,0.4888888888888889,4.511111111111111
TFT17_Lissandra,TFT_Item_RunaansHurricane,35,0.4857142857142857,4.485714285714286
TFT17_Lissandra,TFT17_Item_AssassinTraitEmblemItem,116,0.4827586206896552,4.646551724137931
TFT17_Lissandra,TFT_Item_TacticiansRing,143,0.4825174825174825,4.524475524475524
TFT17_Lissandra,TFT17_Item_AstronautEmblemItem,193,0.48186528497409326,4.248704663212435
TFT17_Lissandra,TFT_Item_Artifact_LudensTempest,52,0.4807692307692308,4.923076923076923
TFT17_Lissandra,TFT_Item_Artifact_StatikkShiv,23,0.4782608695652174,4.565217391304348
TFT17_Lissandra,TFT17_Item_PsyOpsEmblemItem,67,0.47761194029850745,4.567164179104478
TFT17_Lissandra,TFT_Item_Quicksilver,65,0.47692307692307695,4.6
TFT17_Lissandra,TFT_Item_MadredsBloodrazor,1173,0.47058823529411764,4.556692242114237
TFT17_Lissandra,TFT5_Item_JeweledGauntletRadiant,43,0.46511627906976744,4.511627906976744
TFT17_Lissandra,TFT_Item_ArchangelsStaff,456,0.4583333333333333,4.723684210526316
TFT17_Lissandra,TFT_Item_ThiefsGloves,310,0.45806451612903226,4.661290322580645
TFT17_Lissandra,TFT17_Item_PsyOps_SympatheticImplantMod,55,0.45454545454545453,4.7272727272727275
TFT17_Lissandra,TFT5_Item_GiantSlayerRadiant,9,0.4444444444444444,4.888888888888889
TFT17_Lissandra,TFTEvent5YR_Item_ShimmerscaleCrownOfChampions,7,0.42857142857142855,4.0
TFT17_Lissandra,TFT_Item_FrozenHeart,14,0.42857142857142855,5.071428571428571
TFT17_Lissandra,TFT_Item_StatikkShiv,1957,0.42616249361267244,4.833418497700562
TFT17_Lissandra,TFT_Item_InfinityEdge,54,0.42592592592592593,5.277777777777778
TFT17_Lissandra,TFT_Item_NeedlesslyLargeRod,242,0.4256198347107438,4.983471074380165
TFT17_Lissandra,TFT17_Item_MeleeTraitEmblemItem,33,0.42424242424242425,4.575757575757576
TFT17_Lissandra,TFT_Item_GuardianAngel,33,0.42424242424242425,4.575757575757576
TFT17_Lissandra,TFT17_EkkoOffering_AnomalyItem,48,0.4166666666666667,4.958333333333333
TFT17_Lissandra,TFT_Item_Deathblade,44,0.4090909090909091,4.659090909090909
TFT17_Lissandra,TFT17_Item_RangedTraitEmblemItem,94,0.40425531914893614,4.914893617021277
TFT17_Lissandra,TFT_Item_Morellonomicon,1048,0.4036259541984733,4.937022900763359
TFT17_Lissandra,TFT17_Item_Artifact_VarusArtifact,67,0.40298507462686567,5.0
TFT17_Lissandra,TFT17_Item_PulsefireEmblemItem,67,0.40298507462686567,4.940298507462686
TFT17_Lissandra,TFT_Item_RapidFireCannon,541,0.4011090573012939,4.914972273567468
TFT17_Lissandra,TFT17_Item_PrimordianEmblemItem,10,0.4,5.0
TFT17_Lissandra,TFT17_Item_PsyOps_TargetlockMod,10,0.4,4.9
TFT17_Lissandra,TFT17_Item_ResistTankEmblemItem,10,0.4,5.0
TFT17_Lissandra,TFT_Item_SparringGloves,118,0.3983050847457627,5.203389830508475
TFT17_Lissandra,TFT_Item_BFSword,126,0.3888888888888889,5.174603174603175
TFT17_Lissandra,TFT_Item_GuinsoosRageblade,168,0.3869047619047619,5.0773809523809526
TFT17_Lissandra,TFT_Item_Artifact_SeekersArmguard,13,0.38461538461538464,5.0
TFT17_Lissandra,TFT_Item_TearOfTheGoddess,169,0.3727810650887574,5.059171597633136
TFT17_Lissandra,TFTEvent5YR_Item_ShimmerscaleGoldmancersStaff,43,0.37209302325581395,4.767441860465116
TFT17_Lissandra,TFT_Item_LastWhisper,84,0.36904761904761907,5.107142857142857
TFT17_Lissandra,TFT17_Item_FavoredEmblemItem,63,0.36507936507936506,5.142857142857143
TFT17_Lissandra,TFT_Item_BrambleVest,11,0.36363636363636365,5.090909090909091
TFT17_Lissandra,TFT_Item_IonicSpark,11,0.36363636363636365,5.181818181818182
TFT17_Lissandra,TFT17_Item_StargazerEmblemItem,81,0.35802469135802467,5.296296296296297
TFT17_Lissandra,TFT_Item_RecurveBow,267,0.34831460674157305,5.164794007490637
TFT17_Lissandra,TFT_Item_Artifact_NavoriFlickerblades,6,0.3333333333333333,5.0
TFT17_Lissandra,TFT_Item_Artifact_TalismanOfAscension,6,0.3333333333333333,5.0
TFT17_Lissandra,TFT_Item_Bloodthirster,15,0.3333333333333333,4.6
TFT17_Lissandra,TFT_Item_TitansResolve,25,0.32,5.52
TFT17_Lissandra,TFT17_Item_ShieldTankEmblemItem,63,0.31746031746031744,5.079365079365079
TFT17_Lissandra,TFT17_AnimaSquadItem_Tier1_GuidingHex,13,0.3076923076923077,5.538461538461538
TFT17_Lissandra,TFT_Item_Artifact_BlightingJewel,23,0.30434782608695654,5.304347826086956
TFT17_Lissandra,TFT_Item_SpectralGauntlet,10,0.3,5.6
TFT17_Lissandra,TFT17_Item_Artifact_EkkoArtifact,17,0.29411764705882354,5.470588235294118
TFT17_Lissandra,TFTEvent5YR_Item_SevikasJinxedArm,11,0.2727272727272727,4.7272727272727275
TFT17_Lissandra,TFT_Item_NightHarvester,11,0.2727272727272727,5.454545454545454
TFT17_Lissandra,TFT17_Item_ASTraitEmblemItem,37,0.2702702702702703,5.351351351351352
TFT17_Lissandra,TFT_Item_GargoyleStoneplate,16,0.25,5.125
TFT17_Lissandra,TFT_Item_NegatronCloak,8,0.25,5.125
TFT17_Lissandra,TFT17_Item_DRXEmblemItem,33,0.24242424242424243,5.666666666666667
TFT17_Lissandra,TFT9_Item_CrownOfDemacia,23,0.21739130434782608,5.782608695652174
TFT17_Lissandra,TFT_Item_SteraksGage,15,0.2,5.6
TFT17_Lissandra,TFTEvent5YR_Item_ShimmerscaleDravensAxe,6,0.16666666666666666,5.833333333333333
TFT17_Lissandra,TFT_Item_Artifact_Fishbones,6,0.16666666666666666,6.0
TFT17_Lissandra,TFT17_Item_AnimaSquadEmblemItem,7,0.14285714285714285,6.285714285714286
TFT17_Lissandra,TFTEvent5YR_Item_MaestrosBaton,7,0.14285714285714285,6.714285714285714
TFT17_Lissandra,TFT_Item_GiantsBelt,14,0.14285714285714285,6.642857142857143
TFT17_Lissandra,TFT_Item_RedBuff,7,0.14285714285714285,6.285714285714286
TFT17_Lissandra,TFT_Item_ChainVest,5,0.0,7.0
TFT17_Lulu,TFT_Item_EmptyBag,9,1.0,1.1111111111111112
TFT17_Lulu,TFT5_Item_GiantSlayerRadiant,8,0.875,3.75
TFT17_Lulu,TFT_Item_Artifact_HorizonFocus,32,0.84375,2.1875
TFT17_Lulu,TFT5_Item_ArchangelsStaffRadiant,5,0.8,2.6
TFT17_Lulu,TFT_Item_Bloodthirster,8,0.75,3.625
TFT17_Lulu,TFT_Item_ForceOfNature,8,0.75,2.875
TFT17_Lulu,TFT_Item_TacticiansRing,16,0.75,3.9375
TFT17_Lulu,TFT9_Item_CrownOfDemacia,20,0.7,3.6
TFT17_Lulu,TFT_Item_Artifact_Mittens,10,0.7,3.9
TFT17_Lulu,TFT_Item_SteraksGage,10,0.7,3.9
TFT17_Lulu,TFT17_Item_AstronautEmblemItem,12,0.6666666666666666,3.6666666666666665
TFT17_Lulu,TFT17_Item_PsyOps_SympatheticImplantMod,6,0.6666666666666666,4.166666666666667
TFT17_Lulu,TFT5_Item_ThiefsGlovesRadiant,6,0.6666666666666666,4.166666666666667
TFT17_Lulu,TFT17_Item_Artifact_EkkoArtifact,31,0.6451612903225806,4.225806451612903
TFT17_Lulu,TFT17_Item_DarkStarEmblemItem,14,0.6428571428571429,4.142857142857143
TFT17_Lulu,TFT5_Item_LeviathanRadiant,335,0.6298507462686567,3.8238805970149254
TFT17_Lulu,TFT_Item_AdaptiveHelm,364,0.6263736263736264,3.967032967032967
TFT17_Lulu,TFT_Item_NightHarvester,8,0.625,4.5
TFT17_Lulu,TFT_Item_Quicksilver,58,0.6206896551724138,4.137931034482759
TFT17_Lulu,TFT5_Item_RabadonsDeathcapRadiant,43,0.6046511627906976,4.232558139534884
TFT17_Lulu,TFT5_Item_AdaptiveHelmRadiant,5,0.6,4.2
TFT17_Lulu,TFT5_Item_MorellonomiconRadiant,5,0.6,3.4
TFT17_Lulu,TFT_Item_Artifact_RapidFirecannon,5,0.6,4.8
TFT17_Lulu,TFT17_Item_SpaceGrooveEmblemItem,32,0.59375,4.40625
TFT17_Lulu,TFT_Item_PowerGauntlet,583,0.5849056603773585,4.173241852487135
TFT17_Lulu,TFT17_Item_FlexTraitEmblemItem,12,0.5833333333333334,4.166666666666667
TFT17_Lulu,TFT17_Item_PsyOpsEmblemItem,7,0.5714285714285714,4.285714285714286
TFT17_Lulu,TFT_Item_Artifact_BlightingJewel,36,0.5555555555555556,4.472222222222222
TFT17_Lulu,TFT_Item_Artifact_Dawncore,336,0.5535714285714286,4.1398809523809526
TFT17_Lulu,TFT_Item_Morellonomicon,535,0.5457943925233645,4.418691588785046
TFT17_Lulu,TFT_Item_Artifact_CappaJuice,22,0.5454545454545454,4.681818181818182
TFT17_Lulu,TFT5_Item_JeweledGauntletRadiant,68,0.5441176470588235,4.147058823529412
TFT17_Lulu,TFT_Item_SpearOfShojin,3060,0.5284313725490196,4.326797385620915
TFT17_Lulu,TFT_Item_Artifact_StatikkShiv,19,0.5263157894736842,4.157894736842105
TFT17_Lulu,TFT_Item_ArchangelsStaff,545,0.5247706422018349,4.431192660550459
TFT17_Lulu,TFT_Item_BlueBuff,751,0.5206391478029294,4.4607190412782955
TFT17_Lulu,TFT_Item_MadredsBloodrazor,532,0.5169172932330827,4.545112781954887
TFT17_Lulu,TFT9_Item_OrnnHorizonFocus,120,0.5166666666666667,4.291666666666667
TFT17_Lulu,TFT17_Item_Artifact_AhriArtifact,159,0.5157232704402516,4.591194968553459
TFT17_Lulu,TFT_Item_JeweledGauntlet,9018,0.5092038145930361,4.4529829230428035
TFT17_Lulu,TFT_Item_RabadonsDeathcap,1101,0.5031789282470481,4.518619436875568
TFT17_Lulu,TFT_Item_Leviathan,7834,0.5026806229257085,4.483022721470513
TFT17_Lulu,TFT17_AnimaSquadItem_Tier0_LeakyPrototype,6,0.5,4.833333333333333
TFT17_Lulu,TFT17_Item_SummonTraitEmblemItem,18,0.5,4.333333333333333
TFT17_Lulu,TFT5_Item_BlueBuffRadiant,32,0.5,4.5625
TFT17_Lulu,TFT_Item_Artifact_SeekersArmguard,14,0.5,4.5
TFT17_Lulu,TFT_Item_Crownguard,12,0.5,4.666666666666667
TFT17_Lulu,TFT_Item_DragonsClaw,6,0.5,5.0
TFT17_Lulu,TFT_Item_FrozenHeart,10,0.5,4.5
TFT17_Lulu,TFT_Item_HextechGunblade,225,0.49333333333333335,4.4622222222222225
TFT17_Lulu,TFT_Item_RapidFireCannon,411,0.48905109489051096,4.532846715328467
TFT17_Lulu,TFT_Item_ThiefsGloves,161,0.4782608695652174,4.658385093167702
TFT17_Lulu,TFT_Item_GuinsoosRageblade,340,0.47058823529411764,4.541176470588235
TFT17_Lulu,TFT5_Item_SpearOfShojinRadiant,26,0.46153846153846156,4.346153846153846
TFT17_Lulu,TFT_Item_Deathblade,13,0.46153846153846156,4.615384615384615
TFT17_Lulu,TFT_Item_TitansResolve,13,0.46153846153846156,5.153846153846154
TFT17_Lulu,TFT_Item_Artifact_EternalPact,157,0.4585987261146497,4.7006369426751595
TFT17_Lulu,TFT_Item_Artifact_LudensTempest,22,0.45454545454545453,5.090909090909091
TFT17_Lulu,TFT_Item_Artifact_LichBane,20,0.45,4.85
TFT17_Lulu,TFT_Item_RunaansHurricane,20,0.45,5.3
TFT17_Lulu,TFT_Item_UnstableConcoction,67,0.44776119402985076,4.626865671641791
TFT17_Lulu,TFT17_Item_AssassinTraitEmblemItem,16,0.4375,4.625
TFT17_Lulu,TFT_Item_GuardianAngel,23,0.43478260869565216,4.782608695652174
TFT17_Lulu,TFT_Item_StatikkShiv,376,0.4308510638297872,4.789893617021277
TFT17_Lulu,TFT_Item_LastWhisper,35,0.42857142857142855,4.828571428571428
TFT17_Lulu,TFT17_Item_PulsefireEmblemItem,45,0.4222222222222222,4.955555555555556
TFT17_Lulu,TFT17_Item_Artifact_VarusArtifact,46,0.41304347826086957,4.586956521739131
TFT17_Lulu,TFT_Item_BFSword,22,0.4090909090909091,5.090909090909091
TFT17_Lulu,TFT_Item_InfinityEdge,32,0.40625,4.78125
TFT17_Lulu,TFT17_Item_DRXEmblemItem,20,0.4,4.8
TFT17_Lulu,TFT5_Item_StatikkShivRadiant,5,0.4,4.0
TFT17_Lulu,TFT7_Item_ShimmerscaleGamblersBlade,20,0.4,4.85
TFT17_Lulu,TFT_Item_Artifact_Fishbones,5,0.4,4.6
TFT17_Lulu,TFT_Item_Artifact_WitsEnd,5,0.4,5.6
TFT17_Lulu,TFT_Item_RedBuff,5,0.4,4.8
TFT17_Lulu,TFTEvent5YR_Item_ShimmerscaleGoldmancersStaff,36,0.3888888888888889,5.305555555555555
TFT17_Lulu,TFT17_EkkoOffering_AnomalyItem,26,0.38461538461538464,4.961538461538462
TFT17_Lulu,TFT_Item_TearOfTheGoddess,65,0.38461538461538464,5.323076923076923
TFT17_Lulu,TFT_Item_SpectralGauntlet,8,0.375,5.375
TFT17_Lulu,TFT17_Item_RangedTraitEmblemItem,61,0.36065573770491804,5.163934426229508
TFT17_Lulu,TFT_Item_SparringGloves,34,0.29411764705882354,6.0
TFT17_Lulu,TFT_Item_NeedlesslyLargeRod,85,0.2823529411764706,5.635294117647059
TFT17_Lulu,TFT_Item_RecurveBow,85,0.27058823529411763,6.129411764705883
TFT17_Lulu,TFT5_Item_HextechGunbladeRadiant,8,0.25,5.375
TFT17_Lulu,TFT_Item_Artifact_NavoriFlickerblades,12,0.25,5.666666666666667
TFT17_Lulu,TFT4_Item_OrnnZhonyasParadox,25,0.24,5.76
TFT17_Lulu,TFTEvent5YR_Item_ShimmerscaleCrownOfChampions,5,0.2,6.2
TFT17_Lulu,TFT_Item_WarmogsArmor,10,0.2,6.1
TFT17_Lulu,TFT_Item_GiantsBelt,23,0.043478260869565216,7.391304347826087
TFT17_Lulu,TFT17_Item_ResistTankEmblemItem,6,0.0,6.0
TFT17_Maokai,TFT_Item_EmptyBag,176,0.9488636363636364,1.4772727272727273
TFT17_Maokai,TFT17_Item_PsyOps_TargetlockMod,8,0.75,3.25
TFT17_Maokai,TFT_Item_ForceOfNature,32,0.6875,3.34375
TFT17_Maokai,TFTEvent5YR_Item_GlacialMallet,6,0.6666666666666666,4.166666666666667
TFT17_Maokai,TFT_Item_Artifact_TitanicHydra,9,0.6666666666666666,3.888888888888889
TFT17_Maokai,TFT_Item_Spatula,9,0.6666666666666666,4.333333333333333
TFT17_Maokai,TFT5_Item_WarmogsArmorRadiant,43,0.6511627906976745,3.953488372093023
TFT17_Maokai,TFT17_AnimaSquadItem_Tier2_RadiantField,40,0.625,3.5
TFT17_Maokai,TFT17_Item_AssassinTraitEmblemItem,13,0.6153846153846154,4.0
TFT17_Maokai,TFT17_AnimaSquadItem_Tier2_LionessLament,25,0.6,3.64
TFT17_Maokai,TFT17_Item_StargazerEmblemItem,4161,0.5940879596250901,3.945445806296563
TFT17_Maokai,TFT_Item_MadredsBloodrazor,209,0.5885167464114832,4.095693779904306
TFT17_Maokai,TFT_Item_NightHarvester,3656,0.5774070021881839,4.116520787746171
TFT17_Maokai,TFT17_Item_PrimordianEmblemItem,874,0.5766590389016019,4.032036613272311
TFT17_Maokai,TFT_Item_WarmogsArmor,9773,0.5661516422797503,4.169241788601249
TFT17_Maokai,TFT_Item_InfinityEdge,145,0.5655172413793104,4.2827586206896555
TFT17_Maokai,TFT_Item_DragonsClaw,3125,0.56448,4.18816
TFT17_Maokai,TFT17_AnimaSquadItem_Tier2_IceblastArmor,39,0.5641025641025641,3.871794871794872
TFT17_Maokai,TFT_Item_BrambleVest,3773,0.563477338987543,4.193214948316989
TFT17_Maokai,TFT_Item_Leviathan,251,0.5617529880478087,4.207171314741036
TFT17_Maokai,TFT_Item_SteraksGage,1069,0.5612722170252572,4.245088868101029
TFT17_Maokai,TFT_Item_HextechGunblade,204,0.5588235294117647,4.279411764705882
TFT17_Maokai,TFT_Item_IonicSpark,1291,0.552285050348567,4.242447714949652
TFT17_Maokai,TFT_Item_Bloodthirster,369,0.5501355013550135,4.235772357723577
TFT17_Maokai,TFT_Item_GuardianAngel,220,0.55,4.154545454545454
TFT17_Maokai,TFT_Item_TacticiansRing,31,0.5483870967741935,3.870967741935484
TFT17_Maokai,TFT_Item_Morellonomicon,598,0.540133779264214,4.367892976588629
TFT17_Maokai,TFT_Item_Artifact_EternalPact,13,0.5384615384615384,4.538461538461538
TFT17_Maokai,TFT_Item_ThiefsGloves,4374,0.5349794238683128,4.333333333333333
TFT17_Maokai,TFT_Item_FrozenHeart,6601,0.534009998485078,4.341160430237843
TFT17_Maokai,TFT_Item_RapidFireCannon,325,0.5323076923076923,4.403076923076923
TFT17_Maokai,TFT_Item_Artifact_VoidGauntlet,218,0.5321100917431193,4.2110091743119265
TFT17_Maokai,TFT_Item_SpearOfShojin,226,0.5309734513274337,4.300884955752212
TFT17_Maokai,TFT_Item_GuinsoosRageblade,317,0.5299684542586751,4.435331230283912
TFT17_Maokai,TFT5_Item_RedemptionRadiant,17,0.5294117647058824,4.764705882352941
TFT17_Maokai,TFT_Item_RabadonsDeathcap,265,0.5283018867924528,4.437735849056604
TFT17_Maokai,TFT17_Item_PsyOps_GrenadeMod,1467,0.5282890252215405,4.334696659850034
TFT17_Maokai,TFT_Item_AdaptiveHelm,3832,0.5276617954070981,4.4154488517745305
TFT17_Maokai,TFT17_Item_PsyOps_SympatheticImplantMod,457,0.5251641137855579,4.365426695842451
TFT17_Maokai,TFT17_Item_SpaceGrooveEmblemItem,202,0.5247524752475248,4.396039603960396
TFT17_Maokai,TFT17_Item_PsyOpsEmblemItem,267,0.5243445692883895,4.50561797752809
TFT17_Maokai,TFT_Item_Crownguard,4593,0.5220988460701067,4.375136076638363
TFT17_Maokai,TFT_Item_Redemption,8149,0.5219045281629647,4.359921462756167
TFT17_Maokai,TFT_Item_GargoyleStoneplate,6486,0.5214307739747148,4.432778291705211
TFT17_Maokai,TFT_Item_ArchangelsStaff,315,0.5206349206349207,4.520634920634921
TFT17_Maokai,TFT_Item_PowerGauntlet,347,0.5187319884726225,4.380403458213256
TFT17_Maokai,TFT17_EkkoOffering_AnomalyItem,1668,0.5083932853717026,4.414268585131895
TFT17_Maokai,TFT17_Item_DarkStarEmblemItem,65,0.5076923076923077,4.415384615384616
TFT17_Maokai,TFT_Item_UnstableConcoction,229,0.5065502183406113,4.432314410480349
TFT17_Maokai,TFT_Item_RedBuff,8259,0.5063567017798765,4.473301852524519
TFT17_Maokai,TFT_Item_StatikkShiv,285,0.5052631578947369,4.371929824561404
TFT17_Maokai,TFT_Item_RunaansHurricane,230,0.5043478260869565,4.643478260869565
TFT17_Maokai,TFT17_AnimaSquadItem_Tier2_CyclonicSlicers,10,0.5,4.3
TFT17_Maokai,TFT_Item_Artifact_HellfireHatchet,8,0.5,4.375
TFT17_Maokai,TFT_Item_Artifact_HorizonFocus,20,0.5,4.85
TFT17_Maokai,TFT_Item_Artifact_SeekersArmguard,12,0.5,4.583333333333333
TFT17_Maokai,TFT_Item_Deathblade,244,0.5,4.508196721311475
TFT17_Maokai,TFT17_Item_Artifact_ThreshLantern,301,0.4950166112956811,4.46843853820598
TFT17_Maokai,TFT_Item_JeweledGauntlet,171,0.49122807017543857,4.6608187134502925
TFT17_Maokai,TFT_Item_BlueBuff,323,0.4891640866873065,4.541795665634675
TFT17_Maokai,TFT17_Item_AstronautEmblemItem,203,0.4876847290640394,4.679802955665025
TFT17_Maokai,TFT_Item_Artifact_TalismanOfAscension,39,0.48717948717948717,4.769230769230769
TFT17_Maokai,TFT17_Item_AnimaSquadEmblemItem,413,0.47699757869249393,4.675544794188862
TFT17_Maokai,TFT17_Item_ResistTankEmblemItem,480,0.475,4.64375
TFT17_Maokai,TFT_Item_Artifact_TheIndomitable,288,0.4722222222222222,4.614583333333333
TFT17_Maokai,TFT17_Item_FlexTraitEmblemItem,159,0.4716981132075472,4.654088050314465
TFT17_Maokai,TFT_Item_RecurveBow,64,0.46875,4.921875
TFT17_Maokai,TFT_Item_SpectralGauntlet,4757,0.4660500315324784,4.628757620348959
TFT17_Maokai,TFT17_Item_Artifact_SorakaArtifact,324,0.4660493827160494,4.58641975308642
TFT17_Maokai,TFT17_Item_PsyOps_DroneMod,103,0.46601941747572817,4.504854368932039
TFT17_Maokai,TFT_Item_Artifact_AegisOfDusk,114,0.4649122807017544,4.692982456140351
TFT17_Maokai,TFT17_Item_ASTraitEmblemItem,56,0.4642857142857143,4.410714285714286
TFT17_Maokai,TFT5_Item_SunfireCapeRadiant,13,0.46153846153846156,4.846153846153846
TFT17_Maokai,TFT9_Item_OrnnHullbreaker,154,0.461038961038961,4.818181818181818
TFT17_Maokai,TFT17_AnimaSquadItem_Tier0_ClunkyPrototype,272,0.45955882352941174,4.849264705882353
TFT17_Maokai,TFT17_Item_ShieldTankEmblemItem,309,0.459546925566343,4.828478964401294
TFT17_Maokai,TFT_Item_Artifact_AegisOfDawn,159,0.4591194968553459,4.647798742138365
TFT17_Maokai,TFT17_AnimaSquadItem_Tier0_LeakyPrototype,64,0.453125,4.8125
TFT17_Maokai,TFT_Item_LastWhisper,250,0.452,4.656
TFT17_Maokai,TFT17_Item_PulsefireEmblemItem,260,0.4461538461538462,4.703846153846154
TFT17_Maokai,TFT7_Item_ShimmerscaleMogulsMail,229,0.44541484716157204,4.729257641921397
TFT17_Maokai,TFT4_Item_OrnnZhonyasParadox,9,0.4444444444444444,4.888888888888889
TFT17_Maokai,TFT17_Item_SummonTraitEmblemItem,140,0.44285714285714284,4.8
TFT17_Maokai,TFT_Item_TitansResolve,323,0.44272445820433437,4.780185758513932
TFT17_Maokai,TFT17_Item_PsyOps_GrenadeMod_Radiant,34,0.4411764705882353,4.705882352941177
TFT17_Maokai,TFT17_AnimaSquadItem_Tier1_TentacleSlam,237,0.4388185654008439,4.780590717299578
TFT17_Maokai,TFT_Item_Artifact_BlightingJewel,16,0.4375,4.875
TFT17_Maokai,TFT_Item_TearOfTheGoddess,562,0.4359430604982206,4.8861209964412815
TFT17_Maokai,TFT_Item_Quicksilver,296,0.4358108108108108,4.733108108108108
TFT17_Maokai,TFT_Item_GiantsBelt,1405,0.4327402135231317,4.864768683274021
TFT17_Maokai,TFT_Item_Artifact_ProwlersClaw,7,0.42857142857142855,4.714285714285714
TFT17_Maokai,TFT_Item_NegatronCloak,733,0.4242837653478854,4.8594815825375175
TFT17_Maokai,TFT17_Item_MeleeTraitEmblemItem,118,0.423728813559322,4.898305084745763
TFT17_Maokai,TFT17_Item_FavoredEmblemItem,198,0.41919191919191917,4.808080808080808
TFT17_Maokai,TFT_Item_Artifact_SilvermereDawn,74,0.4189189189189189,4.864864864864865
TFT17_Maokai,TFT_Item_ChainVest,781,0.41613316261203587,4.970550576184379
TFT17_Maokai,TFT_Item_Artifact_LightshieldCrest,196,0.4030612244897959,5.010204081632653
TFT17_Maokai,TFT17_AnimaSquadItem_Tier1_RocketSwarm,5,0.4,4.8
TFT17_Maokai,TFT17_AnimaSquadItem_Tier1_SavageSlicer,5,0.4,5.0
TFT17_Maokai,TFT4_Item_OrnnInfinityForce,15,0.4,5.533333333333333
TFT17_Maokai,TFT5_Item_CrownguardRadiant,5,0.4,5.2
TFT17_Maokai,TFT5_Item_SpectralGauntletRadiant,10,0.4,5.6
TFT17_Maokai,TFT_Item_BFSword,35,0.4,5.085714285714285
TFT17_Maokai,TFT5_Item_GargoyleStoneplateRadiant,18,0.3888888888888889,4.833333333333333
TFT17_Maokai,TFT5_Item_ThiefsGlovesRadiant,42,0.38095238095238093,4.976190476190476
TFT17_Maokai,TFT17_AnimaSquadItem_Tier1_GuidingHex,8,0.375,5.25
TFT17_Maokai,TFT_Item_NeedlesslyLargeRod,233,0.36909871244635195,4.948497854077253
TFT17_Maokai,TFT_Item_SparringGloves,87,0.367816091954023,5.137931034482759
TFT17_Maokai,TFT17_Item_Artifact_AhriArtifact,11,0.36363636363636365,5.090909090909091
TFT17_Maokai,TFT17_Item_RangedTraitEmblemItem,41,0.2926829268292683,5.682926829268292
TFT17_Maokai,TFT5_Item_FrozenHeartRadiant,7,0.2857142857142857,5.714285714285714
TFT17_Maokai,TFTEvent5YR_Item_SevikasJinxedArm,7,0.2857142857142857,5.0
TFT17_Maokai,TFT5_Item_BrambleVestRadiant,8,0.25,5.125
TFT17_Maokai,TFT5_Item_DragonsClawRadiant,8,0.25,5.75
TFT17_Maokai,TFT4_Item_OrnnDeathsDefiance,10,0.2,5.7
TFT17_Maokai,TFT5_Item_GuinsoosRagebladeRadiant,5,0.2,6.0
TFT17_Maokai,TFT5_Item_HextechGunbladeRadiant,5,0.2,6.0
TFT17_MasterYi,TFT_Item_EmptyBag,32,0.96875,1.28125
TFT17_MasterYi,TFT_Item_NeedlesslyLargeRod,6,0.8333333333333334,3.0
TFT17_MasterYi,TFT17_AnimaSquadItem_Tier1_GuidingHex,5,0.8,3.6
TFT17_MasterYi,TFT_Item_ForceOfNature,5,0.8,3.4
TFT17_MasterYi,TFT17_Item_AstronautEmblemItem,8,0.75,3.5
TFT17_MasterYi,TFT_Item_RedBuff,29,0.7241379310344828,3.8620689655172415
TFT17_MasterYi,TFT17_AnimaSquadItem_Tier2_EchoingBatblades,35,0.6857142857142857,3.4285714285714284
TFT17_MasterYi,TFT_Item_Crownguard,12,0.6666666666666666,3.75
TFT17_MasterYi,TFT_Item_Artifact_TitanicHydra,776,0.6494845360824743,3.7422680412371134
TFT17_MasterYi,TFT17_Item_PsyOps_TargetlockMod_Radiant,644,0.6257763975155279,3.93944099378882
TFT17_MasterYi,TFT17_AnimaSquadItem_Tier2_CyclonicSlicers,24,0.625,3.8333333333333335
TFT17_MasterYi,TFT_Item_Morellonomicon,37,0.6216216216216216,4.0
TFT17_MasterYi,TFT_Item_NightHarvester,37,0.6216216216216216,3.810810810810811
TFT17_MasterYi,TFT_Item_ThiefsGloves,430,0.6186046511627907,3.9511627906976745
TFT17_MasterYi,TFT_Item_DragonsClaw,13,0.6153846153846154,4.153846153846154
TFT17_MasterYi,TFT_Item_Artifact_SeekersArmguard,18,0.6111111111111112,4.111111111111111
TFT17_MasterYi,TFT17_Item_PsyOps_GrenadeMod_Radiant,46,0.6086956521739131,3.9565217391304346
TFT17_MasterYi,TFT_Item_Redemption,23,0.6086956521739131,4.434782608695652
TFT17_MasterYi,TFT_Item_AdaptiveHelm,55,0.6,4.345454545454546
TFT17_MasterYi,TFT_Item_JeweledGauntlet,25,0.6,4.0
TFT17_MasterYi,TFT_Item_Leviathan,37,0.5945945945945946,4.054054054054054
TFT17_MasterYi,TFT17_Item_FlexTraitEmblemItem,29,0.5862068965517241,4.206896551724138
TFT17_MasterYi,TFT17_Item_HPTankEmblemItem,3899,0.5839958963836881,4.112592972557066
TFT17_MasterYi,TFT_Item_GargoyleStoneplate,24,0.5833333333333334,4.166666666666667
TFT17_MasterYi,TFT17_Item_PsyOps_ChemicalCapacitorMod_Radiant,1137,0.58311345646438,4.076517150395778
TFT17_MasterYi,TFT17_AnimaSquadItem_Tier2_UwuBlaster,19,0.5789473684210527,4.0
TFT17_MasterYi,TFT_Item_RunaansHurricane,786,0.5788804071246819,4.120865139949109
TFT17_MasterYi,TFT_Item_Artifact_TalismanOfAscension,7,0.5714285714285714,4.428571428571429
TFT17_MasterYi,TFT_Item_FrozenHeart,25,0.56,4.28
TFT17_MasterYi,TFT_Item_SteraksGage,1750,0.5594285714285714,4.219428571428572
TFT17_MasterYi,TFT5_Item_GiantSlayerRadiant,539,0.5565862708719852,4.294990723562152
TFT17_MasterYi,TFT5_Item_RunaansHurricaneRadiant,9,0.5555555555555556,4.222222222222222
TFT17_MasterYi,TFT_Item_PowerGauntlet,747,0.5542168674698795,4.228915662650603
TFT17_MasterYi,TFT_Item_TitansResolve,1574,0.554002541296061,4.223634053367217
TFT17_MasterYi,TFT17_Item_PsyOps_ChemicalCapacitorMod,4600,0.5508695652173913,4.283913043478261
TFT17_MasterYi,TFT_Item_ArchangelsStaff,20,0.55,4.4
TFT17_MasterYi,TFT_Item_MadredsBloodrazor,14816,0.5441414686825053,4.312432505399568
TFT17_MasterYi,TFT5_Item_SteraksGageRadiant,48,0.5416666666666666,4.291666666666667
TFT17_MasterYi,TFT_Item_HextechGunblade,345,0.5391304347826087,4.252173913043478
TFT17_MasterYi,TFT_Item_Deathblade,1844,0.5385032537960954,4.287960954446855
TFT17_MasterYi,TFT5_Item_HandOfJusticeRadiant,26,0.5384615384615384,4.8076923076923075
TFT17_MasterYi,TFT_Item_Artifact_HellfireHatchet,473,0.5369978858350951,4.291754756871036
TFT17_MasterYi,TFT_Item_Artifact_RapidFirecannon,263,0.5361216730038023,4.250950570342205
TFT17_MasterYi,TFT_Item_GuardianAngel,21878,0.5358807934911783,4.343861413291892
TFT17_MasterYi,TFT_Item_Artifact_Fishbones,47,0.5319148936170213,4.51063829787234
TFT17_MasterYi,TFT_Item_Bloodthirster,925,0.5318918918918919,4.408648648648649
TFT17_MasterYi,TFT17_EkkoOffering_AnomalyItem,177,0.5310734463276836,4.19774011299435
TFT17_MasterYi,TFT_Item_LastWhisper,326,0.5306748466257669,4.466257668711656
TFT17_MasterYi,TFT4_Item_OrnnDeathsDefiance,334,0.5299401197604791,4.392215568862276
TFT17_MasterYi,TFT_Item_Artifact_NavoriFlickerblades,51,0.5294117647058824,4.823529411764706
TFT17_MasterYi,TFT_Item_IonicSpark,17,0.5294117647058824,4.294117647058823
TFT17_MasterYi,TFT_Item_Quicksilver,9884,0.5252934034803723,4.384763253743424
TFT17_MasterYi,TFT_Item_SpectralGauntlet,61,0.5245901639344263,4.377049180327869
TFT17_MasterYi,TFT17_Item_AssassinTraitEmblemItem,153,0.5228758169934641,4.444444444444445
TFT17_MasterYi,TFT_Item_UnstableConcoction,1724,0.5203016241299304,4.403132250580047
TFT17_MasterYi,TFT17_Item_PsyOps_TargetlockMod,1410,0.5141843971631206,4.499290780141844
TFT17_MasterYi,TFT_Item_WarmogsArmor,41,0.5121951219512195,4.341463414634147
TFT17_MasterYi,TFT17_Item_Artifact_EvelynnArtifact,748,0.5040106951871658,4.457219251336898
TFT17_MasterYi,TFT4_Item_OrnnTheCollector,28,0.5,4.25
TFT17_MasterYi,TFT5_Item_ThiefsGlovesRadiant,18,0.5,4.666666666666667
TFT17_MasterYi,TFT_Item_Artifact_CappaJuice,10,0.5,4.7
TFT17_MasterYi,TFT_Item_BrambleVest,20,0.5,4.3
TFT17_MasterYi,TFT_Item_NegatronCloak,12,0.5,5.0
TFT17_MasterYi,TFT_Item_StatikkShiv,42,0.5,4.619047619047619
TFT17_MasterYi,TFT_Item_TearOfTheGoddess,6,0.5,5.0
TFT17_MasterYi,TFT_Item_Artifact_Mittens,245,0.49387755102040815,4.571428571428571
TFT17_MasterYi,TFT_Item_RapidFireCannon,152,0.4934210526315789,4.671052631578948
TFT17_MasterYi,TFT_Item_InfinityEdge,378,0.48677248677248675,4.48941798941799
TFT17_MasterYi,TFT5_Item_TitansResolveRadiant,74,0.4864864864864865,4.662162162162162
TFT17_MasterYi,TFTEvent5YR_Item_SevikasJinxedArm,23,0.4782608695652174,4.521739130434782
TFT17_MasterYi,TFT5_Item_QuicksilverRadiant,65,0.47692307692307695,4.615384615384615
TFT17_MasterYi,TFT4_Item_OrnnInfinityForce,617,0.47649918962722854,4.661264181523501
TFT17_MasterYi,TFT17_Item_ASTraitEmblemItem,971,0.4727085478887745,4.633367662203914
TFT17_MasterYi,TFTEvent5YR_Item_LavenderCrown,30,0.4666666666666667,4.933333333333334
TFT17_MasterYi,TFT17_Item_PrimordianEmblemItem,26,0.46153846153846156,4.538461538461538
TFT17_MasterYi,TFT5_Item_GuardianAngelRadiant,174,0.45977011494252873,4.758620689655173
TFT17_MasterYi,TFT17_Item_StargazerEmblemItem,22,0.45454545454545453,4.681818181818182
TFT17_MasterYi,TFT17_Item_PsyOps_SympatheticImplantMod,260,0.45384615384615384,4.85
TFT17_MasterYi,TFT_Item_RabadonsDeathcap,20,0.45,4.85
TFT17_MasterYi,TFT_Item_Artifact_ProwlersClaw,157,0.445859872611465,4.885350318471337
TFT17_MasterYi,TFT17_Item_SummonTraitEmblemItem,9,0.4444444444444444,4.111111111111111
TFT17_MasterYi,TFT5_Item_InfinityEdgeRadiant,9,0.4444444444444444,4.777777777777778
TFT17_MasterYi,TFT_Item_GuinsoosRageblade,421,0.44418052256532065,4.895486935866983
TFT17_MasterYi,TFT17_Item_Artifact_YasuoArtifact,93,0.44086021505376344,4.806451612903226
TFT17_MasterYi,TFT17_Item_ResistTankEmblemItem,103,0.4368932038834951,4.776699029126213
TFT17_MasterYi,TFT17_Item_PulsefireEmblemItem,37,0.43243243243243246,5.081081081081081
TFT17_MasterYi,TFT17_Item_ShieldTankEmblemItem,7,0.42857142857142855,5.0
TFT17_MasterYi,TFT5_Item_TrapClawRadiant,7,0.42857142857142855,5.285714285714286
TFT17_MasterYi,TFT_Item_Artifact_StatikkShiv,7,0.42857142857142855,5.142857142857143
TFT17_MasterYi,TFT_Item_BlueBuff,49,0.42857142857142855,4.959183673469388
TFT17_MasterYi,TFTEvent5YR_Item_ShimmerscaleDravensAxe,33,0.42424242424242425,4.636363636363637
TFT17_MasterYi,TFT17_Item_PsyOps_DroneMod_Radiant,85,0.4235294117647059,4.91764705882353
TFT17_MasterYi,TFT17_Item_PsyOps_DroneMod,303,0.42244224422442245,4.848184818481848
TFT17_MasterYi,TFT17_AnimaSquadItem_Tier1_RocketSwarm,12,0.4166666666666667,5.166666666666667
TFT17_MasterYi,TFT_Item_GiantsBelt,12,0.4166666666666667,5.666666666666667
TFT17_MasterYi,TFT17_Item_Artifact_VarusArtifact,15,0.4,4.4
TFT17_MasterYi,TFT5_Item_HextechGunbladeRadiant,5,0.4,5.0
TFT17_MasterYi,TFT_Item_SpearOfShojin,50,0.4,4.78
TFT17_MasterYi,TFT_Item_Artifact_WitsEnd,73,0.3972602739726027,4.958904109589041
TFT17_MasterYi,TFT17_Item_DarkStarEmblemItem,38,0.39473684210526316,4.684210526315789
TFT17_MasterYi,TFT5_Item_DeathbladeRadiant,28,0.39285714285714285,5.035714285714286
TFT17_MasterYi,TFT17_AnimaSquadItem_Tier0_SparkingPrototype,23,0.391304347826087,4.913043478260869
TFT17_MasterYi,TFT17_Item_DRXEmblemItem,596,0.39093959731543626,4.936241610738255
TFT17_MasterYi,TFT17_Item_RangedTraitEmblemItem,58,0.3793103448275862,4.982758620689655
TFT17_MasterYi,TFT17_AnimaSquadItem_Tier1_SavageSlicer,75,0.37333333333333335,5.173333333333333
TFT17_MasterYi,TFT17_Item_PsyOps_SympatheticImplantMod_Radiant,60,0.36666666666666664,5.25
TFT17_MasterYi,TFT4_Item_OrnnZhonyasParadox,22,0.36363636363636365,5.363636363636363
TFT17_MasterYi,TFT_Item_SparringGloves,40,0.35,5.325
TFT17_MasterYi,TFT17_Item_PsyOps_GrenadeMod,26,0.34615384615384615,5.230769230769231
TFT17_MasterYi,TFT17_Item_AnimaSquadEmblemItem,9,0.3333333333333333,5.111111111111111
TFT17_MasterYi,TFT17_Item_SpaceGrooveEmblemItem,15,0.3333333333333333,5.4
TFT17_MasterYi,TFT17_Item_FavoredEmblemItem,13,0.3076923076923077,5.0
TFT17_MasterYi,TFTEvent5YR_Item_GlacialMallet,23,0.30434782608695654,5.173913043478261
TFT17_MasterYi,TFT9_Item_OrnnHullbreaker,17,0.29411764705882354,5.647058823529412
TFT17_MasterYi,TFT17_AnimaSquadItem_Tier0_LeakyPrototype,7,0.2857142857142857,5.714285714285714
TFT17_MasterYi,TFT17_AnimaSquadItem_Tier2_BattleBunnyCrossbow,7,0.2857142857142857,5.714285714285714
TFT17_MasterYi,TFT_Item_RecurveBow,64,0.265625,5.859375
TFT17_MasterYi,TFT_Item_BFSword,103,0.2524271844660194,5.980582524271845
TFT17_MasterYi,TFT_Item_ChainVest,19,0.21052631578947367,6.157894736842105
TFT17_MasterYi,TFTEvent5YR_Item_MaestrosBaton,5,0.2,5.0
TFT17_MasterYi,TFT7_Item_ShimmerscaleGamblersBlade,7,0.14285714285714285,6.571428571428571
TFT17_MasterYi,TFT17_AnimaSquadItem_Tier2_Annihilator,5,0.0,7.4
TFT17_Milio,TFT_Item_Artifact_Fishbones,5,1.0,2.0
TFT17_Milio,TFT_Item_EmptyBag,49,0.9795918367346939,1.3265306122448979
TFT17_Milio,TFT17_Item_PsyOps_TargetlockMod,5,0.8,3.4
TFT17_Milio,TFT5_Item_IonicSparkRadiant,5,0.8,3.2
TFT17_Milio,TFT5_Item_GiantSlayerRadiant,25,0.76,3.48
TFT17_Milio,TFT_Item_ForceOfNature,104,0.7115384615384616,3.4615384615384617
TFT17_Milio,TFT4_Item_OrnnInfinityForce,10,0.7,4.5
TFT17_Milio,TFT17_AnimaSquadItem_Tier2_Annihilator,12,0.6666666666666666,3.8333333333333335
TFT17_Milio,TFT5_Item_HextechGunbladeRadiant,6,0.6666666666666666,4.166666666666667
TFT17_Milio,TFT5_Item_MorellonomiconRadiant,6,0.6666666666666666,3.5
TFT17_Milio,TFT_Item_DragonsClaw,33,0.6666666666666666,4.090909090909091
TFT17_Milio,TFT_Item_PowerGauntlet,2622,0.6346300533943554,3.9012204424103736
TFT17_Milio,TFT_Item_Artifact_CappaJuice,41,0.6341463414634146,3.926829268292683
TFT17_Milio,TFT_Item_BrambleVest,27,0.6296296296296297,4.185185185185185
TFT17_Milio,TFT17_AnimaSquadItem_Tier2_SearingShortbow,54,0.6111111111111112,3.8333333333333335
TFT17_Milio,TFT_Item_Bloodthirster,46,0.6086956521739131,4.130434782608695
TFT17_Milio,TFT_Item_RabadonsDeathcap,4089,0.6069943751528492,4.050379065786256
TFT17_Milio,TFT_Item_ArchangelsStaff,1778,0.6057367829021373,4.033745781777278
TFT17_Milio,TFT_Item_AdaptiveHelm,1883,0.602761550716941,4.137546468401487
TFT17_Milio,TFT17_Item_FlexTraitEmblemItem,608,0.59375,4.060855263157895
TFT17_Milio,TFT_Item_LastWhisper,1070,0.5897196261682243,4.151401869158878
TFT17_Milio,TFT_Item_Artifact_LudensTempest,85,0.5882352941176471,4.105882352941176
TFT17_Milio,TFT_Item_MadredsBloodrazor,2597,0.5856757797458606,4.1220639199075855
TFT17_Milio,TFT_Item_SpearOfShojin,5859,0.5816692268305171,4.096603515958354
TFT17_Milio,TFT_Item_Artifact_WitsEnd,19,0.5789473684210527,4.842105263157895
TFT17_Milio,TFT_Item_BlueBuff,2301,0.5771403737505433,4.212950890916993
TFT17_Milio,TFT17_Item_AssassinTraitEmblemItem,217,0.576036866359447,4.170506912442396
TFT17_Milio,TFT17_Item_StargazerEmblemItem,2474,0.5759902991107518,4.107113985448666
TFT17_Milio,TFTEvent5YR_Item_GlacialMallet,7,0.5714285714285714,4.428571428571429
TFT17_Milio,TFTEvent5YR_Item_ShimmerscaleDravensAxe,7,0.5714285714285714,4.0
TFT17_Milio,TFT_Item_Leviathan,3133,0.5710181934248324,4.214810086179381
TFT17_Milio,TFT_Item_StatikkShiv,2305,0.5674620390455531,4.217787418655098
TFT17_Milio,TFT_Item_Artifact_SeekersArmguard,23,0.5652173913043478,4.391304347826087
TFT17_Milio,TFT17_Item_Artifact_AhriArtifact,222,0.5630630630630631,4.301801801801802
TFT17_Milio,TFT_Item_GargoyleStoneplate,32,0.5625,4.625
TFT17_Milio,TFT17_Item_PsyOps_DroneMod,41,0.5609756097560976,4.439024390243903
TFT17_Milio,TFT_Item_HextechGunblade,1179,0.5606446140797285,4.236641221374046
TFT17_Milio,TFT_Item_UnstableConcoction,347,0.5590778097982709,4.244956772334294
TFT17_Milio,TFT_Item_SpectralGauntlet,34,0.5588235294117647,4.705882352941177
TFT17_Milio,TFT17_Item_HPTankEmblemItem,9,0.5555555555555556,5.0
TFT17_Milio,TFT5_Item_JeweledGauntletRadiant,9,0.5555555555555556,4.333333333333333
TFT17_Milio,TFTEvent5YR_Item_ShimmerscaleGoldmancersStaff,54,0.5555555555555556,4.37037037037037
TFT17_Milio,TFT_Item_RapidFireCannon,5198,0.5546363986148518,4.277414390150057
TFT17_Milio,TFT_Item_Artifact_LichBane,179,0.553072625698324,4.329608938547486
TFT17_Milio,TFT17_Item_AstronautEmblemItem,565,0.552212389380531,4.092035398230088
TFT17_Milio,TFT_Item_RedBuff,20,0.55,4.7
TFT17_Milio,TFT_Item_JeweledGauntlet,2623,0.5489897064430042,4.319481509721693
TFT17_Milio,TFT_Item_Artifact_EternalPact,128,0.546875,4.234375
TFT17_Milio,TFT5_Item_RapidFirecannonRadiant,11,0.5454545454545454,4.545454545454546
TFT17_Milio,TFT7_Item_ShimmerscaleGamblersBlade,118,0.5423728813559322,4.47457627118644
TFT17_Milio,TFT_Item_Morellonomicon,7808,0.5413678278688525,4.337218237704918
TFT17_Milio,TFT_Item_Quicksilver,292,0.541095890410959,4.465753424657534
TFT17_Milio,TFT4_Item_OrnnTheCollector,13,0.5384615384615384,4.615384615384615
TFT17_Milio,TFT_Item_GuardianAngel,110,0.5363636363636364,4.527272727272727
TFT17_Milio,TFT_Item_TacticiansRing,178,0.5337078651685393,4.48314606741573
TFT17_Milio,TFT5_Item_ThiefsGlovesRadiant,17,0.5294117647058824,4.352941176470588
TFT17_Milio,TFT_Item_Artifact_Dawncore,142,0.528169014084507,4.401408450704225
TFT17_Milio,TFT_Item_NightHarvester,36,0.5277777777777778,4.555555555555555
TFT17_Milio,TFT17_Item_Artifact_VarusArtifact,76,0.5263157894736842,4.578947368421052
TFT17_Milio,TFT_Item_ThiefsGloves,884,0.5260180995475113,4.476244343891403
TFT17_Milio,TFT_Item_Artifact_RapidFirecannon,41,0.5121951219512195,4.512195121951219
TFT17_Milio,TFT_Item_SteraksGage,47,0.5106382978723404,4.446808510638298
TFT17_Milio,TFT17_Item_PsyOps_SympatheticImplantMod,53,0.5094339622641509,4.6415094339622645
TFT17_Milio,TFT17_Item_DarkStarEmblemItem,88,0.5,4.636363636363637
TFT17_Milio,TFT9_Item_OrnnHorizonFocus,60,0.5,4.316666666666666
TFT17_Milio,TFT_Item_Artifact_Mittens,10,0.5,4.0
TFT17_Milio,TFT_Item_Artifact_TalismanOfAscension,34,0.5,4.5
TFT17_Milio,TFT_Item_FrozenHeart,36,0.5,4.638888888888889
TFT17_Milio,TFT_Item_Redemption,20,0.5,4.55
TFT17_Milio,TFT_Item_Artifact_BlightingJewel,108,0.49074074074074076,4.546296296296297
TFT17_Milio,TFT_Item_IonicSpark,25,0.48,4.56
TFT17_Milio,TFT_Item_RunaansHurricane,103,0.47572815533980584,4.786407766990291
TFT17_Milio,TFT_Item_GuinsoosRageblade,856,0.47079439252336447,4.690420560747664
TFT17_Milio,TFT17_Item_Artifact_EkkoArtifact,81,0.4691358024691358,4.567901234567901
TFT17_Milio,TFT17_Item_ShieldTankEmblemItem,15,0.4666666666666667,5.0
TFT17_Milio,TFT_Item_Artifact_StatikkShiv,125,0.464,4.776
TFT17_Milio,TFT17_Item_ResistTankEmblemItem,39,0.46153846153846156,4.512820512820513
TFT17_Milio,TFT17_EkkoOffering_AnomalyItem,319,0.45454545454545453,4.705329153605016
TFT17_Milio,TFT_Item_SparringGloves,645,0.4542635658914729,4.807751937984496
TFT17_Milio,TFT17_AnimaSquadItem_Tier1_GuidingHex,256,0.453125,4.70703125
TFT17_Milio,TFT4_Item_OrnnZhonyasParadox,49,0.4489795918367347,4.448979591836735
TFT17_Milio,TFT_Item_InfinityEdge,136,0.4485294117647059,4.654411764705882
TFT17_Milio,TFT_Item_Deathblade,103,0.44660194174757284,4.980582524271845
TFT17_Milio,TFT_Item_BFSword,307,0.44299674267100975,4.915309446254072
TFT17_Milio,TFT_Item_TitansResolve,64,0.4375,4.703125
TFT17_Milio,TFT_Item_TearOfTheGoddess,586,0.43686006825938567,4.938566552901024
TFT17_Milio,TFT_Item_Crownguard,39,0.4358974358974359,5.051282051282051
TFT17_Milio,TFT5_Item_RabadonsDeathcapRadiant,37,0.43243243243243246,4.837837837837838
TFT17_Milio,TFT_Item_RecurveBow,857,0.4305717619603267,4.861143523920654
TFT17_Milio,TFT17_AnimaSquadItem_Tier1_RocketSwarm,73,0.4246575342465753,4.958904109589041
TFT17_Milio,TFT17_Item_FavoredEmblemItem,34,0.4117647058823529,5.0588235294117645
TFT17_Milio,TFT5_Item_LeviathanRadiant,22,0.4090909090909091,5.454545454545454
TFT17_Milio,TFT17_AnimaSquadItem_Tier0_SparkingPrototype,93,0.40860215053763443,4.956989247311828
TFT17_Milio,TFT_Item_NeedlesslyLargeRod,928,0.40301724137931033,5.066810344827586
TFT17_Milio,TFT17_AnimaSquadItem_Tier1_SavageSlicer,10,0.4,5.3
TFT17_Milio,TFT17_Item_Artifact_EvelynnArtifact,10,0.4,5.1
TFT17_Milio,TFT5_Item_TrapClawRadiant,5,0.4,5.2
TFT17_Milio,TFT17_Item_RangedTraitEmblemItem,194,0.3917525773195876,4.984536082474227
TFT17_Milio,TFT17_Item_DRXEmblemItem,160,0.3875,5.0375
TFT17_Milio,TFT17_Item_ASTraitEmblemItem,70,0.38571428571428573,5.057142857142857
TFT17_Milio,TFT_Item_Spatula,13,0.38461538461538464,5.6923076923076925
TFT17_Milio,TFT_Item_WarmogsArmor,37,0.3783783783783784,5.378378378378378
TFT17_Milio,TFT17_Item_PsyOpsEmblemItem,61,0.3770491803278688,4.950819672131147
TFT17_Milio,TFT17_AnimaSquadItem_Tier0_LeakyPrototype,146,0.3767123287671233,5.335616438356165
TFT17_Milio,TFT17_Item_SpaceGrooveEmblemItem,54,0.37037037037037035,5.037037037037037
TFT17_Milio,TFT17_Item_SummonTraitEmblemItem,144,0.3680555555555556,5.25
TFT17_Milio,TFTEvent5YR_Item_SevikasJinxedArm,11,0.36363636363636365,5.2727272727272725
TFT17_Milio,TFT_Item_Artifact_NavoriFlickerblades,36,0.3611111111111111,5.055555555555555
TFT17_Milio,TFT17_Item_AnimaSquadEmblemItem,15,0.3333333333333333,5.8
TFT17_Milio,TFTEvent5YR_Item_MaestrosBaton,6,0.3333333333333333,5.166666666666667
TFT17_Milio,TFTEvent5YR_Item_ShimmerscaleCrownOfChampions,6,0.3333333333333333,4.833333333333333
TFT17_Milio,TFT_Item_NegatronCloak,9,0.3333333333333333,5.222222222222222
TFT17_Milio,TFT17_Item_PsyOps_ChemicalCapacitorMod,10,0.3,4.9
TFT17_Milio,TFT_Item_GiantsBelt,24,0.2916666666666667,6.083333333333333
TFT17_Milio,TFT5_Item_BlueBuffRadiant,7,0.2857142857142857,5.0
TFT17_Milio,TFT9_Item_CrownOfDemacia,12,0.25,6.0
TFT17_Milio,TFT17_Item_Artifact_YasuoArtifact,14,0.21428571428571427,5.642857142857143
TFT17_Milio,TFT17_Item_MeleeTraitEmblemItem,29,0.1724137931034483,5.655172413793103
TFT17_Milio,TFT17_Item_PrimordianEmblemItem,6,0.0,6.166666666666667
TFT17_Milio,TFT_Item_Artifact_ProwlersClaw,5,0.0,7.0
TFT17_MissFortune,TFT17_AnimaSquadItem_Tier2_EchoingBatblades,9,0.7777777777777778,3.3333333333333335
TFT17_MissFortune,TFT_Item_TacticiansRing,12,0.75,3.3333333333333335
TFT17_MissFortune,TFT17_AnimaSquadItem_Tier2_BattleBunnyCrossbow,19,0.7368421052631579,3.1052631578947367
TFT17_MissFortune,TFT_Item_ForceOfNature,16,0.6875,3.8125
TFT17_MissFortune,TFT_Item_Artifact_Dawncore,482,0.6784232365145229,3.5020746887966805
TFT17_MissFortune,TFT17_AnimaSquadItem_Tier0_LeakyPrototype,12,0.6666666666666666,3.6666666666666665
TFT17_MissFortune,TFT17_Item_Artifact_EvelynnArtifact,6,0.6666666666666666,4.5
TFT17_MissFortune,TFT_Item_Artifact_TitanicHydra,28,0.6428571428571429,4.285714285714286
TFT17_MissFortune,TFT5_Item_RapidFirecannonRadiant,11,0.6363636363636364,4.2727272727272725
TFT17_MissFortune,TFT17_Item_FlexTraitEmblemItem,8,0.625,3.75
TFT17_MissFortune,TFT17_AnimaSquadItem_Tier2_UwuBlaster,13,0.6153846153846154,4.461538461538462
TFT17_MissFortune,TFT5_Item_GiantSlayerRadiant,61,0.6065573770491803,4.147540983606557
TFT17_MissFortune,TFT17_Item_Artifact_EkkoArtifact,5,0.6,3.4
TFT17_MissFortune,TFT17_Item_SummonTraitEmblemItem,5,0.6,3.4
TFT17_MissFortune,TFT_Item_EmptyBag,5,0.6,2.6
TFT17_MissFortune,TFT5_Item_RunaansHurricaneRadiant,19,0.5789473684210527,4.2105263157894735
TFT17_MissFortune,TFT9_Item_OrnnHorizonFocus,102,0.5686274509803921,4.284313725490196
TFT17_MissFortune,TFT5_Item_TrapClawRadiant,20,0.55,4.25
TFT17_MissFortune,TFT4_Item_OrnnInfinityForce,11,0.5454545454545454,4.2727272727272725
TFT17_MissFortune,TFT17_Item_PsyOps_TargetlockMod,58,0.5344827586206896,4.293103448275862
TFT17_MissFortune,TFT4_Item_OrnnTheCollector,161,0.5341614906832298,4.285714285714286
TFT17_MissFortune,TFTEvent5YR_Item_SevikasJinxedArm,15,0.5333333333333333,4.333333333333333
TFT17_MissFortune,TFTEvent5YR_Item_MaestrosBaton,23,0.5217391304347826,4.217391304347826
TFT17_MissFortune,TFT17_Item_MeleeTraitEmblemItem,237,0.5189873417721519,4.443037974683544
TFT17_MissFortune,TFT17_Item_PsyOps_ChemicalCapacitorMod,33,0.5151515151515151,4.818181818181818
TFT17_MissFortune,TFT5_Item_InfinityEdgeRadiant,68,0.5147058823529411,4.279411764705882
TFT17_MissFortune,TFT17_Item_StargazerEmblemItem,53,0.5094339622641509,4.566037735849057
TFT17_MissFortune,TFT_Item_Artifact_Fishbones,139,0.5035971223021583,4.58273381294964
TFT17_MissFortune,TFT17_Item_AstronautEmblemItem,8,0.5,4.875
TFT17_MissFortune,TFT17_Item_PsyOpsEmblemItem,22,0.5,4.636363636363637
TFT17_MissFortune,TFTEvent5YR_Item_GlacialMallet,22,0.5,4.636363636363637
TFT17_MissFortune,TFT_Item_Artifact_ProwlersClaw,6,0.5,5.333333333333333
TFT17_MissFortune,TFT_Item_Quicksilver,229,0.4978165938864629,4.751091703056769
TFT17_MissFortune,TFT5_Item_DeathbladeRadiant,160,0.4875,4.75625
TFT17_MissFortune,TFT_Item_Artifact_CappaJuice,70,0.4857142857142857,4.614285714285714
TFT17_MissFortune,TFT9_Item_CrownOfDemacia,101,0.48514851485148514,4.574257425742574
TFT17_MissFortune,TFT_Item_SpearOfShojin,787,0.48030495552731894,4.6658195679796695
TFT17_MissFortune,TFT_Item_PowerGauntlet,966,0.47929606625258797,4.667701863354037
TFT17_MissFortune,TFT_Item_GuardianAngel,44,0.4772727272727273,4.659090909090909
TFT17_MissFortune,TFT17_Item_PsyOps_DroneMod,19,0.47368421052631576,4.578947368421052
TFT17_MissFortune,TFTEvent5YR_Item_ShimmerscaleDravensAxe,45,0.4666666666666667,4.733333333333333
TFT17_MissFortune,TFT_Item_InfinityEdge,4149,0.46637744034707157,4.712701855868884
TFT17_MissFortune,TFT_Item_ThiefsGloves,108,0.46296296296296297,4.768518518518518
TFT17_MissFortune,TFT_Item_HextechGunblade,200,0.46,4.735
TFT17_MissFortune,TFT_Item_AdaptiveHelm,35,0.45714285714285713,4.742857142857143
TFT17_MissFortune,TFT_Item_Artifact_LichBane,11,0.45454545454545453,4.818181818181818
TFT17_MissFortune,TFT_Item_Artifact_NavoriFlickerblades,130,0.45384615384615384,4.923076923076923
TFT17_MissFortune,TFT_Item_Artifact_SilvermereDawn,9,0.4444444444444444,5.0
TFT17_MissFortune,TFT_Item_Deathblade,4748,0.44313395113732096,4.811710193765796
TFT17_MissFortune,TFT_Item_RapidFireCannon,547,0.4369287020109689,4.884826325411335
TFT17_MissFortune,TFT_Item_RunaansHurricane,1131,0.4358974358974359,4.801945181255526
TFT17_MissFortune,TFT_Item_GuinsoosRageblade,4884,0.43038493038493036,4.8628173628173625
TFT17_MissFortune,TFT_Item_MadredsBloodrazor,2861,0.4295700803914715,4.87347081440056
TFT17_MissFortune,TFTEvent5YR_Item_ShimmerscaleCrownOfChampions,7,0.42857142857142855,5.0
TFT17_MissFortune,TFT_Item_Artifact_LudensTempest,14,0.42857142857142855,5.142857142857143
TFT17_MissFortune,TFT_Item_BlueBuff,227,0.4185022026431718,4.920704845814978
TFT17_MissFortune,TFT_Item_LastWhisper,640,0.409375,5.0265625
TFT17_MissFortune,TFT_Item_UnstableConcoction,92,0.40217391304347827,4.771739130434782
TFT17_MissFortune,TFT17_AnimaSquadItem_Tier0_SparkingPrototype,25,0.4,4.84
TFT17_MissFortune,TFT17_AnimaSquadItem_Tier2_Annihilator,5,0.4,5.2
TFT17_MissFortune,TFT17_Item_Artifact_YasuoArtifact,65,0.4,4.984615384615385
TFT17_MissFortune,TFT17_Item_DarkStarEmblemItem,15,0.4,5.333333333333333
TFT17_MissFortune,TFT17_Item_HPTankEmblemItem,10,0.4,4.8
TFT17_MissFortune,TFT17_Item_ResistTankEmblemItem,5,0.4,5.0
TFT17_MissFortune,TFT_Item_RabadonsDeathcap,10,0.4,5.0
TFT17_MissFortune,TFT17_Item_DRXEmblemItem,33,0.3939393939393939,5.03030303030303
TFT17_MissFortune,TFT_Item_StatikkShiv,56,0.39285714285714285,5.339285714285714
TFT17_MissFortune,TFT_Item_Morellonomicon,75,0.38666666666666666,5.026666666666666
TFT17_MissFortune,TFT17_Item_FavoredEmblemItem,42,0.38095238095238093,5.309523809523809
TFT17_MissFortune,TFT5_Item_LastWhisperRadiant,8,0.375,4.875
TFT17_MissFortune,TFT_Item_Artifact_HellfireHatchet,8,0.375,4.75
TFT17_MissFortune,TFT7_Item_ShimmerscaleGamblersBlade,51,0.37254901960784315,5.0588235294117645
TFT17_MissFortune,TFT5_Item_GuinsoosRagebladeRadiant,27,0.37037037037037035,5.0
TFT17_MissFortune,TFT_Item_Artifact_RapidFirecannon,19,0.3684210526315789,4.842105263157895
TFT17_MissFortune,TFT_Item_NeedlesslyLargeRod,19,0.3684210526315789,5.2631578947368425
TFT17_MissFortune,TFT_Item_JeweledGauntlet,30,0.36666666666666664,5.166666666666667
TFT17_MissFortune,TFT_Item_Leviathan,47,0.3617021276595745,5.191489361702128
TFT17_MissFortune,TFT17_Item_Artifact_VarusArtifact,112,0.35714285714285715,4.955357142857143
TFT17_MissFortune,TFT_Item_ArchangelsStaff,14,0.35714285714285715,5.0
TFT17_MissFortune,TFT_Item_SteraksGage,29,0.3448275862068966,4.9655172413793105
TFT17_MissFortune,TFT17_Item_RangedTraitEmblemItem,30,0.3333333333333333,5.533333333333333
TFT17_MissFortune,TFT17_Item_SpaceGrooveEmblemItem,18,0.3333333333333333,5.333333333333333
TFT17_MissFortune,TFT_Item_Crownguard,6,0.3333333333333333,5.0
TFT17_MissFortune,TFT17_Item_AssassinTraitEmblemItem,22,0.3181818181818182,5.2727272727272725
TFT17_MissFortune,TFT17_Item_PsyOps_SympatheticImplantMod,19,0.3157894736842105,5.7368421052631575
TFT17_MissFortune,TFT17_EkkoOffering_AnomalyItem,35,0.3142857142857143,5.257142857142857
TFT17_MissFortune,TFT17_AnimaSquadItem_Tier1_SavageSlicer,13,0.3076923076923077,5.6923076923076925
TFT17_MissFortune,TFT_Item_NightHarvester,10,0.3,5.8
TFT17_MissFortune,TFT_Item_SpectralGauntlet,7,0.2857142857142857,5.857142857142857
TFT17_MissFortune,TFT_Item_RecurveBow,53,0.2830188679245283,6.018867924528302
TFT17_MissFortune,TFT_Item_TitansResolve,22,0.2727272727272727,5.590909090909091
TFT17_MissFortune,TFT17_Item_PulsefireEmblemItem,12,0.25,5.25
TFT17_MissFortune,TFT_Item_BFSword,90,0.23333333333333334,6.4222222222222225
TFT17_MissFortune,TFT_Item_SparringGloves,39,0.23076923076923078,6.384615384615385
TFT17_MissFortune,TFT_Item_Bloodthirster,19,0.21052631578947367,5.684210526315789
TFT17_MissFortune,TFTEvent5YR_Item_ShimmerscaleGoldmancersStaff,5,0.2,6.6
TFT17_MissFortune,TFT_Item_TearOfTheGoddess,15,0.2,6.0
TFT17_MissFortune,TFT17_AnimaSquadItem_Tier1_RocketSwarm,19,0.15789473684210525,6.105263157894737
TFT17_MissFortune,TFT_Item_Artifact_Mittens,13,0.07692307692307693,6.461538461538462
TFT17_Mordekaiser,TFT_Item_EmptyBag,89,0.9887640449438202,1.2584269662921348
TFT17_Mordekaiser,TFT17_Item_PsyOps_SympatheticImplantMod,8,0.75,4.125
TFT17_Mordekaiser,TFT_Item_ForceOfNature,37,0.6756756756756757,2.945945945945946
TFT17_Mordekaiser,TFT_Item_TacticiansRing,43,0.6744186046511628,3.558139534883721
TFT17_Mordekaiser,TFT17_Item_Artifact_EvelynnArtifact,6,0.6666666666666666,4.166666666666667
TFT17_Mordekaiser,TFT_Item_Artifact_BlightingJewel,6,0.6666666666666666,3.8333333333333335
TFT17_Mordekaiser,TFT_Item_Artifact_SilvermereDawn,12,0.6666666666666666,3.5833333333333335
TFT17_Mordekaiser,TFT_Item_Spatula,12,0.6666666666666666,3.4166666666666665
TFT17_Mordekaiser,TFT5_Item_WarmogsArmorRadiant,23,0.6521739130434783,3.9565217391304346
TFT17_Mordekaiser,TFTEvent5YR_Item_SevikasJinxedArm,14,0.6428571428571429,4.142857142857143
TFT17_Mordekaiser,TFT17_AnimaSquadItem_Tier1_TentacleSlam,28,0.5714285714285714,4.321428571428571
TFT17_Mordekaiser,TFT17_AnimaSquadItem_Tier0_LeakyPrototype,9,0.5555555555555556,4.555555555555555
TFT17_Mordekaiser,TFT_Item_SparringGloves,90,0.5555555555555556,4.588888888888889
TFT17_Mordekaiser,TFT17_Item_HPTankEmblemItem,358,0.553072625698324,4.128491620111732
TFT17_Mordekaiser,TFT_Item_Artifact_SeekersArmguard,22,0.5454545454545454,4.590909090909091
TFT17_Mordekaiser,TFT_Item_NeedlesslyLargeRod,110,0.5454545454545454,4.3
TFT17_Mordekaiser,TFT_Item_Crownguard,1032,0.5445736434108527,4.27906976744186
TFT17_Mordekaiser,TFT17_Item_FlexTraitEmblemItem,349,0.5415472779369628,4.2091690544412605
TFT17_Mordekaiser,TFT17_Item_ResistTankEmblemItem,162,0.5308641975308642,4.290123456790123
TFT17_Mordekaiser,TFT_Item_WarmogsArmor,1726,0.5202780996523755,4.425840092699884
TFT17_Mordekaiser,TFT_Item_GiantsBelt,724,0.5096685082872928,4.448895027624309
TFT17_Mordekaiser,TFT_Item_NightHarvester,841,0.5077288941736029,4.428061831153389
TFT17_Mordekaiser,TFT17_Item_StargazerEmblemItem,601,0.5058236272878536,4.425956738768718
TFT17_Mordekaiser,TFT_Item_BrambleVest,878,0.5045558086560364,4.407744874715262
TFT17_Mordekaiser,TFT_Item_GuardianAngel,454,0.5044052863436124,4.645374449339207
TFT17_Mordekaiser,TFT_Item_ChainVest,567,0.5008818342151675,4.492063492063492
TFT17_Mordekaiser,TFT17_AnimaSquadItem_Tier1_GuidingHex,6,0.5,4.333333333333333
TFT17_Mordekaiser,TFT17_Item_Artifact_ThreshLantern,72,0.5,4.486111111111111
TFT17_Mordekaiser,TFT17_Item_PsyOps_GrenadeMod,172,0.5,4.575581395348837
TFT17_Mordekaiser,TFT5_Item_GargoyleStoneplateRadiant,8,0.5,4.5
TFT17_Mordekaiser,TFT9_Item_OrnnHullbreaker,12,0.5,5.0
TFT17_Mordekaiser,TFT_Item_Leviathan,128,0.5,4.453125
TFT17_Mordekaiser,TFT_Item_SpearOfShojin,118,0.5,4.584745762711864
TFT17_Mordekaiser,TFT_Item_TacticiansScepter,8,0.5,4.375
TFT17_Mordekaiser,TFT_Item_SpectralGauntlet,681,0.49926578560939794,4.52129221732746
TFT17_Mordekaiser,TFT_Item_Redemption,1211,0.4962840627580512,4.575557390586292
TFT17_Mordekaiser,TFT_Item_IonicSpark,1506,0.49335989375830014,4.53120849933599
TFT17_Mordekaiser,TFT_Item_Bloodthirster,482,0.491701244813278,4.564315352697095
TFT17_Mordekaiser,TFT17_Item_SummonTraitEmblemItem,447,0.4899328859060403,4.41834451901566
TFT17_Mordekaiser,TFT17_Item_AstronautEmblemItem,178,0.4887640449438202,4.651685393258427
TFT17_Mordekaiser,TFT17_Item_PsyOpsEmblemItem,177,0.4858757062146893,4.740112994350283
TFT17_Mordekaiser,TFT_Item_PowerGauntlet,192,0.484375,4.65625
TFT17_Mordekaiser,TFT17_Item_DRXEmblemItem,155,0.4838709677419355,4.548387096774194
TFT17_Mordekaiser,TFT_Item_JeweledGauntlet,452,0.4823008849557522,4.670353982300885
TFT17_Mordekaiser,TFT_Item_AdaptiveHelm,830,0.4819277108433735,4.555421686746988
TFT17_Mordekaiser,TFT_Item_BFSword,63,0.47619047619047616,4.365079365079365
TFT17_Mordekaiser,TFT_Item_MadredsBloodrazor,137,0.4744525547445255,4.569343065693431
TFT17_Mordekaiser,TFT_Item_RedBuff,2181,0.4731774415405777,4.5960568546538285
TFT17_Mordekaiser,TFT_Item_Deathblade,167,0.47305389221556887,4.5568862275449105
TFT17_Mordekaiser,TFT_Item_RecurveBow,62,0.46774193548387094,4.790322580645161
TFT17_Mordekaiser,TFT_Item_InfinityEdge,71,0.4647887323943662,4.619718309859155
TFT17_Mordekaiser,TFT_Item_NegatronCloak,597,0.4639865996649916,4.510887772194305
TFT17_Mordekaiser,TFT_Item_ThiefsGloves,2388,0.4635678391959799,4.6461474036850925
TFT17_Mordekaiser,TFT_Item_SteraksGage,396,0.4621212121212121,4.5606060606060606
TFT17_Mordekaiser,TFT17_Item_SpaceGrooveEmblemItem,135,0.45925925925925926,4.970370370370371
TFT17_Mordekaiser,TFT_Item_DragonsClaw,939,0.4589989350372737,4.74866879659212
TFT17_Mordekaiser,TFT_Item_FrozenHeart,1168,0.4546232876712329,4.720890410958904
TFT17_Mordekaiser,TFT_Item_Artifact_AegisOfDawn,22,0.45454545454545453,4.7727272727272725
TFT17_Mordekaiser,TFT_Item_GargoyleStoneplate,1767,0.45161290322580644,4.799660441426146
TFT17_Mordekaiser,TFT17_EkkoOffering_AnomalyItem,224,0.45089285714285715,4.665178571428571
TFT17_Mordekaiser,TFT_Item_UnstableConcoction,249,0.4457831325301205,4.843373493975903
TFT17_Mordekaiser,TFT7_Item_ShimmerscaleMogulsMail,63,0.4444444444444444,4.682539682539683
TFT17_Mordekaiser,TFTEvent5YR_Item_LavenderCrown,18,0.4444444444444444,4.5
TFT17_Mordekaiser,TFT_Item_RunaansHurricane,134,0.44029850746268656,4.7611940298507465
TFT17_Mordekaiser,TFT_Item_RabadonsDeathcap,148,0.4391891891891892,4.844594594594595
TFT17_Mordekaiser,TFT_Item_HextechGunblade,146,0.4383561643835616,4.794520547945205
TFT17_Mordekaiser,TFT_Item_Morellonomicon,185,0.43783783783783786,4.724324324324324
TFT17_Mordekaiser,TFT17_Item_PulsefireEmblemItem,157,0.43312101910828027,4.821656050955414
TFT17_Mordekaiser,TFT17_Item_FavoredEmblemItem,312,0.4326923076923077,4.9423076923076925
TFT17_Mordekaiser,TFT5_Item_BloodthirsterRadiant,7,0.42857142857142855,5.285714285714286
TFT17_Mordekaiser,TFT_Item_TitansResolve,256,0.42578125,4.73046875
TFT17_Mordekaiser,TFT_Item_Quicksilver,153,0.42483660130718953,4.947712418300654
TFT17_Mordekaiser,TFT_Item_Artifact_LightshieldCrest,45,0.4222222222222222,5.222222222222222
TFT17_Mordekaiser,TFT_Item_TearOfTheGoddess,98,0.41836734693877553,4.887755102040816
TFT17_Mordekaiser,TFTEvent5YR_Item_ShimmerscaleGoldmancersStaff,12,0.4166666666666667,5.166666666666667
TFT17_Mordekaiser,TFT17_Item_PrimordianEmblemItem,188,0.4148936170212766,4.872340425531915
TFT17_Mordekaiser,TFT_Item_RapidFireCannon,215,0.413953488372093,4.818604651162791
TFT17_Mordekaiser,TFT_Item_GuinsoosRageblade,189,0.4126984126984127,4.873015873015873
TFT17_Mordekaiser,TFT17_Item_ASTraitEmblemItem,39,0.41025641025641024,4.923076923076923
TFT17_Mordekaiser,TFT17_AnimaSquadItem_Tier0_ClunkyPrototype,76,0.40789473684210525,4.973684210526316
TFT17_Mordekaiser,TFT17_Item_RangedTraitEmblemItem,32,0.40625,5.46875
TFT17_Mordekaiser,TFT17_Item_PsyOps_ChemicalCapacitorMod,10,0.4,5.0
TFT17_Mordekaiser,TFT_Item_Artifact_TalismanOfAscension,5,0.4,5.6
TFT17_Mordekaiser,TFT_Item_Artifact_TheIndomitable,54,0.3888888888888889,4.962962962962963
TFT17_Mordekaiser,TFT17_Item_AssassinTraitEmblemItem,32,0.375,5.09375
TFT17_Mordekaiser,TFT17_Item_PsyOps_GrenadeMod_Radiant,8,0.375,4.25
TFT17_Mordekaiser,TFT4_Item_OrnnDeathsDefiance,8,0.375,4.125
TFT17_Mordekaiser,TFT4_Item_OrnnInfinityForce,8,0.375,4.875
TFT17_Mordekaiser,TFT_Item_BlueBuff,152,0.375,5.0
TFT17_Mordekaiser,TFT_Item_ArchangelsStaff,164,0.3719512195121951,5.030487804878049
TFT17_Mordekaiser,TFT17_Item_AnimaSquadEmblemItem,347,0.37175792507204614,5.1469740634005765
TFT17_Mordekaiser,TFT_Item_Artifact_AegisOfDusk,27,0.37037037037037035,5.333333333333333
TFT17_Mordekaiser,TFT_Item_LastWhisper,133,0.3609022556390977,5.075187969924812
TFT17_Mordekaiser,TFT_Item_Artifact_VoidGauntlet,25,0.36,5.16
TFT17_Mordekaiser,TFT_Item_StatikkShiv,154,0.34415584415584416,5.233766233766234
TFT17_Mordekaiser,TFT4_Item_OrnnZhonyasParadox,6,0.3333333333333333,5.5
TFT17_Mordekaiser,TFT5_Item_BrambleVestRadiant,6,0.3333333333333333,5.333333333333333
TFT17_Mordekaiser,TFT5_Item_ThiefsGlovesRadiant,24,0.3333333333333333,5.5
TFT17_Mordekaiser,TFTEvent5YR_Item_GlacialMallet,6,0.3333333333333333,6.166666666666667
TFT17_Mordekaiser,TFTEvent5YR_Item_ShimmerscaleDravensAxe,6,0.3333333333333333,5.5
TFT17_Mordekaiser,TFT_Item_Artifact_TitanicHydra,6,0.3333333333333333,5.5
TFT17_Mordekaiser,TFT17_Item_MeleeTraitEmblemItem,26,0.3076923076923077,5.653846153846154
TFT17_Mordekaiser,TFT17_Item_Artifact_SorakaArtifact,55,0.2727272727272727,5.709090909090909
TFT17_Mordekaiser,TFT17_Item_PsyOps_DroneMod,5,0.2,5.6
TFT17_Mordekaiser,TFT17_Item_PsyOps_TargetlockMod,5,0.2,5.2
TFT17_Mordekaiser,TFT5_Item_HandOfJusticeRadiant,5,0.2,6.0
TFT17_Mordekaiser,TFT5_Item_SunfireCapeRadiant,5,0.2,6.2
TFT17_Mordekaiser,TFT5_Item_TitansResolveRadiant,5,0.2,6.2
TFT17_Mordekaiser,TFT_Item_Artifact_WitsEnd,6,0.16666666666666666,6.166666666666667
TFT17_Morgana,TFT17_AnimaSquadItem_Tier2_CyclonicSlicers,5,1.0,2.0
TFT17_Morgana,TFT_Item_EmptyBag,181,0.9779005524861878,1.2541436464088398
TFT17_Morgana,TFT17_AnimaSquadItem_Tier1_RocketSwarm,7,0.8571428571428571,3.0
TFT17_Morgana,TFT17_Item_PsyOps_TargetlockMod,5,0.8,3.2
TFT17_Morgana,TFT_Item_Artifact_LichBane,5,0.8,3.4
TFT17_Morgana,TFT_Item_ForceOfNature,35,0.8,3.0285714285714285
TFT17_Morgana,TFT17_Item_PsyOps_SympatheticImplantMod,93,0.7849462365591398,3.150537634408602
TFT17_Morgana,TFT17_AnimaSquadItem_Tier2_RadiantField,15,0.7333333333333333,3.3333333333333335
TFT17_Morgana,TFT_Item_RecurveBow,60,0.7333333333333333,3.2333333333333334
TFT17_Morgana,TFT17_Item_PsyOps_DroneMod,52,0.7307692307692307,3.4423076923076925
TFT17_Morgana,TFT17_Item_Artifact_AhriArtifact,10,0.7,4.0
TFT17_Morgana,TFT17_Item_StargazerEmblemItem,399,0.6741854636591479,3.4335839598997495
TFT17_Morgana,TFT17_Item_HPTankEmblemItem,126,0.6666666666666666,3.6904761904761907
TFT17_Morgana,TFTEvent5YR_Item_SevikasJinxedArm,6,0.6666666666666666,3.0
TFT17_Morgana,TFT_Item_Morellonomicon,505,0.6415841584158416,3.871287128712871
TFT17_Morgana,TFT_Item_JeweledGauntlet,184,0.6413043478260869,3.8097826086956523
TFT17_Morgana,TFT_Item_ArchangelsStaff,175,0.64,3.822857142857143
TFT17_Morgana,TFT_Item_BlueBuff,208,0.6394230769230769,3.8076923076923075
TFT17_Morgana,TFT_Item_UnstableConcoction,183,0.639344262295082,3.9508196721311477
TFT17_Morgana,TFT_Item_MadredsBloodrazor,187,0.6310160427807486,3.871657754010695
TFT17_Morgana,TFT_Item_SpearOfShojin,165,0.6303030303030303,3.903030303030303
TFT17_Morgana,TFT_Item_SpectralGauntlet,620,0.6274193548387097,3.9274193548387095
TFT17_Morgana,TFT_Item_Artifact_TalismanOfAscension,16,0.625,4.0
TFT17_Morgana,TFT_Item_HextechGunblade,157,0.6242038216560509,3.8662420382165603
TFT17_Morgana,TFT17_AnimaSquadItem_Tier1_GuidingHex,21,0.6190476190476191,4.0
TFT17_Morgana,TFT_Item_RunaansHurricane,97,0.6185567010309279,3.948453608247423
TFT17_Morgana,TFT_Item_RapidFireCannon,279,0.6164874551971327,3.9068100358422937
TFT17_Morgana,TFT17_AnimaSquadItem_Tier0_ClunkyPrototype,75,0.6133333333333333,3.88
TFT17_Morgana,TFT_Item_NeedlesslyLargeRod,134,0.6119402985074627,4.014925373134329
TFT17_Morgana,TFT_Item_Leviathan,100,0.61,3.97
TFT17_Morgana,TFT5_Item_CrownguardRadiant,5,0.6,4.4
TFT17_Morgana,TFT5_Item_StatikkShivRadiant,5,0.6,4.2
TFT17_Morgana,TFT_Item_Artifact_HellfireHatchet,5,0.6,4.8
TFT17_Morgana,TFT_Item_Artifact_WitsEnd,5,0.6,3.6
TFT17_Morgana,TFT_Item_TacticiansRing,35,0.6,3.942857142857143
TFT17_Morgana,TFT_Item_PowerGauntlet,204,0.5980392156862745,4.0931372549019605
TFT17_Morgana,TFT17_AnimaSquadItem_Tier0_LeakyPrototype,27,0.5925925925925926,3.962962962962963
TFT17_Morgana,TFT_Item_TearOfTheGoddess,159,0.5911949685534591,4.1069182389937104
TFT17_Morgana,TFT_Item_ThiefsGloves,1975,0.590379746835443,4.017215189873418
TFT17_Morgana,TFT17_AnimaSquadItem_Tier0_SparkingPrototype,12,0.5833333333333334,3.75
TFT17_Morgana,TFT17_AnimaSquadItem_Tier2_IceblastArmor,12,0.5833333333333334,3.8333333333333335
TFT17_Morgana,TFT_Item_NightHarvester,980,0.5826530612244898,4.096938775510204
TFT17_Morgana,TFT17_Item_PsyOps_GrenadeMod,79,0.5822784810126582,3.7721518987341773
TFT17_Morgana,TFT_Item_LastWhisper,135,0.5777777777777777,4.2
TFT17_Morgana,TFT_Item_SparringGloves,52,0.5769230769230769,4.269230769230769
TFT17_Morgana,TFT17_Item_SpaceGrooveEmblemItem,171,0.5730994152046783,4.052631578947368
TFT17_Morgana,TFT_Item_Crownguard,1629,0.5715162676488643,4.098833640270104
TFT17_Morgana,TFT_Item_Artifact_BlightingJewel,7,0.5714285714285714,4.428571428571429
TFT17_Morgana,TFT_Item_WarmogsArmor,2224,0.5701438848920863,4.117356115107913
TFT17_Morgana,TFT_Item_StatikkShiv,264,0.5681818181818182,4.079545454545454
TFT17_Morgana,TFT_Item_GuinsoosRageblade,169,0.5680473372781065,4.177514792899408
TFT17_Morgana,TFT5_Item_GargoyleStoneplateRadiant,16,0.5625,4.125
TFT17_Morgana,TFT_Item_AdaptiveHelm,1793,0.562186279977691,4.217512548800892
TFT17_Morgana,TFT_Item_BrambleVest,1049,0.5605338417540515,4.120114394661583
TFT17_Morgana,TFT_Item_GiantsBelt,260,0.5576923076923077,4.273076923076923
TFT17_Morgana,TFT_Item_Bloodthirster,201,0.5572139303482587,4.164179104477612
TFT17_Morgana,TFT_Item_GuardianAngel,169,0.5562130177514792,4.236686390532545
TFT17_Morgana,TFT17_AnimaSquadItem_Tier1_TentacleSlam,65,0.5538461538461539,4.4
TFT17_Morgana,TFT17_Item_PrimordianEmblemItem,65,0.5538461538461539,4.384615384615385
TFT17_Morgana,TFT_Item_InfinityEdge,49,0.5510204081632653,4.122448979591836
TFT17_Morgana,TFT_Item_RedBuff,1836,0.5501089324618736,4.271241830065359
TFT17_Morgana,TFT_Item_RabadonsDeathcap,216,0.5462962962962963,4.189814814814815
TFT17_Morgana,TFT_Item_TitansResolve,163,0.5460122699386503,4.251533742331288
TFT17_Morgana,TFT17_Item_DRXEmblemItem,79,0.5443037974683544,4.291139240506329
TFT17_Morgana,TFT17_Item_AstronautEmblemItem,143,0.5384615384615384,4.286713286713287
TFT17_Morgana,TFT17_Item_ResistTankEmblemItem,145,0.5379310344827586,4.110344827586207
TFT17_Morgana,TFT_Item_Redemption,1733,0.5366416618580496,4.281592613964224
TFT17_Morgana,TFT5_Item_ThiefsGlovesRadiant,41,0.5365853658536586,4.512195121951219
TFT17_Morgana,TFT_Item_Deathblade,101,0.5346534653465347,4.376237623762377
TFT17_Morgana,TFT_Item_IonicSpark,774,0.5297157622739018,4.3565891472868215
TFT17_Morgana,TFT17_Item_ShieldTankEmblemItem,304,0.5296052631578947,4.375
TFT17_Morgana,TFT17_Item_ASTraitEmblemItem,17,0.5294117647058824,4.235294117647059
TFT17_Morgana,TFT17_Item_MeleeTraitEmblemItem,17,0.5294117647058824,4.294117647058823
TFT17_Morgana,TFT17_Item_Artifact_ThreshLantern,87,0.5287356321839081,4.2298850574712645
TFT17_Morgana,TFT_Item_Artifact_TheIndomitable,55,0.5272727272727272,4.381818181818182
TFT17_Morgana,TFT_Item_Artifact_SeekersArmguard,19,0.5263157894736842,4.684210526315789
TFT17_Morgana,TFT17_Item_Artifact_SorakaArtifact,82,0.524390243902439,4.329268292682927
TFT17_Morgana,TFT_Item_Quicksilver,105,0.5238095238095238,4.333333333333333
TFT17_Morgana,TFT_Item_DragonsClaw,872,0.5194954128440367,4.307339449541284
TFT17_Morgana,TFT_Item_SteraksGage,337,0.5192878338278932,4.370919881305638
TFT17_Morgana,TFT17_Item_DarkStarEmblemItem,131,0.5190839694656488,4.282442748091603
TFT17_Morgana,TFT17_Item_FlexTraitEmblemItem,100,0.51,4.34
TFT17_Morgana,TFT_Item_FrozenHeart,2367,0.5052809463455852,4.4600760456273765
TFT17_Morgana,TFT5_Item_SpearOfShojinRadiant,6,0.5,4.666666666666667
TFT17_Morgana,TFT_Item_ChainVest,175,0.49142857142857144,4.48
TFT17_Morgana,TFT17_Item_PulsefireEmblemItem,53,0.49056603773584906,4.30188679245283
TFT17_Morgana,TFT_Item_GargoyleStoneplate,2095,0.48687350835322196,4.488305489260143
TFT17_Morgana,TFT17_Item_RangedTraitEmblemItem,21,0.47619047619047616,4.857142857142857
TFT17_Morgana,TFT_Item_NegatronCloak,188,0.4734042553191489,4.4361702127659575
TFT17_Morgana,TFT17_Item_PsyOpsEmblemItem,55,0.4727272727272727,4.8545454545454545
TFT17_Morgana,TFT17_EkkoOffering_AnomalyItem,404,0.46534653465346537,4.5594059405940595
TFT17_Morgana,TFT_Item_Artifact_AegisOfDawn,35,0.45714285714285713,4.285714285714286
TFT17_Morgana,TFT_Item_Artifact_VoidGauntlet,33,0.45454545454545453,4.515151515151516
TFT17_Morgana,TFT9_Item_OrnnHullbreaker,29,0.4482758620689655,4.862068965517241
TFT17_Morgana,TFT_Item_BFSword,29,0.4482758620689655,4.448275862068965
TFT17_Morgana,TFT_Item_Artifact_AegisOfDusk,38,0.4473684210526316,4.447368421052632
TFT17_Morgana,TFT_Item_Artifact_LightshieldCrest,46,0.43478260869565216,4.6521739130434785
TFT17_Morgana,TFT4_Item_OrnnDeathsDefiance,7,0.42857142857142855,4.571428571428571
TFT17_Morgana,TFT4_Item_OrnnInfinityForce,14,0.42857142857142855,4.357142857142857
TFT17_Morgana,TFT7_Item_ShimmerscaleMogulsMail,102,0.4215686274509804,4.803921568627451
TFT17_Morgana,TFT17_AnimaSquadItem_Tier2_LionessLament,12,0.4166666666666667,5.0
TFT17_Morgana,TFT17_Item_SummonTraitEmblemItem,77,0.4155844155844156,4.857142857142857
TFT17_Morgana,TFT17_Item_AssassinTraitEmblemItem,15,0.4,4.533333333333333
TFT17_Morgana,TFT5_Item_IonicSparkRadiant,5,0.4,4.8
TFT17_Morgana,TFT_Item_Spatula,5,0.4,5.0
TFT17_Morgana,TFT17_Item_FavoredEmblemItem,57,0.3508771929824561,5.2105263157894735
TFT17_Morgana,TFT17_Item_AnimaSquadEmblemItem,47,0.3191489361702128,5.553191489361702
TFT17_Morgana,TFT_Item_Artifact_SilvermereDawn,17,0.29411764705882354,5.235294117647059
TFT17_Morgana,TFT4_Item_OrnnZhonyasParadox,11,0.2727272727272727,5.818181818181818
TFT17_Morgana,TFT5_Item_DragonsClawRadiant,6,0.16666666666666666,6.5
TFT17_Nami,TFT_Item_EmptyBag,37,0.972972972972973,1.3243243243243243
TFT17_Nami,TFT17_AnimaSquadItem_Tier2_SearingShortbow,30,0.9,2.3
TFT17_Nami,TFT_Item_Artifact_WitsEnd,6,0.8333333333333334,3.8333333333333335
TFT17_Nami,TFT5_Item_ArchangelsStaffRadiant,5,0.8,3.2
TFT17_Nami,TFT_Item_FrozenHeart,13,0.7692307692307693,3.230769230769231
TFT17_Nami,TFT_Item_SpectralGauntlet,11,0.7272727272727273,3.3636363636363638
TFT17_Nami,TFT_Item_IonicSpark,14,0.7142857142857143,3.7142857142857144
TFT17_Nami,TFT_Item_ForceOfNature,20,0.7,2.85
TFT17_Nami,TFT_Item_WarmogsArmor,23,0.6956521739130435,3.8260869565217392
TFT17_Nami,TFT17_Item_PsyOps_TargetlockMod,13,0.6923076923076923,3.4615384615384617
TFT17_Nami,TFT17_AnimaSquadItem_Tier2_Annihilator,22,0.6818181818181818,3.090909090909091
TFT17_Nami,TFT_Item_Artifact_EternalPact,143,0.6433566433566433,4.041958041958042
TFT17_Nami,TFT_Item_AdaptiveHelm,1440,0.6368055555555555,3.779166666666667
TFT17_Nami,TFT_Item_Artifact_NavoriFlickerblades,11,0.6363636363636364,4.090909090909091
TFT17_Nami,TFT_Item_Crownguard,22,0.6363636363636364,4.045454545454546
TFT17_Nami,TFT5_Item_GiantSlayerRadiant,8,0.625,4.25
TFT17_Nami,TFT_Item_DragonsClaw,8,0.625,4.0
TFT17_Nami,TFT_Item_GargoyleStoneplate,16,0.625,4.0
TFT17_Nami,TFT_Item_BlueBuff,1829,0.6156369600874795,3.8999453253143797
TFT17_Nami,TFT_Item_GuardianAngel,78,0.6153846153846154,3.7948717948717947
TFT17_Nami,TFT17_Item_PsyOps_ChemicalCapacitorMod,31,0.6129032258064516,4.290322580645161
TFT17_Nami,TFT_Item_LastWhisper,380,0.6105263157894737,3.942105263157895
TFT17_Nami,TFT_Item_HextechGunblade,760,0.6026315789473684,4.0171052631578945
TFT17_Nami,TFT5_Item_MorellonomiconRadiant,10,0.6,4.3
TFT17_Nami,TFT_Item_Artifact_LudensTempest,67,0.5970149253731343,4.17910447761194
TFT17_Nami,TFT_Item_UnstableConcoction,182,0.5824175824175825,4.15934065934066
TFT17_Nami,TFT_Item_RapidFireCannon,2282,0.5823838737949167,4.057843996494303
TFT17_Nami,TFT_Item_SpearOfShojin,6548,0.5801771533292609,4.0511606597434335
TFT17_Nami,TFT5_Item_BlueBuffRadiant,26,0.5769230769230769,3.9615384615384617
TFT17_Nami,TFTEvent5YR_Item_SevikasJinxedArm,7,0.5714285714285714,4.285714285714286
TFT17_Nami,TFT_Item_Morellonomicon,3488,0.5668004587155964,4.114678899082569
TFT17_Nami,TFT5_Item_LeviathanRadiant,159,0.5660377358490566,4.163522012578617
TFT17_Nami,TFT17_Item_PsyOps_DroneMod,94,0.5638297872340425,4.457446808510638
TFT17_Nami,TFT_Item_MadredsBloodrazor,1971,0.563165905631659,4.164890918315576
TFT17_Nami,TFT17_AnimaSquadItem_Tier0_LeakyPrototype,32,0.5625,4.40625
TFT17_Nami,TFT_Item_NightHarvester,16,0.5625,4.4375
TFT17_Nami,TFT_Item_PowerGauntlet,1641,0.5618525289457648,4.17611212675198
TFT17_Nami,TFT_Item_ThiefsGloves,347,0.5561959654178674,4.181556195965418
TFT17_Nami,TFT_Item_StatikkShiv,4000,0.5555,4.2375
TFT17_Nami,TFT_Item_RabadonsDeathcap,3294,0.554341226472374,4.188524590163935
TFT17_Nami,TFT_Item_ArchangelsStaff,1258,0.5524642289348172,4.222575516693164
TFT17_Nami,TFT_Item_Quicksilver,167,0.5449101796407185,4.37125748502994
TFT17_Nami,TFT17_Item_StargazerEmblemItem,156,0.5448717948717948,4.3076923076923075
TFT17_Nami,TFT17_Item_AssassinTraitEmblemItem,249,0.5421686746987951,4.208835341365462
TFT17_Nami,TFT_Item_Artifact_Dawncore,157,0.5414012738853503,4.3312101910828025
TFT17_Nami,TFT17_Item_RangedTraitEmblemItem,551,0.5408348457350273,4.272232304900181
TFT17_Nami,TFT_Item_Artifact_LichBane,74,0.5405405405405406,4.405405405405405
TFT17_Nami,TFT17_EkkoOffering_AnomalyItem,276,0.5398550724637681,4.355072463768116
TFT17_Nami,TFT17_Item_DRXEmblemItem,15,0.5333333333333333,4.266666666666667
TFT17_Nami,TFT17_Item_FlexTraitEmblemItem,96,0.53125,4.302083333333333
TFT17_Nami,TFT_Item_GuinsoosRageblade,576,0.53125,4.447916666666667
TFT17_Nami,TFT_Item_BrambleVest,17,0.5294117647058824,4.764705882352941
TFT17_Nami,TFT_Item_Leviathan,7822,0.5272308872411148,4.359371004858093
TFT17_Nami,TFT7_Item_ShimmerscaleGamblersBlade,61,0.5245901639344263,4.327868852459017
TFT17_Nami,TFT_Item_Artifact_CappaJuice,23,0.5217391304347826,4.3478260869565215
TFT17_Nami,TFT_Item_JeweledGauntlet,11853,0.5211338901543913,4.379228887201553
TFT17_Nami,TFT_Item_InfinityEdge,73,0.5205479452054794,4.493150684931507
TFT17_Nami,TFT17_Item_PsyOps_SympatheticImplantMod,127,0.5196850393700787,4.377952755905512
TFT17_Nami,TFT17_Item_Artifact_AhriArtifact,190,0.5157894736842106,4.484210526315789
TFT17_Nami,TFT17_AnimaSquadItem_Tier1_GuidingHex,38,0.5,4.526315789473684
TFT17_Nami,TFT17_Item_HPTankEmblemItem,6,0.5,5.166666666666667
TFT17_Nami,TFT4_Item_OrnnZhonyasParadox,26,0.5,4.6923076923076925
TFT17_Nami,TFT5_Item_AdaptiveHelmRadiant,6,0.5,3.8333333333333335
TFT17_Nami,TFT9_Item_OrnnHorizonFocus,72,0.5,4.527777777777778
TFT17_Nami,TFT_Item_Bloodthirster,20,0.5,4.5
TFT17_Nami,TFT_Item_RunaansHurricane,40,0.5,4.525
TFT17_Nami,TFT17_Item_Artifact_VarusArtifact,62,0.4838709677419355,4.5
TFT17_Nami,TFT_Item_Artifact_StatikkShiv,87,0.4827586206896552,4.724137931034483
TFT17_Nami,TFT5_Item_SpearOfShojinRadiant,27,0.48148148148148145,4.444444444444445
TFT17_Nami,TFT_Item_Artifact_BlightingJewel,68,0.47058823529411764,4.705882352941177
TFT17_Nami,TFT_Item_SteraksGage,17,0.47058823529411764,4.294117647058823
TFT17_Nami,TFT5_Item_JeweledGauntletRadiant,66,0.4696969696969697,4.545454545454546
TFT17_Nami,TFT5_Item_StatikkShivRadiant,24,0.4583333333333333,4.625
TFT17_Nami,TFT17_Item_SummonTraitEmblemItem,147,0.4557823129251701,4.802721088435374
TFT17_Nami,TFT17_AnimaSquadItem_Tier0_SparkingPrototype,31,0.45161290322580644,4.774193548387097
TFT17_Nami,TFT_Item_Deathblade,29,0.4482758620689655,4.758620689655173
TFT17_Nami,TFT_Item_NegatronCloak,9,0.4444444444444444,5.222222222222222
TFT17_Nami,TFT_Item_Redemption,9,0.4444444444444444,4.555555555555555
TFT17_Nami,TFTEvent5YR_Item_ShimmerscaleGoldmancersStaff,70,0.44285714285714284,4.814285714285714
TFT17_Nami,TFT17_Item_AstronautEmblemItem,75,0.44,4.666666666666667
TFT17_Nami,TFT17_Item_DarkStarEmblemItem,208,0.4326923076923077,4.947115384615385
TFT17_Nami,TFT5_Item_TrapClawRadiant,7,0.42857142857142855,4.571428571428571
TFT17_Nami,TFT_Item_Artifact_RapidFirecannon,7,0.42857142857142855,5.142857142857143
TFT17_Nami,TFT_Item_NeedlesslyLargeRod,361,0.41274238227146814,4.958448753462604
TFT17_Nami,TFT17_Item_PsyOpsEmblemItem,37,0.40540540540540543,4.783783783783784
TFT17_Nami,TFT_Item_Artifact_TalismanOfAscension,10,0.4,5.5
TFT17_Nami,TFT_Item_RedBuff,10,0.4,5.1
TFT17_Nami,TFT_Item_SparringGloves,105,0.4,5.190476190476191
TFT17_Nami,TFT_Item_TearOfTheGoddess,206,0.3932038834951456,4.946601941747573
TFT17_Nami,TFT17_Item_ASTraitEmblemItem,23,0.391304347826087,5.173913043478261
TFT17_Nami,TFT17_Item_ShieldTankEmblemItem,80,0.3875,4.925
TFT17_Nami,TFT17_Item_Artifact_EkkoArtifact,13,0.38461538461538464,5.076923076923077
TFT17_Nami,TFT17_Item_ResistTankEmblemItem,50,0.38,4.8
TFT17_Nami,TFT17_Item_PulsefireEmblemItem,75,0.37333333333333335,5.28
TFT17_Nami,TFT_Item_TitansResolve,30,0.36666666666666664,5.033333333333333
TFT17_Nami,TFT5_Item_RabadonsDeathcapRadiant,39,0.358974358974359,5.205128205128205
TFT17_Nami,TFT9_Item_CrownOfDemacia,14,0.35714285714285715,5.142857142857143
TFT17_Nami,TFT_Item_BFSword,51,0.35294117647058826,5.254901960784314
TFT17_Nami,TFT17_Item_MeleeTraitEmblemItem,12,0.3333333333333333,5.916666666666667
TFT17_Nami,TFT5_Item_ThiefsGlovesRadiant,9,0.3333333333333333,5.333333333333333
TFT17_Nami,TFT_Item_Artifact_SeekersArmguard,9,0.3333333333333333,5.222222222222222
TFT17_Nami,TFT_Item_RecurveBow,286,0.32167832167832167,5.335664335664336
TFT17_Nami,TFT_Item_Artifact_Mittens,7,0.2857142857142857,4.714285714285714
TFT17_Nami,TFT17_Item_FavoredEmblemItem,29,0.27586206896551724,5.689655172413793
TFT17_Nami,TFT17_AnimaSquadItem_Tier1_RocketSwarm,12,0.25,6.25
TFT17_Nami,TFT_Item_GiantsBelt,22,0.22727272727272727,6.090909090909091
TFT17_Nami,TFT4_Item_OrnnInfinityForce,9,0.2222222222222222,5.222222222222222
TFT17_Nami,TFTEvent5YR_Item_ShimmerscaleCrownOfChampions,5,0.2,4.8
TFT17_Nami,TFT_Item_TacticiansRing,5,0.2,5.0
TFT17_Nasus,TFT_Item_ForceOfNature,14,0.9285714285714286,2.0714285714285716
TFT17_Nasus,TFT_Item_EmptyBag,25,0.84,1.92
TFT17_Nasus,TFT_Item_Artifact_AegisOfDusk,6,0.8333333333333334,3.8333333333333335
TFT17_Nasus,TFT_Item_Artifact_LightshieldCrest,6,0.8333333333333334,3.3333333333333335
TFT17_Nasus,TFT17_AnimaSquadItem_Tier1_TentacleSlam,5,0.8,4.0
TFT17_Nasus,TFT5_Item_BloodthirsterRadiant,5,0.8,3.8
TFT17_Nasus,TFT17_Item_Artifact_EvelynnArtifact,19,0.7368421052631579,3.736842105263158
TFT17_Nasus,TFT_Item_NeedlesslyLargeRod,16,0.6875,3.5625
TFT17_Nasus,TFT17_Item_MeleeTraitEmblemItem,12,0.6666666666666666,4.166666666666667
TFT17_Nasus,TFT17_Item_HPTankEmblemItem,35,0.6285714285714286,4.114285714285714
TFT17_Nasus,TFT_Item_ChainVest,224,0.6205357142857143,4.0
TFT17_Nasus,TFT_Item_Crownguard,174,0.603448275862069,4.091954022988506
TFT17_Nasus,TFT_Item_BrambleVest,205,0.5902439024390244,3.9902439024390244
TFT17_Nasus,TFT17_Item_Artifact_ThreshLantern,17,0.5882352941176471,3.9411764705882355
TFT17_Nasus,TFT7_Item_ShimmerscaleMogulsMail,24,0.5833333333333334,4.083333333333333
TFT17_Nasus,TFT_Item_AdaptiveHelm,164,0.5792682926829268,4.2926829268292686
TFT17_Nasus,TFT_Item_UnstableConcoction,57,0.5789473684210527,4.43859649122807
TFT17_Nasus,TFT_Item_WarmogsArmor,425,0.5764705882352941,4.197647058823529
TFT17_Nasus,TFT_Item_NegatronCloak,138,0.572463768115942,4.260869565217392
TFT17_Nasus,TFT17_Item_RangedTraitEmblemItem,7,0.5714285714285714,3.857142857142857
TFT17_Nasus,TFT_Item_GiantsBelt,196,0.5714285714285714,4.158163265306122
TFT17_Nasus,TFT_Item_GuardianAngel,58,0.5689655172413793,4.172413793103448
TFT17_Nasus,TFT17_Item_PulsefireEmblemItem,25,0.56,3.96
TFT17_Nasus,TFT_Item_Artifact_VoidGauntlet,9,0.5555555555555556,4.222222222222222
TFT17_Nasus,TFT_Item_SteraksGage,131,0.549618320610687,4.175572519083969
TFT17_Nasus,TFT_Item_HextechGunblade,33,0.5454545454545454,4.454545454545454
TFT17_Nasus,TFT_Item_NightHarvester,205,0.5414634146341464,4.380487804878049
TFT17_Nasus,TFT_Item_SpectralGauntlet,162,0.5370370370370371,4.41358024691358
TFT17_Nasus,TFT_Item_Redemption,347,0.5360230547550432,4.282420749279539
TFT17_Nasus,TFT_Item_BFSword,19,0.5263157894736842,5.2105263157894735
TFT17_Nasus,TFT_Item_IonicSpark,189,0.5238095238095238,4.275132275132275
TFT17_Nasus,TFT_Item_DragonsClaw,216,0.5231481481481481,4.361111111111111
TFT17_Nasus,TFT_Item_PowerGauntlet,48,0.5208333333333334,4.104166666666667
TFT17_Nasus,TFT17_Item_FavoredEmblemItem,58,0.5172413793103449,4.448275862068965
TFT17_Nasus,TFT_Item_RedBuff,499,0.5110220440881763,4.466933867735471
TFT17_Nasus,TFT17_Item_ResistTankEmblemItem,92,0.5,4.489130434782608
TFT17_Nasus,TFT4_Item_OrnnDeathsDefiance,8,0.5,4.875
TFT17_Nasus,TFT9_Item_OrnnHullbreaker,6,0.5,4.666666666666667
TFT17_Nasus,TFT_Item_Artifact_SilvermereDawn,6,0.5,4.333333333333333
TFT17_Nasus,TFT_Item_ThiefsGloves,472,0.4894067796610169,4.432203389830509
TFT17_Nasus,TFT17_Item_DRXEmblemItem,33,0.48484848484848486,4.424242424242424
TFT17_Nasus,TFT_Item_RunaansHurricane,33,0.48484848484848486,4.333333333333333
TFT17_Nasus,TFT_Item_GargoyleStoneplate,444,0.48423423423423423,4.70945945945946
TFT17_Nasus,TFT_Item_FrozenHeart,252,0.48412698412698413,4.492063492063492
TFT17_Nasus,TFT17_Item_StargazerEmblemItem,44,0.4772727272727273,4.659090909090909
TFT17_Nasus,TFT_Item_ArchangelsStaff,21,0.47619047619047616,4.761904761904762
TFT17_Nasus,TFT_Item_SparringGloves,21,0.47619047619047616,4.571428571428571
TFT17_Nasus,TFT17_EkkoOffering_AnomalyItem,60,0.4666666666666667,4.683333333333334
TFT17_Nasus,TFT_Item_BlueBuff,31,0.45161290322580644,4.709677419354839
TFT17_Nasus,TFT_Item_TacticiansRing,16,0.4375,4.25
TFT17_Nasus,TFT_Item_SpearOfShojin,23,0.43478260869565216,4.739130434782608
TFT17_Nasus,TFT_Item_Quicksilver,88,0.4318181818181818,4.556818181818182
TFT17_Nasus,TFT17_Item_SummonTraitEmblemItem,45,0.4222222222222222,4.888888888888889
TFT17_Nasus,TFT_Item_GuinsoosRageblade,320,0.421875,4.9
TFT17_Nasus,TFT_Item_JeweledGauntlet,24,0.4166666666666667,4.291666666666667
TFT17_Nasus,TFT_Item_TitansResolve,313,0.41533546325878595,4.9712460063897765
TFT17_Nasus,TFT_Item_MadredsBloodrazor,41,0.4146341463414634,4.487804878048781
TFT17_Nasus,TFT_Item_RabadonsDeathcap,17,0.4117647058823529,4.882352941176471
TFT17_Nasus,TFT_Item_TearOfTheGoddess,22,0.4090909090909091,4.863636363636363
TFT17_Nasus,TFT_Item_Deathblade,32,0.40625,4.84375
TFT17_Nasus,TFT17_AnimaSquadItem_Tier0_ClunkyPrototype,25,0.4,4.64
TFT17_Nasus,TFT17_Item_PrimordianEmblemItem,40,0.4,4.8
TFT17_Nasus,TFT4_Item_OrnnInfinityForce,5,0.4,4.8
TFT17_Nasus,TFT_Item_Artifact_TalismanOfAscension,5,0.4,5.2
TFT17_Nasus,TFT_Item_InfinityEdge,41,0.3902439024390244,5.0
TFT17_Nasus,TFT_Item_Bloodthirster,370,0.3864864864864865,5.056756756756757
TFT17_Nasus,TFT17_Item_AstronautEmblemItem,29,0.3793103448275862,4.9655172413793105
TFT17_Nasus,TFT17_Item_ASTraitEmblemItem,8,0.375,5.125
TFT17_Nasus,TFTEvent5YR_Item_SevikasJinxedArm,8,0.375,5.75
TFT17_Nasus,TFT_Item_Artifact_TheIndomitable,8,0.375,5.25
TFT17_Nasus,TFT_Item_StatikkShiv,34,0.35294117647058826,5.205882352941177
TFT17_Nasus,TFT17_Item_PsyOpsEmblemItem,9,0.3333333333333333,5.444444444444445
TFT17_Nasus,TFT_Item_Leviathan,21,0.3333333333333333,5.095238095238095
TFT17_Nasus,TFT_Item_Morellonomicon,33,0.3333333333333333,5.121212121212121
TFT17_Nasus,TFT17_Item_AnimaSquadEmblemItem,55,0.32727272727272727,5.090909090909091
TFT17_Nasus,TFT_Item_RapidFireCannon,43,0.32558139534883723,5.023255813953488
TFT17_Nasus,TFT17_Item_FlexTraitEmblemItem,16,0.3125,5.375
TFT17_Nasus,TFT17_Item_AssassinTraitEmblemItem,14,0.2857142857142857,5.071428571428571
TFT17_Nasus,TFT_Item_LastWhisper,33,0.2727272727272727,5.242424242424242
TFT17_Nasus,TFT_Item_RecurveBow,19,0.2631578947368421,6.052631578947368
TFT17_Nasus,TFT17_Item_DarkStarEmblemItem,13,0.23076923076923078,5.6923076923076925
TFT17_Nasus,TFT17_Item_PsyOps_GrenadeMod,5,0.2,6.2
TFT17_Nasus,TFT5_Item_ThiefsGlovesRadiant,5,0.2,5.8
TFT17_Nasus,TFT5_Item_TitansResolveRadiant,5,0.2,5.6
TFT17_Nasus,TFT_Item_Artifact_ProwlersClaw,5,0.2,6.0
TFT17_Nasus,TFT_Item_Artifact_AegisOfDawn,6,0.16666666666666666,6.166666666666667
TFT17_Nasus,TFT17_Item_Artifact_SorakaArtifact,14,0.14285714285714285,6.428571428571429
TFT17_Nasus,TFTEvent5YR_Item_GlacialMallet,7,0.14285714285714285,5.714285714285714
TFT17_Nunu,TFT_Item_EmptyBag,101,0.9603960396039604,1.3366336633663367
TFT17_Nunu,TFT_Item_ForceOfNature,11,0.8181818181818182,2.909090909090909
TFT17_Nunu,TFT17_Item_PsyOps_TargetlockMod,5,0.8,3.8
TFT17_Nunu,TFT17_AnimaSquadItem_Tier2_LionessLament,80,0.7875,2.675
TFT17_Nunu,TFT17_AnimaSquadItem_Tier2_IceblastArmor,130,0.7076923076923077,3.0538461538461537
TFT17_Nunu,TFT5_Item_IonicSparkRadiant,10,0.7,4.0
TFT17_Nunu,TFT17_AnimaSquadItem_Tier2_RadiantField,109,0.6697247706422018,3.302752293577982
TFT17_Nunu,TFT_Item_Artifact_EternalPact,6,0.6666666666666666,3.6666666666666665
TFT17_Nunu,TFT5_Item_RedemptionRadiant,37,0.6486486486486487,3.7027027027027026
TFT17_Nunu,TFT5_Item_GargoyleStoneplateRadiant,44,0.6136363636363636,4.0
TFT17_Nunu,TFT5_Item_WarmogsArmorRadiant,53,0.6037735849056604,3.9245283018867925
TFT17_Nunu,TFT_Item_BrambleVest,6972,0.5993975903614458,3.9334480780263914
TFT17_Nunu,TFT_Item_Artifact_LightshieldCrest,483,0.587991718426501,4.0
TFT17_Nunu,TFT_Item_AdaptiveHelm,21845,0.5868162050812543,4.004806591897459
TFT17_Nunu,TFT_Item_NightHarvester,5846,0.5845022237427301,4.009921313718782
TFT17_Nunu,TFT_Item_WarmogsArmor,16031,0.578691285634084,4.03780175909176
TFT17_Nunu,TFT5_Item_DeathbladeRadiant,7,0.5714285714285714,4.714285714285714
TFT17_Nunu,TFT_Item_Crownguard,9980,0.5706412825651302,4.062124248496994
TFT17_Nunu,TFT_Item_Redemption,13934,0.5659537821156883,4.101765465767188
TFT17_Nunu,TFT_Item_FrozenHeart,45832,0.5651073485774132,4.104293943096526
TFT17_Nunu,TFT_Item_Artifact_SilvermereDawn,119,0.5630252100840336,4.084033613445378
TFT17_Nunu,TFT_Item_Artifact_TheIndomitable,476,0.5609243697478992,4.1344537815126055
TFT17_Nunu,TFTEvent5YR_Item_SevikasJinxedArm,9,0.5555555555555556,4.333333333333333
TFT17_Nunu,TFT_Item_Artifact_HorizonFocus,36,0.5555555555555556,4.138888888888889
TFT17_Nunu,TFT17_EkkoOffering_AnomalyItem,4107,0.5471146822498174,4.171901631361091
TFT17_Nunu,TFT_Item_Artifact_AegisOfDawn,260,0.5461538461538461,4.207692307692308
TFT17_Nunu,TFT17_Item_Artifact_ThreshLantern,548,0.5456204379562044,4.187956204379562
TFT17_Nunu,TFT_Item_GargoyleStoneplate,15799,0.5447813152731186,4.207861257041585
TFT17_Nunu,TFT17_Item_PsyOps_GrenadeMod,267,0.5430711610486891,4.2434456928838955
TFT17_Nunu,TFT17_Item_HPTankEmblemItem,744,0.5403225806451613,4.271505376344086
TFT17_Nunu,TFT_Item_RunaansHurricane,126,0.5396825396825397,4.365079365079365
TFT17_Nunu,TFT_Item_DragonsClaw,5475,0.5395433789954338,4.270319634703196
TFT17_Nunu,TFT17_Item_PsyOps_GrenadeMod_Radiant,13,0.5384615384615384,4.0
TFT17_Nunu,TFT_Item_TacticiansRing,13,0.5384615384615384,4.615384615384615
TFT17_Nunu,TFT_Item_IonicSpark,3283,0.536399634480658,4.278708498324703
TFT17_Nunu,TFT17_Item_ASTraitEmblemItem,17,0.5294117647058824,3.9411764705882355
TFT17_Nunu,TFT7_Item_ShimmerscaleMogulsMail,745,0.5288590604026846,4.283221476510067
TFT17_Nunu,TFT17_Item_PsyOps_SympatheticImplantMod,23,0.5217391304347826,4.304347826086956
TFT17_Nunu,TFT_Item_SteraksGage,1408,0.5191761363636364,4.356534090909091
TFT17_Nunu,TFT_Item_Leviathan,150,0.5133333333333333,4.366666666666666
TFT17_Nunu,TFT_Item_RedBuff,10517,0.5126937339545498,4.3827137016259385
TFT17_Nunu,TFT17_Item_FlexTraitEmblemItem,270,0.5074074074074074,4.507407407407407
TFT17_Nunu,TFT_Item_SpectralGauntlet,2565,0.5044834307992203,4.417153996101365
TFT17_Nunu,TFT_Item_RapidFireCannon,197,0.5025380710659898,4.350253807106599
TFT17_Nunu,TFT17_AnimaSquadItem_Tier1_GuidingHex,10,0.5,4.8
TFT17_Nunu,TFT17_Item_PsyOps_ChemicalCapacitorMod,6,0.5,4.833333333333333
TFT17_Nunu,TFT5_Item_AdaptiveHelmRadiant,30,0.5,4.633333333333334
TFT17_Nunu,TFT5_Item_SunfireCapeRadiant,16,0.5,4.125
TFT17_Nunu,TFT_Item_Artifact_Dawncore,6,0.5,5.0
TFT17_Nunu,TFT_Item_HextechGunblade,124,0.5,4.370967741935484
TFT17_Nunu,TFT17_Item_Artifact_SorakaArtifact,747,0.499330655957162,4.444444444444445
TFT17_Nunu,TFT17_Item_SpaceGrooveEmblemItem,511,0.49706457925636005,4.563600782778865
TFT17_Nunu,TFT_Item_RecurveBow,39,0.48717948717948717,4.410256410256411
TFT17_Nunu,TFT_Item_Quicksilver,193,0.48704663212435234,4.66321243523316
TFT17_Nunu,TFT_Item_Artifact_VoidGauntlet,185,0.4864864864864865,4.4972972972972975
TFT17_Nunu,TFT_Item_JeweledGauntlet,105,0.4857142857142857,4.780952380952381
TFT17_Nunu,TFT17_Item_DRXEmblemItem,153,0.48366013071895425,4.555555555555555
TFT17_Nunu,TFT_Item_Artifact_TalismanOfAscension,27,0.48148148148148145,4.62962962962963
TFT17_Nunu,TFT17_Item_PulsefireEmblemItem,150,0.48,4.46
TFT17_Nunu,TFT17_Item_ResistTankEmblemItem,797,0.46800501882057716,4.578419071518193
TFT17_Nunu,TFT_Item_Morellonomicon,367,0.4659400544959128,4.70299727520436
TFT17_Nunu,TFT17_Item_DarkStarEmblemItem,246,0.4634146341463415,4.621951219512195
TFT17_Nunu,TFT17_AnimaSquadItem_Tier1_TentacleSlam,216,0.46296296296296297,4.597222222222222
TFT17_Nunu,TFT_Item_StatikkShiv,186,0.46236559139784944,4.876344086021505
TFT17_Nunu,TFT5_Item_FrozenHeartRadiant,78,0.46153846153846156,4.602564102564102
TFT17_Nunu,TFT_Item_ThiefsGloves,2494,0.4615076182838813,4.652365677626303
TFT17_Nunu,TFT_Item_InfinityEdge,70,0.45714285714285713,4.857142857142857
TFT17_Nunu,TFT17_Item_PrimordianEmblemItem,258,0.45348837209302323,4.829457364341085
TFT17_Nunu,TFT_Item_BlueBuff,322,0.453416149068323,4.562111801242236
TFT17_Nunu,TFT_Item_MadredsBloodrazor,137,0.45255474452554745,4.773722627737226
TFT17_Nunu,TFT_Item_UnstableConcoction,177,0.4519774011299435,4.8192090395480225
TFT17_Nunu,TFT17_Item_PsyOpsEmblemItem,151,0.4503311258278146,4.774834437086093
TFT17_Nunu,TFT_Item_GuinsoosRageblade,143,0.44755244755244755,4.86013986013986
TFT17_Nunu,TFT_Item_PowerGauntlet,193,0.44559585492227977,4.8549222797927465
TFT17_Nunu,TFT17_AnimaSquadItem_Tier0_ClunkyPrototype,371,0.444743935309973,4.716981132075472
TFT17_Nunu,TFT17_AnimaSquadItem_Tier0_SparkingPrototype,9,0.4444444444444444,4.111111111111111
TFT17_Nunu,TFT5_Item_NightHarvesterRadiant,9,0.4444444444444444,4.222222222222222
TFT17_Nunu,TFT17_Item_SummonTraitEmblemItem,433,0.44110854503464203,4.773672055427252
TFT17_Nunu,TFT4_Item_OrnnZhonyasParadox,16,0.4375,5.1875
TFT17_Nunu,TFT_Item_Deathblade,142,0.43661971830985913,4.732394366197183
TFT17_Nunu,TFT5_Item_ThiefsGlovesRadiant,46,0.43478260869565216,4.739130434782608
TFT17_Nunu,TFT_Item_ArchangelsStaff,130,0.4307692307692308,4.869230769230769
TFT17_Nunu,TFT9_Item_OrnnHullbreaker,170,0.4294117647058823,4.823529411764706
TFT17_Nunu,TFT_Item_SpearOfShojin,205,0.4292682926829268,4.917073170731707
TFT17_Nunu,TFT17_AnimaSquadItem_Tier2_CyclonicSlicers,14,0.42857142857142855,4.642857142857143
TFT17_Nunu,TFT17_Item_MeleeTraitEmblemItem,21,0.42857142857142855,4.476190476190476
TFT17_Nunu,TFT_Item_Artifact_AegisOfDusk,217,0.423963133640553,4.691244239631336
TFT17_Nunu,TFT_Item_GuardianAngel,195,0.4205128205128205,4.81025641025641
TFT17_Nunu,TFT17_Item_FavoredEmblemItem,298,0.412751677852349,4.885906040268456
TFT17_Nunu,TFT_Item_Bloodthirster,467,0.41113490364025695,4.781584582441114
TFT17_Nunu,TFT_Item_TitansResolve,235,0.4085106382978723,4.885106382978724
TFT17_Nunu,TFT_Item_LastWhisper,142,0.4084507042253521,4.97887323943662
TFT17_Nunu,TFT17_AnimaSquadItem_Tier0_LeakyPrototype,118,0.4067796610169492,5.016949152542373
TFT17_Nunu,TFT5_Item_InfinityEdgeRadiant,5,0.4,4.4
TFT17_Nunu,TFT17_Item_AstronautEmblemItem,387,0.3953488372093023,5.0310077519379846
TFT17_Nunu,TFT17_Item_Artifact_AhriArtifact,8,0.375,4.75
TFT17_Nunu,TFT_Item_NeedlesslyLargeRod,81,0.35802469135802467,5.074074074074074
TFT17_Nunu,TFT_Item_RabadonsDeathcap,157,0.35668789808917195,5.063694267515924
TFT17_Nunu,TFT5_Item_BrambleVestRadiant,17,0.35294117647058826,4.647058823529412
TFT17_Nunu,TFT5_Item_CrownguardRadiant,6,0.3333333333333333,5.5
TFT17_Nunu,TFT_Item_Artifact_SeekersArmguard,18,0.3333333333333333,5.388888888888889
TFT17_Nunu,TFT_Item_GiantsBelt,1005,0.3283582089552239,5.454726368159204
TFT17_Nunu,TFT_Item_TearOfTheGoddess,829,0.3281061519903498,5.453558504221954
TFT17_Nunu,TFT_Item_SparringGloves,50,0.32,5.5
TFT17_Nunu,TFT_Item_ChainVest,819,0.3199023199023199,5.554334554334554
TFT17_Nunu,TFT17_Item_AnimaSquadEmblemItem,225,0.31555555555555553,5.511111111111111
TFT17_Nunu,TFT_Item_NegatronCloak,595,0.3142857142857143,5.574789915966386
TFT17_Nunu,TFT_Item_BFSword,16,0.3125,5.5625
TFT17_Nunu,TFT5_Item_DragonsClawRadiant,10,0.3,5.5
TFT17_Nunu,TFT_Item_Artifact_TitanicHydra,10,0.3,5.6
TFT17_Nunu,TFT17_Item_RangedTraitEmblemItem,45,0.28888888888888886,5.844444444444444
TFT17_Nunu,TFT4_Item_OrnnDeathsDefiance,15,0.26666666666666666,5.266666666666667
TFT17_Nunu,TFT17_Item_AssassinTraitEmblemItem,23,0.2608695652173913,5.608695652173913
TFT17_Nunu,TFT4_Item_OrnnInfinityForce,21,0.23809523809523808,5.714285714285714
TFT17_Nunu,TFT17_AnimaSquadItem_Tier1_RocketSwarm,5,0.2,6.6
TFT17_Nunu,TFT_Item_Artifact_ProwlersClaw,5,0.2,5.4
TFT17_Nunu,TFT_Item_Spatula,5,0.2,6.8
TFT17_Nunu,TFT17_AnimaSquadItem_Tier1_SavageSlicer,11,0.18181818181818182,6.545454545454546
TFT17_Nunu,TFT_Item_Artifact_Mittens,5,0.0,6.6
TFT17_Ornn,TFT_Item_TacticiansRing,13,0.8461538461538461,3.1538461538461537
TFT17_Ornn,TFT17_AnimaSquadItem_Tier2_RadiantField,20,0.8,2.35
TFT17_Ornn,TFT_Item_InfinityEdge,15,0.7333333333333333,3.7333333333333334
TFT17_Ornn,TFT17_AnimaSquadItem_Tier2_LionessLament,26,0.6923076923076923,3.0
TFT17_Ornn,TFT_Item_Artifact_TheIndomitable,277,0.6606498194945848,3.6389891696750905
TFT17_Ornn,TFT5_Item_WarmogsArmorRadiant,185,0.6432432432432432,3.810810810810811
TFT17_Ornn,TFTEvent5YR_Item_SevikasJinxedArm,8,0.625,4.25
TFT17_Ornn,TFT17_Item_AssassinTraitEmblemItem,13,0.6153846153846154,4.384615384615385
TFT17_Ornn,TFT_Item_Artifact_AegisOfDawn,191,0.612565445026178,4.057591623036649
TFT17_Ornn,TFT5_Item_BrambleVestRadiant,18,0.6111111111111112,3.888888888888889
TFT17_Ornn,TFTEvent5YR_Item_GlacialMallet,5,0.6,5.0
TFT17_Ornn,TFT_Item_JeweledGauntlet,10,0.6,4.8
TFT17_Ornn,TFT7_Item_ShimmerscaleMogulsMail,265,0.5962264150943396,4.079245283018868
TFT17_Ornn,TFT17_Item_HPTankEmblemItem,300,0.5933333333333334,3.993333333333333
TFT17_Ornn,TFT_Item_ForceOfNature,12,0.5833333333333334,4.416666666666667
TFT17_Ornn,TFT17_Item_ShieldTankEmblemItem,427,0.5807962529274004,4.030444964871195
TFT17_Ornn,TFT5_Item_NightHarvesterRadiant,19,0.5789473684210527,4.473684210526316
TFT17_Ornn,TFT5_Item_RedemptionRadiant,68,0.5735294117647058,4.573529411764706
TFT17_Ornn,TFT17_AnimaSquadItem_Tier2_IceblastArmor,28,0.5714285714285714,3.9285714285714284
TFT17_Ornn,TFT4_Item_OrnnDeathsDefiance,7,0.5714285714285714,3.857142857142857
TFT17_Ornn,TFT_Item_Artifact_SilvermereDawn,119,0.5714285714285714,4.294117647058823
TFT17_Ornn,TFT_Item_WarmogsArmor,10546,0.5708325431443201,4.136355016119856
TFT17_Ornn,TFT5_Item_DragonsClawRadiant,16,0.5625,3.9375
TFT17_Ornn,TFT_Item_BrambleVest,2742,0.550692924872356,4.239606126914661
TFT17_Ornn,TFT_Item_StatikkShiv,22,0.5454545454545454,4.590909090909091
TFT17_Ornn,TFT_Item_NightHarvester,2963,0.5410057374282822,4.2696591292608845
TFT17_Ornn,TFT_Item_GargoyleStoneplate,13773,0.5401873230233065,4.276628185580484
TFT17_Ornn,TFT17_AnimaSquadItem_Tier1_TentacleSlam,63,0.5396825396825397,4.079365079365079
TFT17_Ornn,TFT17_Item_DRXEmblemItem,102,0.5392156862745098,4.421568627450981
TFT17_Ornn,TFT_Item_DragonsClaw,2065,0.5302663438256658,4.308474576271187
TFT17_Ornn,TFT_Item_Redemption,7409,0.5266567687947091,4.343501147253341
TFT17_Ornn,TFT9_Item_OrnnHullbreaker,128,0.5234375,4.3046875
TFT17_Ornn,TFT_Item_Artifact_LightshieldCrest,241,0.5228215767634855,4.398340248962656
TFT17_Ornn,TFT5_Item_GargoyleStoneplateRadiant,175,0.52,4.497142857142857
TFT17_Ornn,TFT_Item_Bloodthirster,70,0.5142857142857142,4.514285714285714
TFT17_Ornn,TFT17_Item_PrimordianEmblemItem,107,0.514018691588785,4.383177570093458
TFT17_Ornn,TFT_Item_IonicSpark,812,0.5123152709359606,4.390394088669951
TFT17_Ornn,TFT_Item_Crownguard,2001,0.5122438780609695,4.4122938530734634
TFT17_Ornn,TFT17_Item_Artifact_SorakaArtifact,391,0.5012787723785166,4.4731457800511505
TFT17_Ornn,TFT17_Item_PulsefireEmblemItem,98,0.5,4.448979591836735
TFT17_Ornn,TFT_Item_HextechGunblade,16,0.5,4.625
TFT17_Ornn,TFT_Item_FrozenHeart,2334,0.49828620394173095,4.5167095115681235
TFT17_Ornn,TFT_Item_SteraksGage,215,0.49767441860465117,4.562790697674418
TFT17_Ornn,TFT17_EkkoOffering_AnomalyItem,1040,0.49615384615384617,4.443269230769231
TFT17_Ornn,TFT17_Item_FlexTraitEmblemItem,51,0.49019607843137253,4.352941176470588
TFT17_Ornn,TFT17_Item_Artifact_ThreshLantern,217,0.48847926267281105,4.493087557603687
TFT17_Ornn,TFT17_AnimaSquadItem_Tier0_ClunkyPrototype,84,0.4880952380952381,4.619047619047619
TFT17_Ornn,TFT_Item_Artifact_TalismanOfAscension,29,0.4827586206896552,4.689655172413793
TFT17_Ornn,TFT17_Item_StargazerEmblemItem,244,0.47950819672131145,4.713114754098361
TFT17_Ornn,TFT17_Item_DarkStarEmblemItem,19,0.47368421052631576,4.526315789473684
TFT17_Ornn,TFT5_Item_FrozenHeartRadiant,19,0.47368421052631576,5.105263157894737
TFT17_Ornn,TFT_Item_Artifact_AegisOfDusk,109,0.46788990825688076,4.761467889908257
TFT17_Ornn,TFT_Item_Artifact_VoidGauntlet,118,0.4576271186440678,4.737288135593221
TFT17_Ornn,TFT_Item_BlueBuff,11,0.45454545454545453,4.909090909090909
TFT17_Ornn,TFT17_Item_FavoredEmblemItem,108,0.4537037037037037,4.768518518518518
TFT17_Ornn,TFT_Item_RedBuff,3370,0.4513353115727003,4.686350148367953
TFT17_Ornn,TFT17_Item_AnimaSquadEmblemItem,100,0.45,4.86
TFT17_Ornn,TFT_Item_SpectralGauntlet,804,0.4490049751243781,4.680348258706467
TFT17_Ornn,TFT17_AnimaSquadItem_Tier0_LeakyPrototype,18,0.4444444444444444,4.5
TFT17_Ornn,TFT17_Item_PsyOpsEmblemItem,63,0.4444444444444444,4.634920634920635
TFT17_Ornn,TFT_Item_RunaansHurricane,18,0.4444444444444444,5.0
TFT17_Ornn,TFT_Item_Morellonomicon,57,0.43859649122807015,4.824561403508772
TFT17_Ornn,TFT_Item_AdaptiveHelm,1228,0.43485342019543977,4.848534201954397
TFT17_Ornn,TFT17_AnimaSquadItem_Tier1_SavageSlicer,7,0.42857142857142855,4.857142857142857
TFT17_Ornn,TFT5_Item_CrownguardRadiant,14,0.42857142857142855,4.642857142857143
TFT17_Ornn,TFT_Item_ThiefsGloves,225,0.4177777777777778,5.04
TFT17_Ornn,TFT_Item_RabadonsDeathcap,24,0.4166666666666667,4.875
TFT17_Ornn,TFT17_Item_PsyOps_GrenadeMod,29,0.41379310344827586,5.0
TFT17_Ornn,TFT_Item_ChainVest,336,0.4107142857142857,4.907738095238095
TFT17_Ornn,TFT_Item_BFSword,37,0.40540540540540543,4.891891891891892
TFT17_Ornn,TFT5_Item_AdaptiveHelmRadiant,5,0.4,5.6
TFT17_Ornn,TFT_Item_MadredsBloodrazor,15,0.4,4.533333333333333
TFT17_Ornn,TFT_Item_NegatronCloak,300,0.39666666666666667,5.153333333333333
TFT17_Ornn,TFT17_Item_SummonTraitEmblemItem,43,0.3953488372093023,5.023255813953488
TFT17_Ornn,TFT_Item_TitansResolve,61,0.39344262295081966,4.934426229508197
TFT17_Ornn,TFT_Item_NeedlesslyLargeRod,95,0.3894736842105263,4.957894736842105
TFT17_Ornn,TFT_Item_UnstableConcoction,18,0.3888888888888889,5.388888888888889
TFT17_Ornn,TFT_Item_TearOfTheGoddess,129,0.3875968992248062,5.124031007751938
TFT17_Ornn,TFT_Item_PowerGauntlet,21,0.38095238095238093,4.761904761904762
TFT17_Ornn,TFT4_Item_OrnnInfinityForce,8,0.375,4.75
TFT17_Ornn,TFT_Item_Deathblade,19,0.3684210526315789,5.631578947368421
TFT17_Ornn,TFT_Item_GuinsoosRageblade,25,0.36,5.32
TFT17_Ornn,TFT_Item_LastWhisper,14,0.35714285714285715,5.357142857142857
TFT17_Ornn,TFT17_Item_AstronautEmblemItem,105,0.34285714285714286,5.257142857142857
TFT17_Ornn,TFT_Item_GiantsBelt,363,0.3415977961432507,5.352617079889807
TFT17_Ornn,TFT17_Item_MeleeTraitEmblemItem,12,0.3333333333333333,5.083333333333333
TFT17_Ornn,TFT_Item_Artifact_SeekersArmguard,6,0.3333333333333333,5.333333333333333
TFT17_Ornn,TFT_Item_SparringGloves,84,0.3333333333333333,5.166666666666667
TFT17_Ornn,TFT_Item_Spatula,9,0.3333333333333333,5.444444444444445
TFT17_Ornn,TFT_Item_GuardianAngel,19,0.3157894736842105,5.421052631578948
TFT17_Ornn,TFT5_Item_SunfireCapeRadiant,13,0.3076923076923077,5.923076923076923
TFT17_Ornn,TFT_Item_ArchangelsStaff,23,0.30434782608695654,5.434782608695652
TFT17_Ornn,TFT17_Item_ASTraitEmblemItem,35,0.2857142857142857,5.371428571428571
TFT17_Ornn,TFT_Item_RapidFireCannon,21,0.2857142857142857,5.190476190476191
TFT17_Ornn,TFT_Item_RecurveBow,52,0.2692307692307692,5.673076923076923
TFT17_Ornn,TFT_Item_Leviathan,15,0.26666666666666666,5.533333333333333
TFT17_Ornn,TFT_Item_Quicksilver,29,0.2413793103448276,5.655172413793103
TFT17_Ornn,TFT17_AnimaSquadItem_Tier1_GuidingHex,5,0.2,6.0
TFT17_Ornn,TFT17_Item_RangedTraitEmblemItem,5,0.2,6.2
TFT17_Ornn,TFTEvent5YR_Item_ShimmerscaleCrownOfChampions,7,0.14285714285714285,5.857142857142857
TFT17_Ornn,TFT9_Item_CrownOfDemacia,9,0.1111111111111111,6.333333333333333
TFT17_Ornn,TFT_Item_SpearOfShojin,12,0.08333333333333333,6.0
TFT17_PVE_ElderDragon,TFT_Item_DragonsClaw,6,1.0,2.1666666666666665
TFT17_Pantheon,TFT_Item_EmptyBag,62,0.9032258064516129,1.6935483870967742
TFT17_Pantheon,TFT5_Item_SunfireCapeRadiant,6,0.8333333333333334,3.6666666666666665
TFT17_Pantheon,TFT_Item_Artifact_TitanicHydra,11,0.8181818181818182,3.4545454545454546
TFT17_Pantheon,TFT4_Item_OrnnDeathsDefiance,9,0.7777777777777778,3.2222222222222223
TFT17_Pantheon,TFT_Item_ForceOfNature,28,0.7142857142857143,3.0714285714285716
TFT17_Pantheon,TFT5_Item_RedemptionRadiant,9,0.6666666666666666,4.333333333333333
TFT17_Pantheon,TFTEvent5YR_Item_LavenderCrown,9,0.6666666666666666,3.888888888888889
TFT17_Pantheon,TFT_Item_TacticiansRing,17,0.6470588235294118,4.294117647058823
TFT17_Pantheon,TFT5_Item_WarmogsArmorRadiant,45,0.6222222222222222,3.8666666666666667
TFT17_Pantheon,TFT_Item_Artifact_SilvermereDawn,45,0.6222222222222222,3.933333333333333
TFT17_Pantheon,TFT_Item_NightHarvester,1453,0.6070199587061252,3.976600137646249
TFT17_Pantheon,TFT17_Item_StargazerEmblemItem,2521,0.6061086870289568,3.933359777865926
TFT17_Pantheon,TFT5_Item_DragonsClawRadiant,5,0.6,5.4
TFT17_Pantheon,TFT5_Item_IonicSparkRadiant,5,0.6,3.8
TFT17_Pantheon,TFTEvent5YR_Item_SevikasJinxedArm,5,0.6,4.8
TFT17_Pantheon,TFT_Item_Artifact_ProwlersClaw,5,0.6,4.4
TFT17_Pantheon,TFT_Item_BrambleVest,1596,0.5921052631578947,4.075814536340852
TFT17_Pantheon,TFT_Item_Artifact_LightshieldCrest,81,0.5802469135802469,4.345679012345679
TFT17_Pantheon,TFT_Item_Artifact_HellfireHatchet,7,0.5714285714285714,3.857142857142857
TFT17_Pantheon,TFT17_Item_Artifact_ThreshLantern,119,0.5630252100840336,4.352941176470588
TFT17_Pantheon,TFT17_Item_FlexTraitEmblemItem,82,0.5609756097560976,4.134146341463414
TFT17_Pantheon,TFT5_Item_FrozenHeartRadiant,9,0.5555555555555556,4.222222222222222
TFT17_Pantheon,TFT_Item_WarmogsArmor,2543,0.5517105780574125,4.301219032638616
TFT17_Pantheon,TFT_Item_Redemption,2284,0.5490367775831874,4.273204903677758
TFT17_Pantheon,TFT_Item_Bloodthirster,196,0.5459183673469388,4.331632653061225
TFT17_Pantheon,TFT_Item_Artifact_TalismanOfAscension,11,0.5454545454545454,4.363636363636363
TFT17_Pantheon,TFT_Item_DragonsClaw,1372,0.5451895043731778,4.317784256559767
TFT17_Pantheon,TFT_Item_Crownguard,1986,0.5392749244712991,4.267875125881168
TFT17_Pantheon,TFT_Item_FrozenHeart,2701,0.5309144761199556,4.356904850055535
TFT17_Pantheon,TFT_Item_AdaptiveHelm,1813,0.5273028130170987,4.386651958080529
TFT17_Pantheon,TFT17_Item_Artifact_SorakaArtifact,131,0.5267175572519084,4.366412213740458
TFT17_Pantheon,TFT17_Item_PsyOps_GrenadeMod,261,0.524904214559387,4.417624521072797
TFT17_Pantheon,TFT_Item_GuardianAngel,86,0.5232558139534884,4.3604651162790695
TFT17_Pantheon,TFT_Item_RapidFireCannon,117,0.5213675213675214,4.555555555555555
TFT17_Pantheon,TFT_Item_Artifact_TheIndomitable,116,0.5172413793103449,4.422413793103448
TFT17_Pantheon,TFT_Item_GargoyleStoneplate,3296,0.5133495145631068,4.422936893203883
TFT17_Pantheon,TFT7_Item_ShimmerscaleMogulsMail,76,0.5131578947368421,4.184210526315789
TFT17_Pantheon,TFT_Item_IonicSpark,1617,0.5120593692022264,4.380952380952381
TFT17_Pantheon,TFT9_Item_OrnnHullbreaker,55,0.509090909090909,4.472727272727273
TFT17_Pantheon,TFT_Item_SteraksGage,462,0.5086580086580087,4.474025974025974
TFT17_Pantheon,TFT_Item_Leviathan,77,0.5064935064935064,4.7272727272727275
TFT17_Pantheon,TFT17_Item_PsyOps_SympatheticImplantMod,8,0.5,4.875
TFT17_Pantheon,TFT_Item_RedBuff,2546,0.49410840534171246,4.487824037706206
TFT17_Pantheon,TFT_Item_SpearOfShojin,75,0.49333333333333335,4.4
TFT17_Pantheon,TFT_Item_RunaansHurricane,63,0.49206349206349204,4.619047619047619
TFT17_Pantheon,TFT17_EkkoOffering_AnomalyItem,342,0.4853801169590643,4.605263157894737
TFT17_Pantheon,TFT_Item_Deathblade,97,0.4845360824742268,4.701030927835052
TFT17_Pantheon,TFT17_Item_PsyOpsEmblemItem,60,0.48333333333333334,4.683333333333334
TFT17_Pantheon,TFT_Item_Artifact_AegisOfDusk,56,0.48214285714285715,4.517857142857143
TFT17_Pantheon,TFT_Item_NegatronCloak,275,0.48,4.792727272727273
TFT17_Pantheon,TFT17_Item_ResistTankEmblemItem,176,0.4772727272727273,4.767045454545454
TFT17_Pantheon,TFT17_Item_DRXEmblemItem,137,0.4744525547445255,4.7299270072992705
TFT17_Pantheon,TFT_Item_GuinsoosRageblade,85,0.47058823529411764,4.517647058823529
TFT17_Pantheon,TFT17_AnimaSquadItem_Tier1_TentacleSlam,15,0.4666666666666667,4.4
TFT17_Pantheon,TFT_Item_ThiefsGloves,1336,0.4655688622754491,4.593562874251497
TFT17_Pantheon,TFT_Item_Artifact_VoidGauntlet,50,0.46,4.36
TFT17_Pantheon,TFT17_Item_DarkStarEmblemItem,441,0.4580498866213152,4.6893424036281175
TFT17_Pantheon,TFT_Item_MadredsBloodrazor,86,0.45348837209302323,4.523255813953488
TFT17_Pantheon,TFT_Item_InfinityEdge,56,0.44642857142857145,4.982142857142857
TFT17_Pantheon,TFT_Item_UnstableConcoction,90,0.4444444444444444,4.855555555555555
TFT17_Pantheon,TFT_Item_Morellonomicon,113,0.4424778761061947,4.743362831858407
TFT17_Pantheon,TFT_Item_RecurveBow,25,0.44,5.4
TFT17_Pantheon,TFT_Item_NeedlesslyLargeRod,64,0.4375,4.671875
TFT17_Pantheon,TFT_Item_StatikkShiv,94,0.43617021276595747,4.872340425531915
TFT17_Pantheon,TFT_Item_LastWhisper,92,0.43478260869565216,4.8478260869565215
TFT17_Pantheon,TFT17_Item_SpaceGrooveEmblemItem,205,0.43414634146341463,4.6536585365853655
TFT17_Pantheon,TFT_Item_GiantsBelt,391,0.4322250639386189,4.918158567774936
TFT17_Pantheon,TFT_Item_TitansResolve,135,0.42962962962962964,4.888888888888889
TFT17_Pantheon,TFT_Item_PowerGauntlet,123,0.4146341463414634,4.666666666666667
TFT17_Pantheon,TFT17_Item_AssassinTraitEmblemItem,29,0.41379310344827586,5.137931034482759
TFT17_Pantheon,TFT_Item_ChainVest,322,0.41304347826086957,4.925465838509317
TFT17_Pantheon,TFT_Item_SpectralGauntlet,758,0.40897097625329815,4.91424802110818
TFT17_Pantheon,TFT17_Item_PrimordianEmblemItem,103,0.4077669902912621,5.048543689320389
TFT17_Pantheon,TFT_Item_RabadonsDeathcap,74,0.40540540540540543,5.0
TFT17_Pantheon,TFT4_Item_OrnnInfinityForce,10,0.4,4.2
TFT17_Pantheon,TFT5_Item_BrambleVestRadiant,10,0.4,5.5
TFT17_Pantheon,TFT5_Item_GargoyleStoneplateRadiant,15,0.4,4.866666666666666
TFT17_Pantheon,TFT_Item_HextechGunblade,70,0.4,5.0285714285714285
TFT17_Pantheon,TFT_Item_ArchangelsStaff,78,0.3974358974358974,4.987179487179487
TFT17_Pantheon,TFT_Item_SparringGloves,38,0.39473684210526316,5.0
TFT17_Pantheon,TFT_Item_BlueBuff,81,0.38271604938271603,4.827160493827161
TFT17_Pantheon,TFT17_Item_MeleeTraitEmblemItem,42,0.38095238095238093,5.071428571428571
TFT17_Pantheon,TFT5_Item_ThiefsGlovesRadiant,21,0.38095238095238093,5.428571428571429
TFT17_Pantheon,TFT_Item_TearOfTheGoddess,109,0.3761467889908257,5.339449541284404
TFT17_Pantheon,TFT_Item_JeweledGauntlet,48,0.375,5.083333333333333
TFT17_Pantheon,TFT_Item_Quicksilver,105,0.37142857142857144,5.114285714285714
TFT17_Pantheon,TFT17_Item_ShieldTankEmblemItem,111,0.36936936936936937,5.0
TFT17_Pantheon,TFT17_Item_FavoredEmblemItem,55,0.36363636363636365,5.254545454545455
TFT17_Pantheon,TFT17_Item_SummonTraitEmblemItem,55,0.36363636363636365,5.345454545454546
TFT17_Pantheon,TFT17_Item_AnimaSquadEmblemItem,102,0.3431372549019608,5.46078431372549
TFT17_Pantheon,TFT_Item_BFSword,51,0.3137254901960784,5.333333333333333
TFT17_Pantheon,TFT_Item_Artifact_AegisOfDawn,48,0.3125,5.0
TFT17_Pantheon,TFT17_Item_AstronautEmblemItem,100,0.28,5.59
TFT17_Pantheon,TFT17_AnimaSquadItem_Tier0_ClunkyPrototype,21,0.23809523809523808,5.9523809523809526
TFT17_Pantheon,TFT17_Item_ASTraitEmblemItem,15,0.2,5.466666666666667
TFT17_Pantheon,TFT_Item_Spatula,5,0.2,5.2
TFT17_Pantheon,TFT17_Item_RangedTraitEmblemItem,11,0.18181818181818182,6.0
TFT17_Poppy,TFT_Item_EmptyBag,37,0.918918918918919,1.5405405405405406
TFT17_Poppy,TFT_Item_Artifact_Fishbones,7,0.8571428571428571,3.5714285714285716
TFT17_Poppy,TFT_Item_Artifact_LudensTempest,6,0.8333333333333334,3.3333333333333335
TFT17_Poppy,TFT17_AnimaSquadItem_Tier1_SavageSlicer,5,0.8,3.0
TFT17_Poppy,TFT_Item_ForceOfNature,13,0.7692307692307693,3.076923076923077
TFT17_Poppy,TFT_Item_SparringGloves,35,0.7142857142857143,3.657142857142857
TFT17_Poppy,TFT17_Item_PsyOps_GrenadeMod,20,0.7,3.2
TFT17_Poppy,TFT17_Item_ASTraitEmblemItem,20,0.65,3.95
TFT17_Poppy,TFT_Item_TacticiansRing,17,0.6470588235294118,3.3529411764705883
TFT17_Poppy,TFT_Item_GuardianAngel,58,0.6206896551724138,4.379310344827586
TFT17_Poppy,TFT17_AnimaSquadItem_Tier1_TentacleSlam,21,0.6190476190476191,3.761904761904762
TFT17_Poppy,TFT_Item_Leviathan,41,0.6097560975609756,3.7804878048780486
TFT17_Poppy,TFT5_Item_GargoyleStoneplateRadiant,5,0.6,4.4
TFT17_Poppy,TFT9_Item_OrnnHullbreaker,5,0.6,3.6
TFT17_Poppy,TFT_Item_Artifact_TitanicHydra,5,0.6,3.2
TFT17_Poppy,TFT_Item_NightHarvester,481,0.5883575883575883,4.0602910602910605
TFT17_Poppy,TFT17_AnimaSquadItem_Tier0_ClunkyPrototype,34,0.5882352941176471,4.176470588235294
TFT17_Poppy,TFT_Item_Crownguard,705,0.5872340425531914,4.0638297872340425
TFT17_Poppy,TFT_Item_IonicSpark,416,0.5769230769230769,4.045673076923077
TFT17_Poppy,TFT_Item_AdaptiveHelm,593,0.5750421585160203,4.12141652613828
TFT17_Poppy,TFTEvent5YR_Item_SevikasJinxedArm,7,0.5714285714285714,3.857142857142857
TFT17_Poppy,TFT17_Item_Artifact_ThreshLantern,44,0.5681818181818182,4.0
TFT17_Poppy,TFT_Item_TearOfTheGoddess,127,0.5669291338582677,4.196850393700787
TFT17_Poppy,TFT_Item_FrozenHeart,950,0.5652631578947368,4.173684210526316
TFT17_Poppy,TFT7_Item_ShimmerscaleMogulsMail,23,0.5652173913043478,4.521739130434782
TFT17_Poppy,TFT17_Item_HPTankEmblemItem,41,0.5609756097560976,4.146341463414634
TFT17_Poppy,TFT17_Item_FlexTraitEmblemItem,250,0.56,4.176
TFT17_Poppy,TFT17_Item_MeleeTraitEmblemItem,9,0.5555555555555556,4.0
TFT17_Poppy,TFT5_Item_ThiefsGlovesRadiant,9,0.5555555555555556,3.4444444444444446
TFT17_Poppy,TFT_Item_ThiefsGloves,728,0.554945054945055,4.200549450549451
TFT17_Poppy,TFT17_Item_DRXEmblemItem,49,0.5510204081632653,4.469387755102041
TFT17_Poppy,TFT_Item_MadredsBloodrazor,335,0.5492537313432836,4.349253731343284
TFT17_Poppy,TFT_Item_JeweledGauntlet,31,0.5483870967741935,4.225806451612903
TFT17_Poppy,TFT17_Item_PrimordianEmblemItem,73,0.547945205479452,4.287671232876712
TFT17_Poppy,TFT_Item_Bloodthirster,84,0.5476190476190477,4.380952380952381
TFT17_Poppy,TFT_Item_Redemption,839,0.5470798569725864,4.289630512514899
TFT17_Poppy,TFT_Item_BrambleVest,472,0.5466101694915254,4.317796610169491
TFT17_Poppy,TFT_Item_WarmogsArmor,924,0.5443722943722944,4.185064935064935
TFT17_Poppy,TFT_Item_SteraksGage,179,0.5418994413407822,4.374301675977653
TFT17_Poppy,TFT_Item_SpectralGauntlet,684,0.5380116959064327,4.285087719298246
TFT17_Poppy,TFT_Item_RunaansHurricane,54,0.5370370370370371,4.074074074074074
TFT17_Poppy,TFT_Item_RabadonsDeathcap,41,0.5365853658536586,4.170731707317073
TFT17_Poppy,TFT_Item_Morellonomicon,32,0.53125,4.375
TFT17_Poppy,TFT_Item_TitansResolve,61,0.5245901639344263,4.311475409836065
TFT17_Poppy,TFT_Item_Quicksilver,63,0.5238095238095238,4.380952380952381
TFT17_Poppy,TFT_Item_DragonsClaw,439,0.5216400911161732,4.357630979498861
TFT17_Poppy,TFT_Item_Deathblade,139,0.5179856115107914,4.287769784172662
TFT17_Poppy,TFT_Item_RedBuff,1398,0.5171673819742489,4.367668097281832
TFT17_Poppy,TFT_Item_SpearOfShojin,162,0.5123456790123457,4.481481481481482
TFT17_Poppy,TFT_Item_BlueBuff,361,0.5096952908587258,4.465373961218837
TFT17_Poppy,TFT_Item_NegatronCloak,283,0.508833922261484,4.469964664310954
TFT17_Poppy,TFT_Item_InfinityEdge,563,0.5026642984014209,4.504440497335701
TFT17_Poppy,TFT17_Item_RangedTraitEmblemItem,10,0.5,4.5
TFT17_Poppy,TFT_Item_NeedlesslyLargeRod,34,0.5,4.4411764705882355
TFT17_Poppy,TFT_Item_UnstableConcoction,57,0.49122807017543857,4.473684210526316
TFT17_Poppy,TFT_Item_PowerGauntlet,126,0.48412698412698413,4.5476190476190474
TFT17_Poppy,TFT17_Item_PulsefireEmblemItem,89,0.48314606741573035,4.52808988764045
TFT17_Poppy,TFT17_Item_SummonTraitEmblemItem,44,0.4772727272727273,4.5
TFT17_Poppy,TFT_Item_HextechGunblade,42,0.47619047619047616,4.404761904761905
TFT17_Poppy,TFT_Item_Artifact_LightshieldCrest,40,0.475,4.525
TFT17_Poppy,TFT_Item_RapidFireCannon,59,0.4745762711864407,4.779661016949152
TFT17_Poppy,TFT_Item_GuinsoosRageblade,135,0.4740740740740741,4.711111111111111
TFT17_Poppy,TFT_Item_StatikkShiv,45,0.4666666666666667,4.688888888888889
TFT17_Poppy,TFT17_Item_AssassinTraitEmblemItem,13,0.46153846153846156,4.461538461538462
TFT17_Poppy,TFT17_Item_PsyOpsEmblemItem,37,0.4594594594594595,4.405405405405405
TFT17_Poppy,TFT_Item_ArchangelsStaff,37,0.4594594594594595,4.054054054054054
TFT17_Poppy,TFT_Item_GiantsBelt,355,0.4535211267605634,4.670422535211268
TFT17_Poppy,TFT_Item_ChainVest,281,0.45195729537366547,4.679715302491103
TFT17_Poppy,TFT_Item_GargoyleStoneplate,939,0.45154419595314166,4.762513312034079
TFT17_Poppy,TFT_Item_Artifact_AegisOfDusk,20,0.45,4.95
TFT17_Poppy,TFT17_EkkoOffering_AnomalyItem,114,0.4473684210526316,4.649122807017544
TFT17_Poppy,TFT_Item_BFSword,32,0.4375,5.125
TFT17_Poppy,TFT_Item_RecurveBow,32,0.4375,4.90625
TFT17_Poppy,TFT17_Item_StargazerEmblemItem,46,0.43478260869565216,5.043478260869565
TFT17_Poppy,TFT17_Item_SpaceGrooveEmblemItem,45,0.4222222222222222,4.711111111111111
TFT17_Poppy,TFT17_Item_FavoredEmblemItem,69,0.42028985507246375,4.753623188405797
TFT17_Poppy,TFT17_Item_AnimaSquadEmblemItem,98,0.40816326530612246,4.877551020408164
TFT17_Poppy,TFT17_Item_DarkStarEmblemItem,5,0.4,4.6
TFT17_Poppy,TFT9_Item_CrownOfDemacia,5,0.4,5.6
TFT17_Poppy,TFT17_Item_ShieldTankEmblemItem,56,0.39285714285714285,5.160714285714286
TFT17_Poppy,TFT_Item_LastWhisper,71,0.38028169014084506,4.873239436619718
TFT17_Poppy,TFT17_AnimaSquadItem_Tier0_LeakyPrototype,6,0.3333333333333333,5.0
TFT17_Poppy,TFT_Item_Artifact_TheIndomitable,20,0.3,5.9
TFT17_Poppy,TFT17_Item_Artifact_SorakaArtifact,30,0.26666666666666666,5.4
TFT17_Poppy,TFT_Item_Artifact_VoidGauntlet,20,0.25,5.1
TFT17_Poppy,TFT_Item_Artifact_SilvermereDawn,6,0.16666666666666666,6.333333333333333
TFT17_Poppy,TFT_Item_Artifact_AegisOfDawn,13,0.15384615384615385,5.6923076923076925
TFT17_Poppy,TFT_Item_Artifact_TalismanOfAscension,7,0.14285714285714285,6.285714285714286
TFT17_Pyke,TFT_Item_EmptyBag,17,0.8823529411764706,2.0
TFT17_Pyke,TFT_Item_Artifact_TitanicHydra,7,0.8571428571428571,3.4285714285714284
TFT17_Pyke,TFT5_Item_BloodthirsterRadiant,5,0.8,3.0
TFT17_Pyke,TFT_Item_ForceOfNature,20,0.75,3.0
TFT17_Pyke,TFT4_Item_OrnnZhonyasParadox,6,0.6666666666666666,3.5
TFT17_Pyke,TFT_Item_BrambleVest,26,0.6538461538461539,4.269230769230769
TFT17_Pyke,TFT_Item_TacticiansRing,19,0.631578947368421,3.6842105263157894
TFT17_Pyke,TFT_Item_Artifact_Fishbones,8,0.625,4.0
TFT17_Pyke,TFT4_Item_OrnnDeathsDefiance,57,0.6140350877192983,3.9298245614035086
TFT17_Pyke,TFT17_Item_HPTankEmblemItem,49,0.6122448979591837,3.857142857142857
TFT17_Pyke,TFT_Item_RedBuff,53,0.6037735849056604,4.30188679245283
TFT17_Pyke,TFT5_Item_BrambleVestRadiant,5,0.6,4.0
TFT17_Pyke,TFT_Item_SpearOfShojin,119,0.5966386554621849,4.126050420168068
TFT17_Pyke,TFT5_Item_GuardianAngelRadiant,17,0.5882352941176471,4.176470588235294
TFT17_Pyke,TFT17_Item_PsyOps_TargetlockMod_Radiant,592,0.581081081081081,4.101351351351352
TFT17_Pyke,TFT17_Item_ASTraitEmblemItem,50,0.58,4.36
TFT17_Pyke,TFT_Item_IonicSpark,19,0.5789473684210527,4.0
TFT17_Pyke,TFT_Item_Deathblade,670,0.5776119402985075,4.201492537313433
TFT17_Pyke,TFT_Item_Artifact_TheIndomitable,7,0.5714285714285714,3.4285714285714284
TFT17_Pyke,TFT_Item_Artifact_HellfireHatchet,18,0.5555555555555556,4.5
TFT17_Pyke,TFT_Item_FrozenHeart,36,0.5555555555555556,4.194444444444445
TFT17_Pyke,TFT_Item_SpectralGauntlet,42,0.5476190476190477,4.380952380952381
TFT17_Pyke,TFT5_Item_ThiefsGlovesRadiant,24,0.5416666666666666,4.541666666666667
TFT17_Pyke,TFT_Item_NightHarvester,24,0.5416666666666666,4.5
TFT17_Pyke,TFT_Item_LastWhisper,207,0.5410628019323671,4.371980676328502
TFT17_Pyke,TFT17_Item_PsyOps_ChemicalCapacitorMod_Radiant,250,0.536,4.368
TFT17_Pyke,TFT17_Item_StargazerEmblemItem,30,0.5333333333333333,4.266666666666667
TFT17_Pyke,TFT_Item_GuardianAngel,2759,0.5313519391083726,4.424066690830011
TFT17_Pyke,TFT_Item_BlueBuff,81,0.5308641975308642,4.407407407407407
TFT17_Pyke,TFTEvent5YR_Item_SevikasJinxedArm,34,0.5294117647058824,4.264705882352941
TFT17_Pyke,TFT_Item_ThiefsGloves,404,0.5272277227722773,4.410891089108911
TFT17_Pyke,TFT17_Item_PsyOps_SympatheticImplantMod_Radiant,57,0.5263157894736842,4.298245614035087
TFT17_Pyke,TFT_Item_TitansResolve,152,0.5263157894736842,4.493421052631579
TFT17_Pyke,TFT_Item_UnstableConcoction,1151,0.525629887054735,4.378801042571677
TFT17_Pyke,TFT4_Item_OrnnInfinityForce,40,0.525,4.35
TFT17_Pyke,TFT_Item_InfinityEdge,2823,0.5228480340063762,4.44952178533475
TFT17_Pyke,TFT_Item_Quicksilver,254,0.5196850393700787,4.582677165354331
TFT17_Pyke,TFT_Item_Artifact_ProwlersClaw,54,0.5185185185185185,4.333333333333333
TFT17_Pyke,TFT17_Item_AssassinTraitEmblemItem,95,0.5157894736842106,4.505263157894737
TFT17_Pyke,TFTEvent5YR_Item_LavenderCrown,33,0.5151515151515151,4.181818181818182
TFT17_Pyke,TFT5_Item_InfinityEdgeRadiant,45,0.5111111111111111,4.555555555555555
TFT17_Pyke,TFT17_Item_Artifact_YasuoArtifact,22,0.5,4.363636363636363
TFT17_Pyke,TFT17_Item_PsyOps_DroneMod_Radiant,42,0.5,4.785714285714286
TFT17_Pyke,TFT17_Item_ResistTankEmblemItem,14,0.5,4.142857142857143
TFT17_Pyke,TFT5_Item_DeathbladeRadiant,6,0.5,5.0
TFT17_Pyke,TFTEvent5YR_Item_GlacialMallet,10,0.5,4.6
TFT17_Pyke,TFT_Item_Artifact_LudensTempest,16,0.5,4.0625
TFT17_Pyke,TFT_Item_Redemption,18,0.5,4.666666666666667
TFT17_Pyke,TFT_Item_AdaptiveHelm,71,0.49295774647887325,4.338028169014085
TFT17_Pyke,TFT17_Item_PsyOps_ChemicalCapacitorMod,301,0.49169435215946844,4.6843853820598005
TFT17_Pyke,TFT_Item_PowerGauntlet,351,0.48717948717948717,4.566951566951567
TFT17_Pyke,TFT_Item_Bloodthirster,459,0.48366013071895425,4.673202614379085
TFT17_Pyke,TFT17_Item_SummonTraitEmblemItem,60,0.48333333333333334,4.516666666666667
TFT17_Pyke,TFT_Item_SteraksGage,392,0.48214285714285715,4.464285714285714
TFT17_Pyke,TFT_Item_MadredsBloodrazor,527,0.476280834914611,4.626185958254269
TFT17_Pyke,TFT_Item_GiantsBelt,21,0.47619047619047616,4.666666666666667
TFT17_Pyke,TFT_Item_HextechGunblade,97,0.4742268041237113,4.556701030927835
TFT17_Pyke,TFT_Item_DragonsClaw,17,0.47058823529411764,4.411764705882353
TFT17_Pyke,TFT17_Item_PsyOps_TargetlockMod,559,0.46869409660107336,4.726296958855098
TFT17_Pyke,TFT17_Item_MeleeTraitEmblemItem,85,0.4588235294117647,4.752941176470588
TFT17_Pyke,TFTEvent5YR_Item_ShimmerscaleDravensAxe,24,0.4583333333333333,4.666666666666667
TFT17_Pyke,TFT_Item_GargoyleStoneplate,20,0.45,4.95
TFT17_Pyke,TFT5_Item_GiantSlayerRadiant,18,0.4444444444444444,4.555555555555555
TFT17_Pyke,TFT_Item_Morellonomicon,36,0.4444444444444444,4.75
TFT17_Pyke,TFT17_Item_DarkStarEmblemItem,50,0.44,4.48
TFT17_Pyke,TFT17_Item_PsyOps_GrenadeMod_Radiant,25,0.44,4.48
TFT17_Pyke,TFT17_Item_Artifact_EvelynnArtifact,57,0.43859649122807015,4.807017543859649
TFT17_Pyke,TFT_Item_RunaansHurricane,64,0.4375,4.75
TFT17_Pyke,TFT5_Item_HandOfJusticeRadiant,14,0.42857142857142855,4.714285714285714
TFT17_Pyke,TFT_Item_WarmogsArmor,35,0.42857142857142855,4.8
TFT17_Pyke,TFT_Item_RecurveBow,80,0.425,4.875
TFT17_Pyke,TFT_Item_RapidFireCannon,129,0.4186046511627907,5.0
TFT17_Pyke,TFT17_EkkoOffering_AnomalyItem,48,0.4166666666666667,4.895833333333333
TFT17_Pyke,TFT_Item_JeweledGauntlet,29,0.41379310344827586,5.103448275862069
TFT17_Pyke,TFT_Item_StatikkShiv,44,0.4090909090909091,5.2727272727272725
TFT17_Pyke,TFT_Item_SparringGloves,74,0.40540540540540543,5.081081081081081
TFT17_Pyke,TFT_Item_ArchangelsStaff,20,0.4,4.9
TFT17_Pyke,TFT_Item_NeedlesslyLargeRod,15,0.4,5.266666666666667
TFT17_Pyke,TFT_Item_TearOfTheGoddess,40,0.4,5.1
TFT17_Pyke,TFT17_Item_DRXEmblemItem,38,0.39473684210526316,4.868421052631579
TFT17_Pyke,TFT17_Item_AstronautEmblemItem,41,0.3902439024390244,5.146341463414634
TFT17_Pyke,TFT17_Item_AnimaSquadEmblemItem,13,0.38461538461538464,5.769230769230769
TFT17_Pyke,TFT_Item_BFSword,136,0.38235294117647056,5.051470588235294
TFT17_Pyke,TFT17_Item_SpaceGrooveEmblemItem,21,0.38095238095238093,5.238095238095238
TFT17_Pyke,TFT17_Item_PulsefireEmblemItem,29,0.3793103448275862,4.793103448275862
TFT17_Pyke,TFT_Item_RabadonsDeathcap,29,0.3793103448275862,5.137931034482759
TFT17_Pyke,TFT17_Item_PsyOps_SympatheticImplantMod,125,0.376,5.016
TFT17_Pyke,TFT_Item_GuinsoosRageblade,104,0.375,5.076923076923077
TFT17_Pyke,TFT_Item_Leviathan,48,0.375,5.083333333333333
TFT17_Pyke,TFT17_Item_PsyOps_DroneMod,135,0.37037037037037035,5.214814814814815
TFT17_Pyke,TFT17_Item_PsyOps_GrenadeMod,14,0.35714285714285715,5.285714285714286
TFT17_Pyke,TFT4_Item_OrnnTheCollector,31,0.3548387096774194,5.032258064516129
TFT17_Pyke,TFT_Item_Artifact_RapidFirecannon,6,0.3333333333333333,5.0
TFT17_Pyke,TFT_Item_Crownguard,24,0.3333333333333333,4.833333333333333
TFT17_Pyke,TFT17_Item_ShieldTankEmblemItem,22,0.3181818181818182,5.2727272727272725
TFT17_Pyke,TFT17_Item_RangedTraitEmblemItem,19,0.3157894736842105,5.842105263157895
TFT17_Pyke,TFT_Item_Artifact_SeekersArmguard,7,0.2857142857142857,5.142857142857143
TFT17_Pyke,TFT_Item_Artifact_Mittens,15,0.26666666666666666,5.466666666666667
TFT17_Pyke,TFT17_Item_FavoredEmblemItem,28,0.25,5.714285714285714
TFT17_Pyke,TFT_Item_NegatronCloak,16,0.25,5.4375
TFT17_Pyke,TFT5_Item_TrapClawRadiant,5,0.2,5.6
TFT17_Pyke,TFT17_Item_PrimordianEmblemItem,6,0.16666666666666666,5.833333333333333
TFT17_Pyke,TFT_Item_Artifact_SilvermereDawn,6,0.16666666666666666,5.833333333333333
TFT17_Pyke,TFT_Item_ChainVest,18,0.16666666666666666,6.0
TFT17_Pyke,TFT17_AnimaSquadItem_Tier1_SavageSlicer,7,0.14285714285714285,6.0
TFT17_Pyke,TFT17_AnimaSquadItem_Tier0_SparkingPrototype,8,0.125,6.375
TFT17_Rammus,TFT_Item_InfinityEdge,24,0.75,3.25
TFT17_Rammus,TFT_Item_EmptyBag,27,0.7407407407407407,2.3703703703703702
TFT17_Rammus,TFT17_AnimaSquadItem_Tier2_IceblastArmor,185,0.7243243243243244,3.108108108108108
TFT17_Rammus,TFT17_AnimaSquadItem_Tier2_RadiantField,183,0.7213114754098361,3.185792349726776
TFT17_Rammus,TFT5_Item_DragonsClawRadiant,10,0.7,3.5
TFT17_Rammus,TFT_Item_Deathblade,30,0.6666666666666666,4.2
TFT17_Rammus,TFT17_AnimaSquadItem_Tier2_LionessLament,159,0.660377358490566,3.647798742138365
TFT17_Rammus,TFT4_Item_OrnnDeathsDefiance,8,0.625,3.75
TFT17_Rammus,TFT5_Item_WarmogsArmorRadiant,72,0.625,3.888888888888889
TFT17_Rammus,TFT_Item_ForceOfNature,8,0.625,4.125
TFT17_Rammus,TFT5_Item_SpectralGauntletRadiant,15,0.6,3.8666666666666667
TFT17_Rammus,TFTEvent5YR_Item_LavenderCrown,5,0.6,4.0
TFT17_Rammus,TFT_Item_Artifact_SilvermereDawn,149,0.5973154362416108,4.0
TFT17_Rammus,TFT_Item_Leviathan,22,0.5909090909090909,4.2727272727272725
TFT17_Rammus,TFT_Item_Artifact_LightshieldCrest,677,0.5790251107828656,4.088626292466765
TFT17_Rammus,TFT9_Item_OrnnHullbreaker,258,0.5775193798449613,4.189922480620155
TFT17_Rammus,TFT_Item_BrambleVest,9248,0.5727724913494809,4.192365916955017
TFT17_Rammus,TFT5_Item_NightHarvesterRadiant,16,0.5625,4.3125
TFT17_Rammus,TFT_Item_Artifact_AegisOfDawn,546,0.5604395604395604,4.2344322344322345
TFT17_Rammus,TFT_Item_NightHarvester,4979,0.5575416750351476,4.237798754770034
TFT17_Rammus,TFTEvent5YR_Item_SevikasJinxedArm,9,0.5555555555555556,4.111111111111111
TFT17_Rammus,TFT_Item_Artifact_TalismanOfAscension,18,0.5555555555555556,4.666666666666667
TFT17_Rammus,TFT_Item_Crownguard,16857,0.5470131102805956,4.29477368452275
TFT17_Rammus,TFT_Item_Artifact_VoidGauntlet,235,0.5446808510638298,4.4
TFT17_Rammus,TFT17_Item_Artifact_SorakaArtifact,942,0.5445859872611465,4.36624203821656
TFT17_Rammus,TFT_Item_FrozenHeart,18389,0.5445103050736854,4.332372614062755
TFT17_Rammus,TFT_Item_GargoyleStoneplate,22200,0.5442792792792793,4.319504504504504
TFT17_Rammus,TFT_Item_JeweledGauntlet,35,0.5428571428571428,4.4
TFT17_Rammus,TFT_Item_Artifact_TheIndomitable,619,0.5379644588045234,4.355411954765751
TFT17_Rammus,TFT5_Item_GargoyleStoneplateRadiant,106,0.5377358490566038,4.330188679245283
TFT17_Rammus,TFT_Item_DragonsClaw,4376,0.5372486288848263,4.361060329067642
TFT17_Rammus,TFT5_Item_RedemptionRadiant,32,0.53125,4.125
TFT17_Rammus,TFT_Item_WarmogsArmor,10546,0.5287312725203869,4.4028067513749285
TFT17_Rammus,TFT17_Item_Artifact_ThreshLantern,570,0.5263157894736842,4.447368421052632
TFT17_Rammus,TFT_Item_RapidFireCannon,46,0.5217391304347826,4.217391304347826
TFT17_Rammus,TFT_Item_Redemption,9770,0.5215967246673491,4.4243602865916065
TFT17_Rammus,TFT7_Item_ShimmerscaleMogulsMail,423,0.5200945626477541,4.373522458628842
TFT17_Rammus,TFT_Item_MadredsBloodrazor,39,0.5128205128205128,4.487179487179487
TFT17_Rammus,TFT17_EkkoOffering_AnomalyItem,2689,0.510970621048717,4.460022313127557
TFT17_Rammus,TFT17_Item_HPTankEmblemItem,218,0.5091743119266054,4.591743119266055
TFT17_Rammus,TFT4_Item_OrnnInfinityForce,16,0.5,4.1875
TFT17_Rammus,TFT17_Item_SpaceGrooveEmblemItem,336,0.49404761904761907,4.517857142857143
TFT17_Rammus,TFT_Item_Artifact_AegisOfDusk,220,0.4909090909090909,4.495454545454545
TFT17_Rammus,TFT_Item_RunaansHurricane,35,0.4857142857142857,4.771428571428571
TFT17_Rammus,TFT17_Item_ShieldTankEmblemItem,315,0.48253968253968255,4.587301587301587
TFT17_Rammus,TFT_Item_AdaptiveHelm,6717,0.4820604436504392,4.612029179693315
TFT17_Rammus,TFT_Item_SpectralGauntlet,3608,0.47533259423503327,4.596729490022173
TFT17_Rammus,TFT_Item_IonicSpark,730,0.473972602739726,4.654794520547945
TFT17_Rammus,TFT17_Item_DarkStarEmblemItem,15,0.4666666666666667,5.133333333333334
TFT17_Rammus,TFT_Item_LastWhisper,30,0.4666666666666667,4.5
TFT17_Rammus,TFT_Item_SparringGloves,13,0.46153846153846156,4.846153846153846
TFT17_Rammus,TFT5_Item_SunfireCapeRadiant,22,0.45454545454545453,5.045454545454546
TFT17_Rammus,TFT_Item_StatikkShiv,29,0.4482758620689655,4.931034482758621
TFT17_Rammus,TFT5_Item_AdaptiveHelmRadiant,9,0.4444444444444444,4.222222222222222
TFT17_Rammus,TFT_Item_Artifact_SeekersArmguard,9,0.4444444444444444,4.333333333333333
TFT17_Rammus,TFT_Item_GuardianAngel,45,0.4444444444444444,4.666666666666667
TFT17_Rammus,TFT_Item_RedBuff,5488,0.4378644314868805,4.822704081632653
TFT17_Rammus,TFT_Item_RecurveBow,7,0.42857142857142855,5.0
TFT17_Rammus,TFT_Item_GuinsoosRageblade,40,0.425,4.875
TFT17_Rammus,TFT17_Item_StargazerEmblemItem,500,0.422,4.894
TFT17_Rammus,TFT_Item_ThiefsGloves,575,0.42086956521739133,4.890434782608696
TFT17_Rammus,TFT5_Item_ThiefsGlovesRadiant,12,0.4166666666666667,4.833333333333333
TFT17_Rammus,TFT17_Item_FlexTraitEmblemItem,77,0.4155844155844156,4.87012987012987
TFT17_Rammus,TFT17_AnimaSquadItem_Tier1_TentacleSlam,183,0.41530054644808745,5.0710382513661205
TFT17_Rammus,TFT5_Item_FrozenHeartRadiant,58,0.41379310344827586,4.775862068965517
TFT17_Rammus,TFT5_Item_CrownguardRadiant,17,0.4117647058823529,5.411764705882353
TFT17_Rammus,TFT_Item_HextechGunblade,27,0.4074074074074074,5.37037037037037
TFT17_Rammus,TFT_Item_PowerGauntlet,47,0.40425531914893614,4.829787234042553
TFT17_Rammus,TFT_Item_SteraksGage,465,0.4,5.034408602150537
TFT17_Rammus,TFT_Item_BlueBuff,48,0.3958333333333333,5.291666666666667
TFT17_Rammus,TFT_Item_Bloodthirster,134,0.39552238805970147,4.970149253731344
TFT17_Rammus,TFT5_Item_BrambleVestRadiant,46,0.391304347826087,4.978260869565218
TFT17_Rammus,TFT17_Item_DRXEmblemItem,41,0.34146341463414637,5.463414634146342
TFT17_Rammus,TFT17_Item_PrimordianEmblemItem,100,0.34,5.57
TFT17_Rammus,TFT17_Item_AssassinTraitEmblemItem,6,0.3333333333333333,5.0
TFT17_Rammus,TFT_Item_Quicksilver,48,0.3333333333333333,5.520833333333333
TFT17_Rammus,TFT17_Item_PulsefireEmblemItem,80,0.325,5.275
TFT17_Rammus,TFT17_Item_AnimaSquadEmblemItem,58,0.3103448275862069,5.793103448275862
TFT17_Rammus,TFT17_Item_PsyOps_GrenadeMod,49,0.30612244897959184,5.204081632653061
TFT17_Rammus,TFT_Item_RabadonsDeathcap,36,0.3055555555555556,5.222222222222222
TFT17_Rammus,TFT_Item_TitansResolve,73,0.3013698630136986,5.260273972602739
TFT17_Rammus,TFT17_AnimaSquadItem_Tier2_CyclonicSlicers,10,0.3,5.6
TFT17_Rammus,TFT_Item_UnstableConcoction,44,0.29545454545454547,5.090909090909091
TFT17_Rammus,TFT_Item_ArchangelsStaff,28,0.2857142857142857,5.678571428571429
TFT17_Rammus,TFT_Item_SpearOfShojin,41,0.2682926829268293,5.463414634146342
TFT17_Rammus,TFT17_Item_PsyOpsEmblemItem,44,0.25,5.795454545454546
TFT17_Rammus,TFT_Item_GiantsBelt,272,0.25,5.886029411764706
TFT17_Rammus,TFT_Item_Morellonomicon,85,0.24705882352941178,5.870588235294117
TFT17_Rammus,TFT17_Item_FavoredEmblemItem,37,0.24324324324324326,5.702702702702703
TFT17_Rammus,TFT17_Item_SummonTraitEmblemItem,25,0.24,5.48
TFT17_Rammus,TFT_Item_TearOfTheGoddess,76,0.23684210526315788,5.9605263157894735
TFT17_Rammus,TFT_Item_NegatronCloak,217,0.2350230414746544,5.9953917050691246
TFT17_Rammus,TFT_Item_ChainVest,242,0.21487603305785125,6.107438016528926
TFT17_Rammus,TFT17_AnimaSquadItem_Tier0_ClunkyPrototype,60,0.16666666666666666,6.183333333333334
TFT17_Rammus,TFT_Item_TacticiansRing,6,0.16666666666666666,6.166666666666667
TFT17_Rammus,TFT_Item_NeedlesslyLargeRod,57,0.15789473684210525,6.456140350877193
TFT17_Rammus,TFT_Item_BFSword,7,0.14285714285714285,5.571428571428571
TFT17_Rammus,TFT17_AnimaSquadItem_Tier0_LeakyPrototype,6,0.0,7.166666666666667
TFT17_RekSai,TFT_Item_EmptyBag,11,1.0,1.2727272727272727
TFT17_RekSai,TFT5_Item_ThiefsGlovesRadiant,7,0.7142857142857143,3.5714285714285716
TFT17_RekSai,TFT_Item_ForceOfNature,10,0.7,3.8
TFT17_RekSai,TFT_Item_Artifact_TheIndomitable,61,0.6721311475409836,3.8688524590163933
TFT17_RekSai,TFT17_Item_PsyOps_SympatheticImplantMod,6,0.6666666666666666,3.5
TFT17_RekSai,TFT17_Item_ResistTankEmblemItem,48,0.6666666666666666,4.125
TFT17_RekSai,TFT_Item_RunaansHurricane,20,0.65,4.1
TFT17_RekSai,TFT_Item_Artifact_SilvermereDawn,25,0.64,3.4
TFT17_RekSai,TFT_Item_Leviathan,24,0.625,3.875
TFT17_RekSai,TFT17_Item_PsyOps_GrenadeMod,34,0.6176470588235294,3.9411764705882355
TFT17_RekSai,TFT_Item_Artifact_HorizonFocus,13,0.6153846153846154,4.076923076923077
TFT17_RekSai,TFT9_Item_OrnnHullbreaker,20,0.6,3.9
TFT17_RekSai,TFT_Item_PowerGauntlet,25,0.6,4.24
TFT17_RekSai,TFT_Item_TacticiansRing,10,0.6,4.6
TFT17_RekSai,TFT_Item_Artifact_AegisOfDawn,57,0.5964912280701754,4.245614035087719
TFT17_RekSai,TFT_Item_SpearOfShojin,22,0.5909090909090909,4.2272727272727275
TFT17_RekSai,TFT_Item_StatikkShiv,21,0.5714285714285714,4.285714285714286
TFT17_RekSai,TFT_Item_NightHarvester,590,0.5711864406779661,4.2016949152542376
TFT17_RekSai,TFT_Item_ArchangelsStaff,32,0.5625,4.21875
TFT17_RekSai,TFT_Item_DragonsClaw,374,0.553475935828877,4.323529411764706
TFT17_RekSai,TFT_Item_ThiefsGloves,377,0.5437665782493368,4.318302387267905
TFT17_RekSai,TFT_Item_Quicksilver,35,0.5428571428571428,4.4
TFT17_RekSai,TFT5_Item_WarmogsArmorRadiant,13,0.5384615384615384,3.6923076923076925
TFT17_RekSai,TFT_Item_InfinityEdge,13,0.5384615384615384,4.461538461538462
TFT17_RekSai,TFT_Item_Crownguard,1436,0.5348189415041783,4.394846796657381
TFT17_RekSai,TFT_Item_BrambleVest,794,0.5314861460957179,4.3778337531486144
TFT17_RekSai,TFT_Item_MadredsBloodrazor,17,0.5294117647058824,4.294117647058823
TFT17_RekSai,TFT_Item_GargoyleStoneplate,1598,0.5269086357947435,4.454943679599499
TFT17_RekSai,TFT_Item_WarmogsArmor,1511,0.5234943745863666,4.4215751158173395
TFT17_RekSai,TFT_Item_Artifact_LightshieldCrest,44,0.5227272727272727,4.25
TFT17_RekSai,TFT_Item_AdaptiveHelm,510,0.5215686274509804,4.431372549019608
TFT17_RekSai,TFT_Item_FrozenHeart,1564,0.520460358056266,4.484015345268542
TFT17_RekSai,TFT_Item_SpectralGauntlet,2200,0.5177272727272727,4.462727272727273
TFT17_RekSai,TFT_Item_TitansResolve,31,0.5161290322580645,4.548387096774194
TFT17_RekSai,TFT17_Item_ShieldTankEmblemItem,39,0.5128205128205128,4.538461538461538
TFT17_RekSai,TFT_Item_Redemption,1428,0.5021008403361344,4.535014005602241
TFT17_RekSai,TFT17_AnimaSquadItem_Tier2_IceblastArmor,6,0.5,4.166666666666667
TFT17_RekSai,TFT17_Item_DRXEmblemItem,66,0.5,4.46969696969697
TFT17_RekSai,TFT17_Item_StargazerEmblemItem,20,0.5,4.65
TFT17_RekSai,TFT_Item_BFSword,10,0.5,5.1
TFT17_RekSai,TFT_Item_GuinsoosRageblade,26,0.5,4.576923076923077
TFT17_RekSai,TFT_Item_JeweledGauntlet,22,0.5,4.545454545454546
TFT17_RekSai,TFT_Item_LastWhisper,16,0.5,5.25
TFT17_RekSai,TFT_Item_SteraksGage,140,0.5,4.735714285714286
TFT17_RekSai,TFT17_Item_Artifact_SorakaArtifact,109,0.4954128440366973,4.467889908256881
TFT17_RekSai,TFT_Item_IonicSpark,115,0.48695652173913045,4.234782608695652
TFT17_RekSai,TFT17_EkkoOffering_AnomalyItem,214,0.48598130841121495,4.5233644859813085
TFT17_RekSai,TFT_Item_RedBuff,1685,0.485459940652819,4.603560830860534
TFT17_RekSai,TFT_Item_TearOfTheGoddess,64,0.484375,4.921875
TFT17_RekSai,TFT_Item_Bloodthirster,46,0.4782608695652174,4.5
TFT17_RekSai,TFT17_Item_FavoredEmblemItem,19,0.47368421052631576,5.0
TFT17_RekSai,TFT_Item_Deathblade,19,0.47368421052631576,4.473684210526316
TFT17_RekSai,TFT_Item_Artifact_AegisOfDusk,17,0.47058823529411764,4.470588235294118
TFT17_RekSai,TFT17_Item_PulsefireEmblemItem,15,0.4666666666666667,5.266666666666667
TFT17_RekSai,TFT17_Item_SummonTraitEmblemItem,28,0.4642857142857143,4.928571428571429
TFT17_RekSai,TFT_Item_BlueBuff,26,0.46153846153846156,5.076923076923077
TFT17_RekSai,TFT_Item_GuardianAngel,29,0.4482758620689655,4.758620689655173
TFT17_RekSai,TFT17_Item_PsyOpsEmblemItem,18,0.4444444444444444,4.944444444444445
TFT17_RekSai,TFT_Item_RabadonsDeathcap,27,0.4444444444444444,4.814814814814815
TFT17_RekSai,TFT17_Item_FlexTraitEmblemItem,25,0.44,5.04
TFT17_RekSai,TFT17_Item_DarkStarEmblemItem,16,0.4375,4.5625
TFT17_RekSai,TFT17_Item_Artifact_ThreshLantern,58,0.43103448275862066,4.724137931034483
TFT17_RekSai,TFT5_Item_GargoyleStoneplateRadiant,7,0.42857142857142855,5.428571428571429
TFT17_RekSai,TFT_Item_UnstableConcoction,28,0.42857142857142855,4.464285714285714
TFT17_RekSai,TFT_Item_RapidFireCannon,36,0.4166666666666667,5.0
TFT17_RekSai,TFT7_Item_ShimmerscaleMogulsMail,44,0.4090909090909091,4.613636363636363
TFT17_RekSai,TFT_Item_Morellonomicon,62,0.4032258064516129,4.967741935483871
TFT17_RekSai,TFT17_Item_ASTraitEmblemItem,10,0.4,4.6
TFT17_RekSai,TFT17_Item_PsyOps_DroneMod,5,0.4,4.0
TFT17_RekSai,TFT17_Item_SpaceGrooveEmblemItem,15,0.4,5.266666666666667
TFT17_RekSai,TFT17_Item_AstronautEmblemItem,18,0.3888888888888889,5.333333333333333
TFT17_RekSai,TFT_Item_ChainVest,100,0.37,5.29
TFT17_RekSai,TFT_Item_Artifact_VoidGauntlet,36,0.3611111111111111,4.916666666666667
TFT17_RekSai,TFT17_AnimaSquadItem_Tier1_TentacleSlam,14,0.35714285714285715,5.5
TFT17_RekSai,TFT_Item_NeedlesslyLargeRod,49,0.3469387755102041,5.26530612244898
TFT17_RekSai,TFT17_Item_MeleeTraitEmblemItem,12,0.3333333333333333,5.083333333333333
TFT17_RekSai,TFT5_Item_SpectralGauntletRadiant,6,0.3333333333333333,4.333333333333333
TFT17_RekSai,TFT_Item_NegatronCloak,90,0.3333333333333333,5.4222222222222225
TFT17_RekSai,TFT_Item_RecurveBow,9,0.3333333333333333,5.0
TFT17_RekSai,TFT_Item_HextechGunblade,13,0.3076923076923077,5.153846153846154
TFT17_RekSai,TFT17_AnimaSquadItem_Tier0_ClunkyPrototype,36,0.3055555555555556,5.611111111111111
TFT17_RekSai,TFT_Item_GiantsBelt,147,0.29931972789115646,5.741496598639456
TFT17_RekSai,TFT_Item_SparringGloves,7,0.2857142857142857,5.285714285714286
TFT17_RekSai,TFT17_Item_AnimaSquadEmblemItem,82,0.23170731707317074,5.841463414634147
TFT17_Rhaast,TFT_Item_EmptyBag,193,0.9430051813471503,1.4093264248704662
TFT17_Rhaast,TFT17_Item_PsyOps_GrenadeMod_Radiant,7,0.8571428571428571,2.857142857142857
TFT17_Rhaast,TFT17_AnimaSquadItem_Tier2_LionessLament,5,0.8,2.6
TFT17_Rhaast,TFT_Item_ForceOfNature,95,0.8,2.8210526315789473
TFT17_Rhaast,TFTEvent5YR_Item_ShimmerscaleDravensAxe,9,0.7777777777777778,3.0
TFT17_Rhaast,TFT_Item_Artifact_TitanicHydra,8,0.75,3.5
TFT17_Rhaast,TFT17_Item_PsyOps_DroneMod,19,0.7368421052631579,3.3684210526315788
TFT17_Rhaast,TFT7_Item_ShimmerscaleGamblersBlade,15,0.7333333333333333,3.4
TFT17_Rhaast,TFT17_AnimaSquadItem_Tier0_LeakyPrototype,52,0.7307692307692307,3.4615384615384617
TFT17_Rhaast,TFT17_AnimaSquadItem_Tier0_SparkingPrototype,26,0.7307692307692307,3.1923076923076925
TFT17_Rhaast,TFT17_Item_StargazerEmblemItem,2866,0.7117934403349616,3.3293789253314725
TFT17_Rhaast,TFT17_AnimaSquadItem_Tier0_ClunkyPrototype,223,0.7085201793721974,3.4484304932735426
TFT17_Rhaast,TFT_Item_BFSword,320,0.671875,3.715625
TFT17_Rhaast,TFT17_AnimaSquadItem_Tier1_GuidingHex,9,0.6666666666666666,3.2222222222222223
TFT17_Rhaast,TFT17_Item_PsyOps_ChemicalCapacitorMod,24,0.6666666666666666,3.9166666666666665
TFT17_Rhaast,TFT_Item_SparringGloves,196,0.6581632653061225,3.5969387755102042
TFT17_Rhaast,TFT17_Item_DRXEmblemItem,321,0.6542056074766355,3.6697819314641746
TFT17_Rhaast,TFT_Item_NegatronCloak,621,0.6457326892109501,3.7294685990338166
TFT17_Rhaast,TFT_Item_TearOfTheGoddess,375,0.6453333333333333,3.8186666666666667
TFT17_Rhaast,TFT_Item_NeedlesslyLargeRod,210,0.6428571428571429,3.7476190476190476
TFT17_Rhaast,TFT_Item_NightHarvester,1198,0.6335559265442404,3.818864774624374
TFT17_Rhaast,TFT17_Item_Artifact_ThreshLantern,49,0.6326530612244898,3.979591836734694
TFT17_Rhaast,TFT_Item_TacticiansScepter,19,0.631578947368421,3.3684210526315788
TFT17_Rhaast,TFT_Item_GiantsBelt,730,0.6191780821917808,3.8547945205479452
TFT17_Rhaast,TFT_Item_IonicSpark,545,0.6165137614678899,3.8972477064220183
TFT17_Rhaast,TFT_Item_Spatula,13,0.6153846153846154,3.8461538461538463
TFT17_Rhaast,TFT17_Item_FlexTraitEmblemItem,184,0.6086956521739131,4.048913043478261
TFT17_Rhaast,TFT_Item_AdaptiveHelm,1278,0.6056338028169014,3.976525821596244
TFT17_Rhaast,TFT_Item_Leviathan,190,0.6052631578947368,4.073684210526316
TFT17_Rhaast,TFT_Item_LastWhisper,301,0.6046511627906976,3.9435215946843853
TFT17_Rhaast,TFT_Item_ChainVest,631,0.6038034865293186,3.849445324881141
TFT17_Rhaast,TFT_Item_RecurveBow,176,0.6022727272727273,3.903409090909091
TFT17_Rhaast,TFT_Item_Bloodthirster,428,0.6004672897196262,4.037383177570093
TFT17_Rhaast,TFT5_Item_BrambleVestRadiant,5,0.6,4.4
TFT17_Rhaast,TFT17_Item_DarkStarEmblemItem,134,0.5970149253731343,3.985074626865672
TFT17_Rhaast,TFT_Item_SteraksGage,713,0.5960729312762973,3.9158485273492287
TFT17_Rhaast,TFT17_Item_PsyOpsEmblemItem,146,0.5958904109589042,4.1438356164383565
TFT17_Rhaast,TFT_Item_BrambleVest,1219,0.5955701394585726,4.031173092698934
TFT17_Rhaast,TFT_Item_DragonsClaw,1048,0.5944656488549618,4.066793893129771
TFT17_Rhaast,TFT17_Item_PulsefireEmblemItem,165,0.593939393939394,3.9515151515151516
TFT17_Rhaast,TFT_Item_Morellonomicon,287,0.5923344947735192,4.045296167247387
TFT17_Rhaast,TFT_Item_Crownguard,1202,0.5873544093178037,4.077371048252912
TFT17_Rhaast,TFT17_Item_AssassinTraitEmblemItem,53,0.5849056603773585,4.037735849056604
TFT17_Rhaast,TFT_Item_WarmogsArmor,1910,0.5769633507853403,4.0774869109947645
TFT17_Rhaast,TFT_Item_Redemption,1628,0.5737100737100738,4.171375921375922
TFT17_Rhaast,TFT_Item_FrozenHeart,1870,0.5716577540106952,4.161497326203208
TFT17_Rhaast,TFT17_AnimaSquadItem_Tier1_SavageSlicer,28,0.5714285714285714,4.25
TFT17_Rhaast,TFT17_AnimaSquadItem_Tier2_IceblastArmor,7,0.5714285714285714,4.428571428571429
TFT17_Rhaast,TFT_Item_RunaansHurricane,273,0.5714285714285714,4.1098901098901095
TFT17_Rhaast,TFT_Item_MadredsBloodrazor,228,0.5701754385964912,4.144736842105263
TFT17_Rhaast,TFT17_Item_PsyOps_GrenadeMod,88,0.5681818181818182,3.897727272727273
TFT17_Rhaast,TFT_Item_Deathblade,275,0.5672727272727273,4.24
TFT17_Rhaast,TFT_Item_JeweledGauntlet,198,0.5656565656565656,4.106060606060606
TFT17_Rhaast,TFT_Item_Artifact_LightshieldCrest,69,0.5652173913043478,4.217391304347826
TFT17_Rhaast,TFT_Item_GuardianAngel,282,0.5638297872340425,4.131205673758865
TFT17_Rhaast,TFT_Item_ThiefsGloves,4007,0.559520838532568,4.144996256551035
TFT17_Rhaast,TFT17_Item_MeleeTraitEmblemItem,104,0.5576923076923077,4.230769230769231
TFT17_Rhaast,TFT17_Item_HPTankEmblemItem,176,0.5568181818181818,4.267045454545454
TFT17_Rhaast,TFT_Item_SpectralGauntlet,995,0.5567839195979899,4.180904522613066
TFT17_Rhaast,TFTEvent5YR_Item_SevikasJinxedArm,9,0.5555555555555556,3.6666666666666665
TFT17_Rhaast,TFT17_Item_ResistTankEmblemItem,235,0.5531914893617021,4.157446808510638
TFT17_Rhaast,TFT_Item_TacticiansRing,85,0.5529411764705883,4.235294117647059
TFT17_Rhaast,TFT_Item_RabadonsDeathcap,212,0.5518867924528302,4.254716981132075
TFT17_Rhaast,TFT_Item_GargoyleStoneplate,1883,0.5512480084970791,4.241104620286777
TFT17_Rhaast,TFT_Item_TitansResolve,265,0.5509433962264151,4.313207547169811
TFT17_Rhaast,TFT17_Item_SummonTraitEmblemItem,144,0.5486111111111112,4.076388888888889
TFT17_Rhaast,TFT_Item_RedBuff,2031,0.5445593303791236,4.249630723781388
TFT17_Rhaast,TFT_Item_SpearOfShojin,189,0.5396825396825397,4.26984126984127
TFT17_Rhaast,TFT17_Item_ShieldTankEmblemItem,343,0.5393586005830904,4.122448979591836
TFT17_Rhaast,TFT_Item_BlueBuff,273,0.5384615384615384,4.347985347985348
TFT17_Rhaast,TFT_Item_StatikkShiv,253,0.5375494071146245,4.324110671936759
TFT17_Rhaast,TFT17_Item_SpaceGrooveEmblemItem,144,0.5347222222222222,4.201388888888889
TFT17_Rhaast,TFT4_Item_OrnnInfinityForce,15,0.5333333333333333,4.066666666666666
TFT17_Rhaast,TFT_Item_UnstableConcoction,290,0.5310344827586206,4.362068965517241
TFT17_Rhaast,TFT_Item_RapidFireCannon,334,0.5299401197604791,4.2844311377245505
TFT17_Rhaast,TFT_Item_Artifact_ProwlersClaw,19,0.5263157894736842,4.578947368421052
TFT17_Rhaast,TFT_Item_ArchangelsStaff,237,0.5189873417721519,4.324894514767933
TFT17_Rhaast,TFT_Item_PowerGauntlet,316,0.5189873417721519,4.348101265822785
TFT17_Rhaast,TFT_Item_InfinityEdge,197,0.5177664974619289,4.32994923857868
TFT17_Rhaast,TFT17_Item_AnimaSquadEmblemItem,198,0.51010101010101,4.454545454545454
TFT17_Rhaast,TFT_Item_GuinsoosRageblade,308,0.5032467532467533,4.444805194805195
TFT17_Rhaast,TFT17_Item_PrimordianEmblemItem,152,0.5,4.559210526315789
TFT17_Rhaast,TFT4_Item_OrnnZhonyasParadox,6,0.5,4.666666666666667
TFT17_Rhaast,TFT_Item_Artifact_AegisOfDusk,18,0.5,5.0
TFT17_Rhaast,TFT_Item_Artifact_TalismanOfAscension,10,0.5,4.9
TFT17_Rhaast,TFT_Item_HextechGunblade,232,0.5,4.418103448275862
TFT17_Rhaast,TFT_Item_Quicksilver,265,0.49056603773584906,4.335849056603774
TFT17_Rhaast,TFT17_Item_AstronautEmblemItem,140,0.4785714285714286,4.5285714285714285
TFT17_Rhaast,TFT7_Item_ShimmerscaleMogulsMail,80,0.475,4.5375
TFT17_Rhaast,TFT17_EkkoOffering_AnomalyItem,198,0.4696969696969697,4.757575757575758
TFT17_Rhaast,TFT17_AnimaSquadItem_Tier1_TentacleSlam,63,0.4603174603174603,4.619047619047619
TFT17_Rhaast,TFT17_Item_ASTraitEmblemItem,151,0.45695364238410596,4.66887417218543
TFT17_Rhaast,TFT_Item_Artifact_TheIndomitable,33,0.45454545454545453,4.666666666666667
TFT17_Rhaast,TFT_Item_Artifact_SilvermereDawn,40,0.45,4.875
TFT17_Rhaast,TFT5_Item_ThiefsGlovesRadiant,18,0.4444444444444444,4.833333333333333
TFT17_Rhaast,TFT17_Item_PsyOps_SympatheticImplantMod,30,0.43333333333333335,4.6
TFT17_Rhaast,TFT17_Item_PsyOps_TargetlockMod,14,0.42857142857142855,4.714285714285714
TFT17_Rhaast,TFT_Item_Artifact_VoidGauntlet,28,0.42857142857142855,4.428571428571429
TFT17_Rhaast,TFT17_Item_FavoredEmblemItem,163,0.4171779141104294,4.785276073619632
TFT17_Rhaast,TFT17_AnimaSquadItem_Tier1_RocketSwarm,10,0.4,4.8
TFT17_Rhaast,TFT17_Item_Artifact_YasuoArtifact,5,0.4,4.4
TFT17_Rhaast,TFT4_Item_OrnnDeathsDefiance,5,0.4,5.0
TFT17_Rhaast,TFT5_Item_HextechGunbladeRadiant,5,0.4,5.4
TFT17_Rhaast,TFT_Item_Artifact_WitsEnd,5,0.4,5.4
TFT17_Rhaast,TFT_Item_Artifact_AegisOfDawn,31,0.3870967741935484,4.870967741935484
TFT17_Rhaast,TFT17_Item_Artifact_SorakaArtifact,47,0.3829787234042553,4.851063829787234
TFT17_Rhaast,TFTEvent5YR_Item_GlacialMallet,8,0.375,5.25
TFT17_Rhaast,TFT9_Item_OrnnHullbreaker,30,0.36666666666666664,5.0
TFT17_Rhaast,TFT17_Item_RangedTraitEmblemItem,237,0.350210970464135,5.210970464135021
TFT17_Rhaast,TFTEvent5YR_Item_LavenderCrown,9,0.3333333333333333,5.444444444444445
TFT17_Rhaast,TFT_Item_Artifact_SeekersArmguard,7,0.2857142857142857,5.428571428571429
TFT17_Rhaast,TFT_Item_Artifact_HellfireHatchet,9,0.2222222222222222,5.333333333333333
TFT17_Rhaast,TFT17_Item_Artifact_EvelynnArtifact,10,0.2,6.1
TFT17_Riven,TFT_Item_EmptyBag,150,0.96,1.4066666666666667
TFT17_Riven,TFT17_AnimaSquadItem_Tier2_Annihilator,20,0.8,2.9
TFT17_Riven,TFT5_Item_AdaptiveHelmRadiant,20,0.8,3.8
TFT17_Riven,TFT5_Item_RabadonsDeathcapRadiant,15,0.8,3.7333333333333334
TFT17_Riven,TFT5_Item_CrownguardRadiant,13,0.7692307692307693,3.4615384615384617
TFT17_Riven,TFT5_Item_FrozenHeartRadiant,12,0.75,3.9166666666666665
TFT17_Riven,TFT5_Item_GuinsoosRagebladeRadiant,21,0.7142857142857143,4.0476190476190474
TFT17_Riven,TFT5_Item_IonicSparkRadiant,22,0.6818181818181818,3.6363636363636362
TFT17_Riven,TFT17_AnimaSquadItem_Tier2_CyclonicSlicers,122,0.680327868852459,3.4836065573770494
TFT17_Riven,TFT5_Item_SteraksGageRadiant,45,0.6666666666666666,3.8
TFT17_Riven,TFT5_Item_RapidFirecannonRadiant,23,0.6521739130434783,4.260869565217392
TFT17_Riven,TFT5_Item_BlueBuffRadiant,17,0.6470588235294118,3.9411764705882355
TFT17_Riven,TFT17_AnimaSquadItem_Tier2_BattleBunnyCrossbow,11,0.6363636363636364,4.090909090909091
TFT17_Riven,TFT5_Item_BrambleVestRadiant,22,0.6363636363636364,4.2727272727272725
TFT17_Riven,TFT17_Item_HPTankEmblemItem,400,0.635,3.8375
TFT17_Riven,TFT5_Item_TrapClawRadiant,19,0.631578947368421,3.9473684210526314
TFT17_Riven,TFT5_Item_WarmogsArmorRadiant,19,0.631578947368421,3.6315789473684212
TFT17_Riven,TFT_Item_Artifact_NavoriFlickerblades,38,0.631578947368421,4.026315789473684
TFT17_Riven,TFT_Item_Artifact_TitanicHydra,373,0.6246648793565683,4.016085790884718
TFT17_Riven,TFT5_Item_QuicksilverRadiant,31,0.6129032258064516,4.387096774193548
TFT17_Riven,TFT_Item_ForceOfNature,18,0.6111111111111112,4.444444444444445
TFT17_Riven,TFT_Item_NightHarvester,204,0.5980392156862745,4.186274509803922
TFT17_Riven,TFT17_AnimaSquadItem_Tier2_EchoingBatblades,27,0.5925925925925926,4.444444444444445
TFT17_Riven,TFT5_Item_GargoyleStoneplateRadiant,22,0.5909090909090909,4.545454545454546
TFT17_Riven,TFT4_Item_OrnnDeathsDefiance,580,0.5896551724137931,4.103448275862069
TFT17_Riven,TFT_Item_Artifact_Fishbones,56,0.5892857142857143,4.25
TFT17_Riven,TFT5_Item_ThiefsGlovesRadiant,362,0.5883977900552486,4.19060773480663
TFT17_Riven,TFT_Item_InfinityEdge,4575,0.5877595628415301,4.128743169398907
TFT17_Riven,TFT5_Item_SunfireCapeRadiant,29,0.5862068965517241,4.172413793103448
TFT17_Riven,TFT5_Item_HandOfJusticeRadiant,43,0.5813953488372093,4.0
TFT17_Riven,TFT_Item_MadredsBloodrazor,5913,0.5799086757990868,4.1549129037713515
TFT17_Riven,TFT_Item_Artifact_HellfireHatchet,364,0.5796703296703297,4.228021978021978
TFT17_Riven,TFT_Item_Deathblade,4672,0.5785530821917808,4.209546232876712
TFT17_Riven,TFT_Item_BrambleVest,135,0.5777777777777777,4.45925925925926
TFT17_Riven,TFT_Item_SteraksGage,15800,0.575126582278481,4.206329113924051
TFT17_Riven,TFT_Item_PowerGauntlet,1552,0.571520618556701,4.277061855670103
TFT17_Riven,TFT17_Item_Artifact_AhriArtifact,21,0.5714285714285714,4.238095238095238
TFT17_Riven,TFT_Item_HextechGunblade,2359,0.5714285714285714,4.194573972022043
TFT17_Riven,TFT_Item_UnstableConcoction,5173,0.5698820800309299,4.226367678329789
TFT17_Riven,TFT_Item_Artifact_WitsEnd,187,0.5668449197860963,4.229946524064171
TFT17_Riven,TFT17_Item_PsyOps_ChemicalCapacitorMod,60,0.5666666666666667,4.116666666666666
TFT17_Riven,TFT4_Item_OrnnInfinityForce,583,0.5626072041166381,4.343053173241852
TFT17_Riven,TFT_Item_Artifact_BlightingJewel,16,0.5625,4.6875
TFT17_Riven,TFT_Item_IonicSpark,387,0.5607235142118863,4.276485788113695
TFT17_Riven,TFT_Item_GuardianAngel,4899,0.5601143090426618,4.261277811798326
TFT17_Riven,TFT17_EkkoOffering_AnomalyItem,1002,0.5598802395209581,4.3163672654690615
TFT17_Riven,TFT_Item_TitansResolve,4585,0.559432933478735,4.273064340239912
TFT17_Riven,TFT_Item_Bloodthirster,12214,0.5560013099721631,4.299328639266416
TFT17_Riven,TFT_Item_Artifact_TalismanOfAscension,65,0.5538461538461539,4.538461538461538
TFT17_Riven,TFT_Item_Quicksilver,3954,0.5528578654527061,4.287051087506323
TFT17_Riven,TFT_Item_FrozenHeart,190,0.5421052631578948,4.389473684210526
TFT17_Riven,TFT17_Item_Artifact_YasuoArtifact,133,0.5413533834586466,4.421052631578948
TFT17_Riven,TFT4_Item_OrnnZhonyasParadox,148,0.5405405405405406,4.243243243243243
TFT17_Riven,TFT_Item_Redemption,161,0.5403726708074534,4.366459627329193
TFT17_Riven,TFT17_Item_FlexTraitEmblemItem,590,0.5389830508474577,4.323728813559322
TFT17_Riven,TFT17_Item_PsyOps_TargetlockMod,39,0.5384615384615384,4.333333333333333
TFT17_Riven,TFT17_Item_Artifact_EvelynnArtifact,474,0.5358649789029536,4.362869198312236
TFT17_Riven,TFT17_Item_DarkStarEmblemItem,1860,0.5349462365591398,4.303763440860215
TFT17_Riven,TFT17_Item_PsyOps_DroneMod,43,0.5348837209302325,4.209302325581396
TFT17_Riven,TFT5_Item_HextechGunbladeRadiant,30,0.5333333333333333,4.3
TFT17_Riven,TFT_Item_ThiefsGloves,2568,0.5330996884735203,4.364485981308412
TFT17_Riven,TFT_Item_RunaansHurricane,773,0.5329883570504528,4.371280724450194
TFT17_Riven,TFT_Item_Artifact_LichBane,135,0.5259259259259259,4.362962962962963
TFT17_Riven,TFT17_Item_ResistTankEmblemItem,1677,0.5235539654144306,4.461538461538462
TFT17_Riven,TFT_Item_RabadonsDeathcap,957,0.522466039707419,4.3730407523510975
TFT17_Riven,TFT5_Item_RunaansHurricaneRadiant,23,0.5217391304347826,4.565217391304348
TFT17_Riven,TFT5_Item_SpearOfShojinRadiant,23,0.5217391304347826,4.304347826086956
TFT17_Riven,TFTEvent5YR_Item_LavenderCrown,56,0.5178571428571429,4.607142857142857
TFT17_Riven,TFT5_Item_InfinityEdgeRadiant,29,0.5172413793103449,4.620689655172414
TFT17_Riven,TFT_Item_Artifact_Mittens,341,0.5161290322580645,4.469208211143695
TFT17_Riven,TFT17_Item_PsyOps_SympatheticImplantMod,33,0.5151515151515151,4.363636363636363
TFT17_Riven,TFT17_Item_SpaceGrooveEmblemItem,4963,0.5123916985694137,4.433004231311707
TFT17_Riven,TFT5_Item_GiantSlayerRadiant,49,0.5102040816326531,4.489795918367347
TFT17_Riven,TFT_Item_Crownguard,265,0.5094339622641509,4.40377358490566
TFT17_Riven,TFT17_Item_MeleeTraitEmblemItem,346,0.5086705202312138,4.53757225433526
TFT17_Riven,TFT_Item_JeweledGauntlet,1090,0.5045871559633027,4.531192660550459
TFT17_Riven,TFT17_AnimaSquadItem_Tier2_SearingShortbow,16,0.5,4.875
TFT17_Riven,TFT17_Item_Artifact_VarusArtifact,48,0.5,4.541666666666667
TFT17_Riven,TFT4_Item_OrnnTheCollector,20,0.5,4.15
TFT17_Riven,TFT5_Item_ArchangelsStaffRadiant,18,0.5,4.666666666666667
TFT17_Riven,TFT5_Item_JeweledGauntletRadiant,30,0.5,4.233333333333333
TFT17_Riven,TFT5_Item_LastWhisperRadiant,24,0.5,4.666666666666667
TFT17_Riven,TFT5_Item_RedemptionRadiant,16,0.5,4.8125
TFT17_Riven,TFT5_Item_SpectralGauntletRadiant,20,0.5,4.5
TFT17_Riven,TFT5_Item_StatikkShivRadiant,14,0.5,4.5
TFT17_Riven,TFTEvent5YR_Item_GlacialMallet,22,0.5,4.545454545454546
TFT17_Riven,TFT_Item_Artifact_LudensTempest,22,0.5,4.545454545454546
TFT17_Riven,TFT_Item_DragonsClaw,119,0.4957983193277311,4.663865546218488
TFT17_Riven,TFT17_Item_ShieldTankEmblemItem,236,0.4957627118644068,4.588983050847458
TFT17_Riven,TFT_Item_Artifact_ProwlersClaw,353,0.49575070821529743,4.580736543909349
TFT17_Riven,TFT_Item_Artifact_SeekersArmguard,307,0.495114006514658,4.41042345276873
TFT17_Riven,TFT17_Item_AstronautEmblemItem,2416,0.48799668874172186,4.514072847682119
TFT17_Riven,TFT_Item_Artifact_Dawncore,41,0.4878048780487805,4.390243902439025
TFT17_Riven,TFT17_Item_PsyOpsEmblemItem,243,0.4773662551440329,4.666666666666667
TFT17_Riven,TFT7_Item_ShimmerscaleGamblersBlade,21,0.47619047619047616,4.809523809523809
TFT17_Riven,TFT17_Item_StargazerEmblemItem,1067,0.4761012183692596,4.525773195876289
TFT17_Riven,TFT5_Item_TitansResolveRadiant,40,0.475,4.675
TFT17_Riven,TFT_Item_AdaptiveHelm,598,0.47491638795986624,4.695652173913044
TFT17_Riven,TFT_Item_StatikkShiv,477,0.4716981132075472,4.553459119496855
TFT17_Riven,TFT_Item_LastWhisper,1412,0.4695467422096317,4.670679886685552
TFT17_Riven,TFT_Item_Artifact_RapidFirecannon,81,0.4691358024691358,4.580246913580247
TFT17_Riven,TFTEvent5YR_Item_SevikasJinxedArm,58,0.46551724137931033,4.603448275862069
TFT17_Riven,TFT_Item_SpectralGauntlet,439,0.4624145785876993,4.667425968109339
TFT17_Riven,TFT_Item_ArchangelsStaff,303,0.46204620462046203,4.702970297029703
TFT17_Riven,TFT5_Item_LeviathanRadiant,26,0.46153846153846156,4.730769230769231
TFT17_Riven,TFT_Item_Artifact_CappaJuice,13,0.46153846153846156,5.461538461538462
TFT17_Riven,TFT_Item_GuinsoosRageblade,705,0.45673758865248226,4.835460992907802
TFT17_Riven,TFT_Item_GargoyleStoneplate,145,0.45517241379310347,4.696551724137931
TFT17_Riven,TFT5_Item_DragonsClawRadiant,22,0.45454545454545453,4.636363636363637
TFT17_Riven,TFT17_AnimaSquadItem_Tier1_SavageSlicer,351,0.452991452991453,4.951566951566951
TFT17_Riven,TFT_Item_Leviathan,246,0.45121951219512196,4.804878048780488
TFT17_Riven,TFT17_Item_DRXEmblemItem,206,0.44660194174757284,4.684466019417476
TFT17_Riven,TFT_Item_SpearOfShojin,416,0.44471153846153844,4.790865384615385
TFT17_Riven,TFT_Item_BlueBuff,598,0.4431438127090301,4.739130434782608
TFT17_Riven,TFT_Item_RedBuff,373,0.43699731903485256,4.849865951742627
TFT17_Riven,TFT5_Item_BloodthirsterRadiant,46,0.43478260869565216,4.760869565217392
TFT17_Riven,TFT5_Item_GuardianAngelRadiant,37,0.43243243243243246,4.621621621621622
TFT17_Riven,TFT_Item_WarmogsArmor,287,0.43205574912891986,4.815331010452962
TFT17_Riven,TFT17_Item_RangedTraitEmblemItem,207,0.42995169082125606,4.705314009661835
TFT17_Riven,TFT17_Item_ASTraitEmblemItem,230,0.4260869565217391,4.8130434782608695
TFT17_Riven,TFT_Item_RapidFireCannon,1188,0.4225589225589226,4.942760942760943
TFT17_Riven,TFT17_AnimaSquadItem_Tier2_UwuBlaster,24,0.4166666666666667,5.166666666666667
TFT17_Riven,TFT5_Item_MorellonomiconRadiant,24,0.4166666666666667,4.583333333333333
TFT17_Riven,TFT17_Item_SummonTraitEmblemItem,41,0.4146341463414634,4.878048780487805
TFT17_Riven,TFT9_Item_OrnnHullbreaker,71,0.4084507042253521,4.830985915492958
TFT17_Riven,TFT17_Item_PrimordianEmblemItem,42,0.40476190476190477,5.023809523809524
TFT17_Riven,TFT17_Item_Artifact_EkkoArtifact,10,0.4,4.6
TFT17_Riven,TFT_Item_Artifact_SilvermereDawn,28,0.39285714285714285,5.178571428571429
TFT17_Riven,TFT_Item_Artifact_StatikkShiv,18,0.3888888888888889,5.277777777777778
TFT17_Riven,TFT_Item_Morellonomicon,612,0.3758169934640523,5.052287581699346
TFT17_Riven,TFT5_Item_NightHarvesterRadiant,16,0.375,5.4375
TFT17_Riven,TFT_Item_NeedlesslyLargeRod,103,0.36893203883495146,5.262135922330097
TFT17_Riven,TFT_Item_ChainVest,86,0.3372093023255814,5.348837209302325
TFT17_Riven,TFT17_AnimaSquadItem_Tier1_RocketSwarm,144,0.3333333333333333,5.493055555555555
TFT17_Riven,TFT17_Item_FavoredEmblemItem,86,0.32558139534883723,5.244186046511628
TFT17_Riven,TFT5_Item_DeathbladeRadiant,34,0.3235294117647059,5.5
TFT17_Riven,TFT_Item_TearOfTheGoddess,105,0.3142857142857143,5.6761904761904765
TFT17_Riven,TFT17_AnimaSquadItem_Tier0_SparkingPrototype,122,0.3114754098360656,5.377049180327869
TFT17_Riven,TFT17_AnimaSquadItem_Tier1_TentacleSlam,55,0.3090909090909091,5.3090909090909095
TFT17_Riven,TFT17_AnimaSquadItem_Tier0_LeakyPrototype,20,0.3,5.55
TFT17_Riven,TFT_Item_SparringGloves,205,0.28780487804878047,5.6536585365853655
TFT17_Riven,TFT17_Item_Artifact_ThreshLantern,7,0.2857142857142857,5.428571428571429
TFT17_Riven,TFT17_AnimaSquadItem_Tier0_ClunkyPrototype,18,0.2777777777777778,5.333333333333333
TFT17_Riven,TFT_Item_RecurveBow,257,0.2723735408560311,5.712062256809339
TFT17_Riven,TFT_Item_GiantsBelt,152,0.26973684210526316,5.828947368421052
TFT17_Riven,TFT_Item_BFSword,548,0.2591240875912409,5.837591240875913
TFT17_Riven,TFT_Item_Artifact_EternalPact,16,0.25,5.5625
TFT17_Riven,TFTEvent5YR_Item_ShimmerscaleDravensAxe,21,0.23809523809523808,5.333333333333333
TFT17_Riven,TFT17_AnimaSquadItem_Tier1_GuidingHex,62,0.22580645161290322,5.790322580645161
TFT17_Riven,TFT_Item_NegatronCloak,121,0.2231404958677686,5.8347107438016526
TFT17_Riven,TFTEvent5YR_Item_ShimmerscaleGoldmancersStaff,6,0.16666666666666666,6.333333333333333
TFT17_Riven,TFT17_Item_AnimaSquadEmblemItem,34,0.14705882352941177,6.205882352941177
TFT17_Riven,TFT9_Item_OrnnHorizonFocus,7,0.0,6.428571428571429
TFT17_Riven,TFT_Item_Spatula,10,0.0,7.7
TFT17_Samira,TFT_Item_EmptyBag,71,0.9436619718309859,1.352112676056338
TFT17_Samira,TFT17_AnimaSquadItem_Tier2_UwuBlaster,12,0.8333333333333334,2.9166666666666665
TFT17_Samira,TFT17_AnimaSquadItem_Tier2_EchoingBatblades,11,0.8181818181818182,2.5454545454545454
TFT17_Samira,TFT17_AnimaSquadItem_Tier2_BattleBunnyCrossbow,25,0.76,2.92
TFT17_Samira,TFT5_Item_TrapClawRadiant,14,0.7142857142857143,3.642857142857143
TFT17_Samira,TFT_Item_ForceOfNature,30,0.7,3.4
TFT17_Samira,TFTEvent5YR_Item_MaestrosBaton,26,0.6538461538461539,4.115384615384615
TFT17_Samira,TFT5_Item_InfinityEdgeRadiant,47,0.6382978723404256,3.9148936170212765
TFT17_Samira,TFT5_Item_GiantSlayerRadiant,37,0.6216216216216216,4.0
TFT17_Samira,TFT_Item_RedBuff,21,0.6190476190476191,3.9047619047619047
TFT17_Samira,TFT_Item_SpectralGauntlet,22,0.5909090909090909,4.7272727272727275
TFT17_Samira,TFT5_Item_BlueBuffRadiant,12,0.5833333333333334,4.416666666666667
TFT17_Samira,TFT_Item_Artifact_Fishbones,121,0.5785123966942148,4.181818181818182
TFT17_Samira,TFT_Item_SpearOfShojin,9387,0.5669542984979227,4.127410248215617
TFT17_Samira,TFT4_Item_OrnnTheCollector,129,0.5581395348837209,4.062015503875969
TFT17_Samira,TFT_Item_IonicSpark,9,0.5555555555555556,4.888888888888889
TFT17_Samira,TFT_Item_Crownguard,11,0.5454545454545454,4.2727272727272725
TFT17_Samira,TFT_Item_WarmogsArmor,33,0.5454545454545454,4.151515151515151
TFT17_Samira,TFT_Item_LastWhisper,8346,0.5437335250419363,4.241433021806854
TFT17_Samira,TFT_Item_Artifact_Dawncore,74,0.5405405405405406,4.445945945945946
TFT17_Samira,TFT_Item_Artifact_NavoriFlickerblades,37,0.5405405405405406,4.135135135135135
TFT17_Samira,TFT5_Item_DeathbladeRadiant,163,0.5398773006134969,4.196319018404908
TFT17_Samira,TFT5_Item_LastWhisperRadiant,13,0.5384615384615384,4.3076923076923075
TFT17_Samira,TFT_Item_GuardianAngel,157,0.535031847133758,4.382165605095541
TFT17_Samira,TFT_Item_MadredsBloodrazor,2606,0.5326170376055257,4.248656945510361
TFT17_Samira,TFT_Item_BlueBuff,619,0.531502423263328,4.258481421647819
TFT17_Samira,TFT_Item_AdaptiveHelm,143,0.5314685314685315,4.034965034965035
TFT17_Samira,TFTEvent5YR_Item_SevikasJinxedArm,19,0.5263157894736842,4.473684210526316
TFT17_Samira,TFT_Item_ThiefsGloves,503,0.5248508946322068,4.242544731610338
TFT17_Samira,TFT_Item_Deathblade,7439,0.5225164672671058,4.347224089259309
TFT17_Samira,TFT_Item_SteraksGage,115,0.5217391304347826,4.252173913043478
TFT17_Samira,TFT5_Item_SpearOfShojinRadiant,100,0.52,4.48
TFT17_Samira,TFT_Item_RunaansHurricane,500,0.518,4.33
TFT17_Samira,TFT9_Item_OrnnHorizonFocus,75,0.5066666666666667,4.426666666666667
TFT17_Samira,TFT17_Item_Artifact_AhriArtifact,8,0.5,5.0
TFT17_Samira,TFT17_Item_FavoredEmblemItem,10,0.5,4.7
TFT17_Samira,TFT_Item_FrozenHeart,20,0.5,4.25
TFT17_Samira,TFT17_Item_Artifact_VarusArtifact,156,0.4935897435897436,4.455128205128205
TFT17_Samira,TFT_Item_DragonsClaw,27,0.48148148148148145,4.481481481481482
TFT17_Samira,TFT9_Item_CrownOfDemacia,61,0.47540983606557374,4.524590163934426
TFT17_Samira,TFT4_Item_OrnnInfinityForce,40,0.475,4.175
TFT17_Samira,TFT_Item_UnstableConcoction,245,0.47346938775510206,4.73469387755102
TFT17_Samira,TFT_Item_RapidFireCannon,924,0.47186147186147187,4.5768398268398265
TFT17_Samira,TFT17_Item_PulsefireEmblemItem,119,0.47058823529411764,4.697478991596639
TFT17_Samira,TFT_Item_StatikkShiv,162,0.46296296296296297,4.5
TFT17_Samira,TFT_Item_Artifact_TitanicHydra,26,0.46153846153846156,4.346153846153846
TFT17_Samira,TFT_Item_PowerGauntlet,1297,0.45952197378565923,4.619121048573631
TFT17_Samira,TFT_Item_Leviathan,148,0.4594594594594595,4.594594594594595
TFT17_Samira,TFT_Item_GargoyleStoneplate,22,0.45454545454545453,4.818181818181818
TFT17_Samira,TFT_Item_BrambleVest,31,0.45161290322580644,4.612903225806452
TFT17_Samira,TFT_Item_Quicksilver,268,0.45149253731343286,4.7164179104477615
TFT17_Samira,TFT_Item_TacticiansRing,51,0.45098039215686275,4.450980392156863
TFT17_Samira,TFT_Item_GuinsoosRageblade,747,0.4484605087014726,4.674698795180723
TFT17_Samira,TFT17_Item_MeleeTraitEmblemItem,87,0.4482758620689655,4.816091954022989
TFT17_Samira,TFT_Item_InfinityEdge,4640,0.4480603448275862,4.703448275862069
TFT17_Samira,TFT_Item_Artifact_HellfireHatchet,16,0.4375,4.25
TFT17_Samira,TFT17_AnimaSquadItem_Tier0_SparkingPrototype,55,0.43636363636363634,4.927272727272728
TFT17_Samira,TFT17_Item_FlexTraitEmblemItem,46,0.43478260869565216,4.434782608695652
TFT17_Samira,TFT17_Item_Artifact_YasuoArtifact,63,0.42857142857142855,4.777777777777778
TFT17_Samira,TFT_Item_Artifact_EternalPact,7,0.42857142857142855,5.0
TFT17_Samira,TFT_Item_Artifact_TalismanOfAscension,14,0.42857142857142855,5.214285714285714
TFT17_Samira,TFT_Item_Morellonomicon,286,0.42657342657342656,4.968531468531468
TFT17_Samira,TFT17_Item_ResistTankEmblemItem,40,0.425,4.35
TFT17_Samira,TFT17_Item_Artifact_EvelynnArtifact,19,0.42105263157894735,5.157894736842105
TFT17_Samira,TFT_Item_HextechGunblade,598,0.4180602006688963,4.821070234113712
TFT17_Samira,TFTEvent5YR_Item_ShimmerscaleDravensAxe,67,0.417910447761194,4.850746268656716
TFT17_Samira,TFT_Item_Artifact_CappaJuice,51,0.4117647058823529,4.901960784313726
TFT17_Samira,TFT17_AnimaSquadItem_Tier0_LeakyPrototype,22,0.4090909090909091,4.863636363636363
TFT17_Samira,TFT17_Item_AssassinTraitEmblemItem,196,0.40816326530612246,4.841836734693878
TFT17_Samira,TFT17_Item_DarkStarEmblemItem,111,0.40540540540540543,4.882882882882883
TFT17_Samira,TFT17_Item_AnimaSquadEmblemItem,5,0.4,5.2
TFT17_Samira,TFT17_Item_PsyOps_TargetlockMod,5,0.4,5.6
TFT17_Samira,TFT5_Item_HandOfJusticeRadiant,5,0.4,5.2
TFT17_Samira,TFT_Item_Artifact_RapidFirecannon,28,0.39285714285714285,4.892857142857143
TFT17_Samira,TFT_Item_NightHarvester,28,0.39285714285714285,5.035714285714286
TFT17_Samira,TFT17_Item_DRXEmblemItem,81,0.38271604938271603,5.074074074074074
TFT17_Samira,TFT_Item_ArchangelsStaff,34,0.38235294117647056,5.029411764705882
TFT17_Samira,TFT7_Item_ShimmerscaleGamblersBlade,63,0.38095238095238093,4.968253968253968
TFT17_Samira,TFT_Item_Artifact_Mittens,21,0.38095238095238093,4.904761904761905
TFT17_Samira,TFT_Item_TitansResolve,82,0.36585365853658536,5.073170731707317
TFT17_Samira,TFT_Item_TearOfTheGoddess,92,0.358695652173913,5.271739130434782
TFT17_Samira,TFT17_Item_StargazerEmblemItem,692,0.3583815028901734,5.079479768786127
TFT17_Samira,TFT17_AnimaSquadItem_Tier1_GuidingHex,14,0.35714285714285715,5.642857142857143
TFT17_Samira,TFTEvent5YR_Item_GlacialMallet,14,0.35714285714285715,4.642857142857143
TFT17_Samira,TFT17_AnimaSquadItem_Tier1_RocketSwarm,67,0.34328358208955223,5.2835820895522385
TFT17_Samira,TFT17_EkkoOffering_AnomalyItem,79,0.34177215189873417,5.063291139240507
TFT17_Samira,TFT17_Item_PsyOpsEmblemItem,24,0.3333333333333333,5.208333333333333
TFT17_Samira,TFT5_Item_ThiefsGlovesRadiant,9,0.3333333333333333,5.222222222222222
TFT17_Samira,TFTEvent5YR_Item_ShimmerscaleCrownOfChampions,9,0.3333333333333333,5.333333333333333
TFT17_Samira,TFT17_AnimaSquadItem_Tier1_SavageSlicer,35,0.3142857142857143,5.3428571428571425
TFT17_Samira,TFT_Item_RecurveBow,270,0.3111111111111111,5.42962962962963
TFT17_Samira,TFT_Item_Artifact_ProwlersClaw,13,0.3076923076923077,5.230769230769231
TFT17_Samira,TFT_Item_Redemption,13,0.3076923076923077,5.0
TFT17_Samira,TFT_Item_NeedlesslyLargeRod,36,0.3055555555555556,5.361111111111111
TFT17_Samira,TFT_Item_Artifact_LudensTempest,17,0.29411764705882354,5.411764705882353
TFT17_Samira,TFT_Item_BFSword,328,0.2926829268292683,5.628048780487805
TFT17_Samira,TFT_Item_SparringGloves,184,0.2826086956521739,5.630434782608695
TFT17_Samira,TFT_Item_JeweledGauntlet,73,0.2602739726027397,5.397260273972603
TFT17_Samira,TFT17_Item_ASTraitEmblemItem,70,0.2571428571428571,5.571428571428571
TFT17_Samira,TFT17_AnimaSquadItem_Tier2_SearingShortbow,8,0.25,6.125
TFT17_Samira,TFT17_Item_AstronautEmblemItem,48,0.25,5.4375
TFT17_Samira,TFT17_Item_PsyOps_SympatheticImplantMod,8,0.25,4.75
TFT17_Samira,TFT17_Item_SummonTraitEmblemItem,32,0.25,5.375
TFT17_Samira,TFT_Item_Artifact_WitsEnd,8,0.25,5.5
TFT17_Samira,TFT_Item_NegatronCloak,8,0.25,5.5
TFT17_Samira,TFT_Item_Bloodthirster,70,0.24285714285714285,5.7
TFT17_Samira,TFT_Item_RabadonsDeathcap,45,0.17777777777777778,5.7555555555555555
TFT17_Samira,TFT17_Item_ShieldTankEmblemItem,6,0.16666666666666666,6.166666666666667
TFT17_Samira,TFT_Item_GiantsBelt,6,0.16666666666666666,6.333333333333333
TFT17_Samira,TFT_Item_Artifact_LichBane,7,0.14285714285714285,6.0
TFT17_Samira,TFT_Item_Artifact_StatikkShiv,8,0.125,6.75
TFT17_Samira,TFT17_Item_HPTankEmblemItem,7,0.0,6.571428571428571
TFT17_Shen,TFT5_Item_QuicksilverRadiant,5,1.0,2.6
TFT17_Shen,TFT5_Item_SpearOfShojinRadiant,5,1.0,2.2
TFT17_Shen,TFT_Item_TacticiansScepter,5,1.0,2.0
TFT17_Shen,TFT_Item_EmptyBag,908,0.973568281938326,1.2533039647577093
TFT17_Shen,TFT5_Item_JeweledGauntletRadiant,8,0.875,2.375
TFT17_Shen,TFT5_Item_SpectralGauntletRadiant,6,0.8333333333333334,2.8333333333333335
TFT17_Shen,TFT5_Item_TitansResolveRadiant,6,0.8333333333333334,3.5
TFT17_Shen,TFT17_Item_PsyOps_ChemicalCapacitorMod,17,0.8235294117647058,2.6470588235294117
TFT17_Shen,TFT4_Item_OrnnInfinityForce,34,0.8235294117647058,3.235294117647059
TFT17_Shen,TFT17_Item_PsyOps_SympatheticImplantMod,72,0.8055555555555556,3.1527777777777777
TFT17_Shen,TFT17_Item_Artifact_SorakaArtifact,25,0.8,3.2
TFT17_Shen,TFTEvent5YR_Item_ShimmerscaleDravensAxe,5,0.8,2.6
TFT17_Shen,TFT_Item_Artifact_ProwlersClaw,10,0.8,3.4
TFT17_Shen,TFT7_Item_ShimmerscaleGamblersBlade,44,0.7954545454545454,3.159090909090909
TFT17_Shen,TFT_Item_ForceOfNature,43,0.7906976744186046,2.697674418604651
TFT17_Shen,TFT_Item_TacticiansRing,36,0.7777777777777778,3.3333333333333335
TFT17_Shen,TFT17_AnimaSquadItem_Tier0_ClunkyPrototype,96,0.7604166666666666,3.15625
TFT17_Shen,TFT17_Item_PsyOps_TargetlockMod,20,0.75,3.5
TFT17_Shen,TFT9_Item_OrnnHullbreaker,12,0.75,2.75
TFT17_Shen,TFT_Item_Artifact_WitsEnd,23,0.7391304347826086,3.6956521739130435
TFT17_Shen,TFT17_AnimaSquadItem_Tier1_GuidingHex,42,0.7380952380952381,3.4523809523809526
TFT17_Shen,TFT17_Item_PsyOpsEmblemItem,165,0.7272727272727273,3.327272727272727
TFT17_Shen,TFT_Item_Artifact_LichBane,11,0.7272727272727273,3.090909090909091
TFT17_Shen,TFTEvent5YR_Item_SevikasJinxedArm,18,0.7222222222222222,3.111111111111111
TFT17_Shen,TFT_Item_Artifact_EternalPact,18,0.7222222222222222,3.2777777777777777
TFT17_Shen,TFT_Item_Crownguard,1686,0.7194543297746144,3.3196915776986953
TFT17_Shen,TFT17_Item_PulsefireEmblemItem,303,0.7161716171617162,3.396039603960396
TFT17_Shen,TFT17_Item_SummonTraitEmblemItem,102,0.7156862745098039,3.411764705882353
TFT17_Shen,TFT5_Item_AdaptiveHelmRadiant,7,0.7142857142857143,4.285714285714286
TFT17_Shen,TFT17_AnimaSquadItem_Tier0_LeakyPrototype,69,0.7101449275362319,3.6231884057971016
TFT17_Shen,TFT_Item_SpectralGauntlet,1000,0.708,3.408
TFT17_Shen,TFT_Item_AdaptiveHelm,2069,0.7061382310294828,3.439826002899952
TFT17_Shen,TFTEvent5YR_Item_ShimmerscaleGoldmancersStaff,17,0.7058823529411765,3.5294117647058822
TFT17_Shen,TFT_Item_Artifact_AegisOfDawn,17,0.7058823529411765,2.588235294117647
TFT17_Shen,TFT17_AnimaSquadItem_Tier1_RocketSwarm,27,0.7037037037037037,3.5555555555555554
TFT17_Shen,TFT17_AnimaSquadItem_Tier0_SparkingPrototype,67,0.7014925373134329,3.343283582089552
TFT17_Shen,TFT_Item_SpearOfShojin,688,0.6991279069767442,3.4055232558139537
TFT17_Shen,TFT_Item_NightHarvester,1086,0.6933701657458563,3.4419889502762433
TFT17_Shen,TFT5_Item_TrapClawRadiant,13,0.6923076923076923,3.1538461538461537
TFT17_Shen,TFT_Item_WarmogsArmor,1993,0.6889111891620673,3.465127947817361
TFT17_Shen,TFT17_Item_SpaceGrooveEmblemItem,1252,0.6884984025559105,3.5287539936102235
TFT17_Shen,TFT_Item_Artifact_RapidFirecannon,19,0.6842105263157895,3.526315789473684
TFT17_Shen,TFT_Item_HextechGunblade,676,0.6834319526627219,3.578402366863905
TFT17_Shen,TFT_Item_Morellonomicon,952,0.6827731092436975,3.5850840336134455
TFT17_Shen,TFT_Item_Artifact_AegisOfDusk,25,0.68,3.76
TFT17_Shen,TFT17_Item_StargazerEmblemItem,993,0.6777442094662638,3.475327291037261
TFT17_Shen,TFT_Item_Artifact_LightshieldCrest,31,0.6774193548387096,3.2903225806451615
TFT17_Shen,TFT_Item_NeedlesslyLargeRod,291,0.6769759450171822,3.604810996563574
TFT17_Shen,TFT_Item_BrambleVest,1021,0.6767874632713027,3.613124387855044
TFT17_Shen,TFT_Item_FrozenHeart,1999,0.6743371685842922,3.567783891945973
TFT17_Shen,TFT_Item_RedBuff,2150,0.673953488372093,3.6334883720930233
TFT17_Shen,TFT17_Item_AstronautEmblemItem,477,0.6708595387840671,3.607966457023061
TFT17_Shen,TFT_Item_ThiefsGloves,7925,0.6707886435331231,3.527318611987382
TFT17_Shen,TFT_Item_GuardianAngel,1129,0.6696191319751993,3.6058458813108945
TFT17_Shen,TFT_Item_NegatronCloak,296,0.668918918918919,3.6824324324324325
TFT17_Shen,TFT_Item_MadredsBloodrazor,1096,0.6678832116788321,3.6514598540145986
TFT17_Shen,TFT17_AnimaSquadItem_Tier2_EchoingBatblades,6,0.6666666666666666,3.8333333333333335
TFT17_Shen,TFT17_Item_Artifact_ThreshLantern,54,0.6666666666666666,3.5185185185185186
TFT17_Shen,TFT4_Item_OrnnZhonyasParadox,24,0.6666666666666666,3.5833333333333335
TFT17_Shen,TFT5_Item_BrambleVestRadiant,6,0.6666666666666666,3.6666666666666665
TFT17_Shen,TFT5_Item_DeathbladeRadiant,6,0.6666666666666666,3.8333333333333335
TFT17_Shen,TFT5_Item_GargoyleStoneplateRadiant,9,0.6666666666666666,3.7777777777777777
TFT17_Shen,TFT5_Item_MorellonomiconRadiant,6,0.6666666666666666,3.3333333333333335
TFT17_Shen,TFT5_Item_WarmogsArmorRadiant,6,0.6666666666666666,3.1666666666666665
TFT17_Shen,TFTEvent5YR_Item_GlacialMallet,6,0.6666666666666666,3.3333333333333335
TFT17_Shen,TFT_Item_Artifact_NavoriFlickerblades,6,0.6666666666666666,3.8333333333333335
TFT17_Shen,TFT_Item_Artifact_TalismanOfAscension,9,0.6666666666666666,4.222222222222222
TFT17_Shen,TFT_Item_DragonsClaw,838,0.665871121718377,3.639618138424821
TFT17_Shen,TFT_Item_Leviathan,511,0.6653620352250489,3.598825831702544
TFT17_Shen,TFT_Item_TitansResolve,899,0.660734149054505,3.6262513904338154
TFT17_Shen,TFT17_AnimaSquadItem_Tier1_TentacleSlam,53,0.660377358490566,3.547169811320755
TFT17_Shen,TFT_Item_StatikkShiv,724,0.6588397790055248,3.661602209944751
TFT17_Shen,TFT_Item_RabadonsDeathcap,864,0.6585648148148148,3.7569444444444446
TFT17_Shen,TFT_Item_BFSword,158,0.6582278481012658,3.8544303797468356
TFT17_Shen,TFT_Item_SteraksGage,871,0.6578645235361653,3.6636050516647534
TFT17_Shen,TFT_Item_PowerGauntlet,759,0.6574440052700923,3.7035573122529644
TFT17_Shen,TFT_Item_BlueBuff,685,0.656934306569343,3.6525547445255473
TFT17_Shen,TFT_Item_LastWhisper,527,0.6565464895635673,3.6565464895635675
TFT17_Shen,TFT_Item_IonicSpark,914,0.6564551422319475,3.658643326039387
TFT17_Shen,TFT_Item_GuinsoosRageblade,1037,0.6557377049180327,3.6634522661523627
TFT17_Shen,TFT_Item_UnstableConcoction,1176,0.6556122448979592,3.7244897959183674
TFT17_Shen,TFT17_Item_PrimordianEmblemItem,119,0.6554621848739496,3.53781512605042
TFT17_Shen,TFT17_Item_PsyOps_DroneMod,84,0.6547619047619048,3.7142857142857144
TFT17_Shen,TFT_Item_RunaansHurricane,472,0.6546610169491526,3.8516949152542375
TFT17_Shen,TFT_Item_Redemption,1282,0.6536661466458659,3.625585023400936
TFT17_Shen,TFT_Item_RapidFireCannon,937,0.6531483457844184,3.6382070437566703
TFT17_Shen,TFT17_Item_HPTankEmblemItem,209,0.6507177033492823,3.6315789473684212
TFT17_Shen,TFT17_Item_DRXEmblemItem,357,0.6498599439775911,3.6050420168067228
TFT17_Shen,TFT_Item_Bloodthirster,1301,0.6479631053036126,3.6971560338201384
TFT17_Shen,TFT5_Item_ThiefsGlovesRadiant,105,0.6476190476190476,3.742857142857143
TFT17_Shen,TFT17_Item_FavoredEmblemItem,130,0.6461538461538462,3.9923076923076923
TFT17_Shen,TFT_Item_Quicksilver,854,0.6451990632318502,3.690866510538642
TFT17_Shen,TFT_Item_RecurveBow,290,0.6448275862068965,3.5620689655172413
TFT17_Shen,TFT17_Item_FlexTraitEmblemItem,149,0.6442953020134228,3.7986577181208054
TFT17_Shen,TFT17_Item_ASTraitEmblemItem,146,0.6438356164383562,3.856164383561644
TFT17_Shen,TFT_Item_TearOfTheGoddess,294,0.6428571428571429,3.772108843537415
TFT17_Shen,TFT17_Item_ShieldTankEmblemItem,302,0.6390728476821192,3.685430463576159
TFT17_Shen,TFT_Item_InfinityEdge,315,0.638095238095238,3.746031746031746
TFT17_Shen,TFT17_Item_DarkStarEmblemItem,160,0.6375,3.80625
TFT17_Shen,TFT17_Item_MeleeTraitEmblemItem,121,0.6363636363636364,3.793388429752066
TFT17_Shen,TFT_Item_ArchangelsStaff,528,0.6268939393939394,3.768939393939394
TFT17_Shen,TFT17_Item_PsyOps_GrenadeMod,32,0.625,3.84375
TFT17_Shen,TFT5_Item_LastWhisperRadiant,8,0.625,4.0
TFT17_Shen,TFT5_Item_RunaansHurricaneRadiant,8,0.625,4.25
TFT17_Shen,TFT_Item_ChainVest,338,0.6242603550295858,3.8195266272189348
TFT17_Shen,TFT_Item_GiantsBelt,485,0.622680412371134,3.8845360824742268
TFT17_Shen,TFT_Item_JeweledGauntlet,889,0.6220472440944882,3.932508436445444
TFT17_Shen,TFT_Item_GargoyleStoneplate,1324,0.6216012084592145,3.8444108761329305
TFT17_Shen,TFT_Item_Artifact_TheIndomitable,26,0.6153846153846154,3.4615384615384617
TFT17_Shen,TFT17_Item_RangedTraitEmblemItem,198,0.6111111111111112,3.9393939393939394
TFT17_Shen,TFT17_Item_AssassinTraitEmblemItem,156,0.6089743589743589,4.076923076923077
TFT17_Shen,TFT_Item_Deathblade,472,0.6038135593220338,4.004237288135593
TFT17_Shen,TFT17_AnimaSquadItem_Tier1_SavageSlicer,30,0.6,4.0
TFT17_Shen,TFT17_AnimaSquadItem_Tier2_CyclonicSlicers,5,0.6,3.4
TFT17_Shen,TFT17_AnimaSquadItem_Tier2_IceblastArmor,5,0.6,3.0
TFT17_Shen,TFT5_Item_RabadonsDeathcapRadiant,10,0.6,4.4
TFT17_Shen,TFT5_Item_RapidFirecannonRadiant,5,0.6,4.6
TFT17_Shen,TFT_Item_Artifact_SilvermereDawn,10,0.6,4.2
TFT17_Shen,TFT_Item_Spatula,10,0.6,4.3
TFT17_Shen,TFT17_EkkoOffering_AnomalyItem,204,0.5784313725490197,4.068627450980392
TFT17_Shen,TFT5_Item_ArchangelsStaffRadiant,7,0.5714285714285714,4.428571428571429
TFT17_Shen,TFT5_Item_FrozenHeartRadiant,7,0.5714285714285714,3.7142857142857144
TFT17_Shen,TFT5_Item_InfinityEdgeRadiant,7,0.5714285714285714,4.142857142857143
TFT17_Shen,TFT_Item_Artifact_BlightingJewel,14,0.5714285714285714,4.142857142857143
TFT17_Shen,TFT_Item_Artifact_VoidGauntlet,14,0.5714285714285714,3.5714285714285716
TFT17_Shen,TFT4_Item_OrnnDeathsDefiance,23,0.5652173913043478,4.695652173913044
TFT17_Shen,TFT_Item_Artifact_StatikkShiv,9,0.5555555555555556,4.222222222222222
TFT17_Shen,TFT_Item_SparringGloves,183,0.546448087431694,4.163934426229508
TFT17_Shen,TFT7_Item_ShimmerscaleMogulsMail,75,0.5333333333333333,4.293333333333333
TFT17_Shen,TFT17_Item_AnimaSquadEmblemItem,111,0.5045045045045045,4.288288288288288
TFT17_Shen,TFT17_Item_Artifact_YasuoArtifact,8,0.5,4.25
TFT17_Shen,TFT_Item_Artifact_HellfireHatchet,16,0.5,4.5
TFT17_Shen,TFT_Item_Artifact_SeekersArmguard,27,0.48148148148148145,4.444444444444445
TFT17_Shen,TFT17_Item_Artifact_EvelynnArtifact,19,0.47368421052631576,4.578947368421052
TFT17_Shen,TFT_Item_Artifact_Mittens,15,0.4666666666666667,4.333333333333333
TFT17_Shen,TFTEvent5YR_Item_LavenderCrown,9,0.4444444444444444,4.111111111111111
TFT17_Shen,TFT5_Item_IonicSparkRadiant,7,0.42857142857142855,4.142857142857143
TFT17_Shen,TFT5_Item_GiantSlayerRadiant,5,0.4,4.4
TFT17_Shen,TFT5_Item_SteraksGageRadiant,5,0.4,4.0
TFT17_Shen,TFT5_Item_SunfireCapeRadiant,8,0.375,4.625
TFT17_Shen,TFT_Item_Artifact_LudensTempest,8,0.375,5.0
TFT17_Shen,TFT_Item_Artifact_TitanicHydra,8,0.375,5.0
TFT17_Shen,TFT5_Item_LeviathanRadiant,6,0.3333333333333333,5.333333333333333
TFT17_Shen,TFT17_Item_Artifact_AhriArtifact,10,0.3,5.0
TFT17_Shen,TFT_Item_Artifact_Dawncore,7,0.2857142857142857,5.428571428571429
TFT17_Shen,TFT5_Item_GuardianAngelRadiant,8,0.0,6.875
TFT17_Sona,TFT_Item_EmptyBag,154,0.948051948051948,1.4285714285714286
TFT17_Sona,TFT_Item_ForceOfNature,55,0.8363636363636363,2.5636363636363635
TFT17_Sona,TFT17_AnimaSquadItem_Tier2_BattleBunnyCrossbow,6,0.8333333333333334,2.8333333333333335
TFT17_Sona,TFT17_Item_Artifact_EvelynnArtifact,5,0.8,3.4
TFT17_Sona,TFT17_AnimaSquadItem_Tier2_SearingShortbow,51,0.7843137254901961,2.764705882352941
TFT17_Sona,TFTEvent5YR_Item_SevikasJinxedArm,8,0.75,3.5
TFT17_Sona,TFT5_Item_SpearOfShojinRadiant,19,0.7368421052631579,3.6315789473684212
TFT17_Sona,TFT_Item_FrozenHeart,49,0.7142857142857143,3.510204081632653
TFT17_Sona,TFT_Item_ArchangelsStaff,2166,0.6939058171745153,3.5203139427516157
TFT17_Sona,TFT_Item_Artifact_RapidFirecannon,13,0.6923076923076923,3.076923076923077
TFT17_Sona,TFT17_AnimaSquadItem_Tier2_Annihilator,16,0.6875,3.0625
TFT17_Sona,TFT_Item_AdaptiveHelm,3270,0.6828746177370031,3.5654434250764524
TFT17_Sona,TFT17_Item_ResistTankEmblemItem,24,0.6666666666666666,3.4166666666666665
TFT17_Sona,TFTEvent5YR_Item_ShimmerscaleCrownOfChampions,12,0.6666666666666666,3.9166666666666665
TFT17_Sona,TFT_Item_BlueBuff,5602,0.6595858621920743,3.6843984291324525
TFT17_Sona,TFT17_Item_Artifact_AhriArtifact,347,0.6570605187319885,3.6974063400576367
TFT17_Sona,TFT_Item_SpearOfShojin,8942,0.6544397226571237,3.687318273316931
TFT17_Sona,TFT_Item_Artifact_Dawncore,340,0.6529411764705882,3.6294117647058823
TFT17_Sona,TFT17_Item_FlexTraitEmblemItem,621,0.6505636070853462,3.6264090177133657
TFT17_Sona,TFT_Item_Artifact_LichBane,265,0.6490566037735849,3.6566037735849055
TFT17_Sona,TFT_Item_Bloodthirster,34,0.6470588235294118,4.088235294117647
TFT17_Sona,TFT17_Item_PsyOps_DroneMod,792,0.6414141414141414,3.827020202020202
TFT17_Sona,TFT_Item_RabadonsDeathcap,3932,0.637589013224822,3.786622583926755
TFT17_Sona,TFT4_Item_OrnnInfinityForce,11,0.6363636363636364,4.818181818181818
TFT17_Sona,TFT5_Item_BlueBuffRadiant,33,0.6363636363636364,3.9696969696969697
TFT17_Sona,TFT_Item_Artifact_WitsEnd,11,0.6363636363636364,4.2727272727272725
TFT17_Sona,TFT_Item_UnstableConcoction,237,0.6329113924050633,3.8818565400843883
TFT17_Sona,TFT_Item_HextechGunblade,1494,0.6265060240963856,3.859437751004016
TFT17_Sona,TFT17_AnimaSquadItem_Tier2_UwuBlaster,8,0.625,4.0
TFT17_Sona,TFT_Item_RedBuff,40,0.625,4.125
TFT17_Sona,TFT_Item_MadredsBloodrazor,3530,0.6246458923512748,3.8436260623229463
TFT17_Sona,TFT17_Item_DarkStarEmblemItem,404,0.6237623762376238,3.8069306930693068
TFT17_Sona,TFT_Item_InfinityEdge,146,0.6232876712328768,3.9794520547945207
TFT17_Sona,TFT_Item_StatikkShiv,10295,0.6231180184555609,3.859154929577465
TFT17_Sona,TFT_Item_Leviathan,3533,0.6218511180300028,3.841494480611378
TFT17_Sona,TFT_Item_PowerGauntlet,1849,0.6197944835045971,3.902109248242293
TFT17_Sona,TFT5_Item_MorellonomiconRadiant,21,0.6190476190476191,3.6666666666666665
TFT17_Sona,TFT17_AnimaSquadItem_Tier0_LeakyPrototype,151,0.6158940397350994,3.9205298013245033
TFT17_Sona,TFT17_Item_Artifact_EkkoArtifact,26,0.6153846153846154,3.9615384615384617
TFT17_Sona,TFT17_Item_PsyOps_DroneMod_Radiant,615,0.6146341463414634,3.982113821138211
TFT17_Sona,TFT_Item_Redemption,36,0.6111111111111112,4.222222222222222
TFT17_Sona,TFT17_Item_PsyOps_SympatheticImplantMod,1023,0.6080156402737048,3.8719452590420333
TFT17_Sona,TFT17_Item_PsyOps_TargetlockMod,242,0.6074380165289256,3.9834710743801653
TFT17_Sona,TFT_Item_JeweledGauntlet,7522,0.6028981653815475,3.95679340600904
TFT17_Sona,TFT_Item_Morellonomicon,6507,0.6024281542953742,3.9440602428154294
TFT17_Sona,TFT_Item_RapidFireCannon,2602,0.6014604150653343,3.9788624135280553
TFT17_Sona,TFT17_Item_PsyOps_SympatheticImplantMod_Radiant,666,0.5975975975975976,3.9804804804804803
TFT17_Sona,TFT_Item_ThiefsGloves,1050,0.5933333333333334,3.94
TFT17_Sona,TFT_Item_Crownguard,41,0.5853658536585366,4.219512195121951
TFT17_Sona,TFT_Item_DragonsClaw,24,0.5833333333333334,4.291666666666667
TFT17_Sona,TFT_Item_LastWhisper,172,0.5813953488372093,4.017441860465116
TFT17_Sona,TFT_Item_Artifact_EternalPact,162,0.5740740740740741,4.074074074074074
TFT17_Sona,TFT17_Item_PsyOps_TargetlockMod_Radiant,75,0.5733333333333334,3.8933333333333335
TFT17_Sona,TFT_Item_SpectralGauntlet,35,0.5714285714285714,4.4
TFT17_Sona,TFT17_Item_AstronautEmblemItem,225,0.5688888888888889,4.035555555555556
TFT17_Sona,TFT17_Item_PulsefireEmblemItem,62,0.5645161290322581,4.096774193548387
TFT17_Sona,TFT_Item_Artifact_LudensTempest,71,0.5633802816901409,3.943661971830986
TFT17_Sona,TFT17_Item_StargazerEmblemItem,171,0.5614035087719298,4.105263157894737
TFT17_Sona,TFT5_Item_RabadonsDeathcapRadiant,50,0.56,4.4
TFT17_Sona,TFT7_Item_ShimmerscaleGamblersBlade,100,0.56,4.32
TFT17_Sona,TFT17_Item_SpaceGrooveEmblemItem,152,0.5592105263157895,4.368421052631579
TFT17_Sona,TFT5_Item_LeviathanRadiant,54,0.5555555555555556,4.333333333333333
TFT17_Sona,TFTEvent5YR_Item_GlacialMallet,9,0.5555555555555556,4.666666666666667
TFT17_Sona,TFT_Item_IonicSpark,18,0.5555555555555556,4.333333333333333
TFT17_Sona,TFT_Item_WarmogsArmor,54,0.5555555555555556,4.444444444444445
TFT17_Sona,TFT4_Item_OrnnZhonyasParadox,38,0.5526315789473685,4.052631578947368
TFT17_Sona,TFT17_Item_Artifact_VarusArtifact,58,0.5517241379310345,4.120689655172414
TFT17_Sona,TFT_Item_SteraksGage,55,0.5454545454545454,4.236363636363636
TFT17_Sona,TFT9_Item_OrnnHorizonFocus,57,0.543859649122807,4.298245614035087
TFT17_Sona,TFT17_Item_ShieldTankEmblemItem,329,0.541033434650456,4.258358662613982
TFT17_Sona,TFT_Item_Artifact_BlightingJewel,74,0.5405405405405406,4.108108108108108
TFT17_Sona,TFT_Item_TitansResolve,50,0.54,4.08
TFT17_Sona,TFT_Item_Artifact_Fishbones,13,0.5384615384615384,4.076923076923077
TFT17_Sona,TFT_Item_TacticiansRing,54,0.5370370370370371,4.351851851851852
TFT17_Sona,TFT_Item_SparringGloves,144,0.5347222222222222,4.298611111111111
TFT17_Sona,TFT17_EkkoOffering_AnomalyItem,406,0.5344827586206896,4.201970443349754
TFT17_Sona,TFT_Item_Artifact_TalismanOfAscension,15,0.5333333333333333,4.266666666666667
TFT17_Sona,TFT_Item_TearOfTheGoddess,312,0.532051282051282,4.358974358974359
TFT17_Sona,TFT_Item_Artifact_StatikkShiv,53,0.5283018867924528,4.30188679245283
TFT17_Sona,TFT17_Item_PsyOps_ChemicalCapacitorMod,152,0.5263157894736842,4.3355263157894735
TFT17_Sona,TFT_Item_Artifact_NavoriFlickerblades,19,0.5263157894736842,4.368421052631579
TFT17_Sona,TFT_Item_GargoyleStoneplate,40,0.525,4.125
TFT17_Sona,TFT_Item_GuardianAngel,143,0.5244755244755245,4.293706293706293
TFT17_Sona,TFT5_Item_JeweledGauntletRadiant,29,0.5172413793103449,4.379310344827586
TFT17_Sona,TFT17_AnimaSquadItem_Tier1_GuidingHex,103,0.5145631067961165,4.378640776699029
TFT17_Sona,TFT17_Item_PsyOps_ChemicalCapacitorMod_Radiant,39,0.5128205128205128,3.9743589743589745
TFT17_Sona,TFTEvent5YR_Item_ShimmerscaleGoldmancersStaff,55,0.509090909090909,4.2727272727272725
TFT17_Sona,TFT17_Item_DRXEmblemItem,59,0.5084745762711864,4.406779661016949
TFT17_Sona,TFT_Item_NeedlesslyLargeRod,384,0.5026041666666666,4.520833333333333
TFT17_Sona,TFT5_Item_HextechGunbladeRadiant,8,0.5,3.875
TFT17_Sona,TFT_Item_Artifact_CappaJuice,30,0.5,4.266666666666667
TFT17_Sona,TFT_Item_Artifact_Mittens,6,0.5,4.166666666666667
TFT17_Sona,TFT_Item_NightHarvester,36,0.5,4.472222222222222
TFT17_Sona,TFT_Item_GuinsoosRageblade,1103,0.4941069809610154,4.528558476881233
TFT17_Sona,TFT_Item_RunaansHurricane,94,0.48936170212765956,4.3936170212765955
TFT17_Sona,TFT_Item_RecurveBow,376,0.4867021276595745,4.587765957446808
TFT17_Sona,TFT_Item_Quicksilver,259,0.4864864864864865,4.637065637065637
TFT17_Sona,TFT_Item_BFSword,105,0.4857142857142857,4.476190476190476
TFT17_Sona,TFT17_Item_RangedTraitEmblemItem,106,0.4811320754716981,4.4245283018867925
TFT17_Sona,TFT_Item_Deathblade,88,0.4772727272727273,4.5227272727272725
TFT17_Sona,TFT17_Item_FavoredEmblemItem,169,0.47337278106508873,4.65680473372781
TFT17_Sona,TFT17_AnimaSquadItem_Tier0_SparkingPrototype,80,0.45,4.8
TFT17_Sona,TFT5_Item_StatikkShivRadiant,34,0.4411764705882353,4.529411764705882
TFT17_Sona,TFT17_Item_AssassinTraitEmblemItem,51,0.43137254901960786,4.666666666666667
TFT17_Sona,TFT17_Item_Artifact_YasuoArtifact,12,0.4166666666666667,5.083333333333333
TFT17_Sona,TFT_Item_BrambleVest,34,0.4117647058823529,4.735294117647059
TFT17_Sona,TFT5_Item_TrapClawRadiant,5,0.4,5.0
TFT17_Sona,TFT9_Item_CrownOfDemacia,15,0.4,4.866666666666666
TFT17_Sona,TFT17_AnimaSquadItem_Tier1_RocketSwarm,39,0.38461538461538464,5.153846153846154
TFT17_Sona,TFT17_Item_MeleeTraitEmblemItem,47,0.3829787234042553,4.829787234042553
TFT17_Sona,TFT17_Item_ASTraitEmblemItem,67,0.373134328358209,4.7164179104477615
TFT17_Sona,TFT17_AnimaSquadItem_Tier1_SavageSlicer,11,0.36363636363636365,5.363636363636363
TFT17_Sona,TFT_Item_Artifact_SeekersArmguard,9,0.3333333333333333,4.666666666666667
TFT17_Sona,TFT_Item_GiantsBelt,17,0.29411764705882354,5.470588235294118
TFT17_Sona,TFT5_Item_GiantSlayerRadiant,7,0.2857142857142857,5.0
TFT17_Sona,TFT5_Item_ThiefsGlovesRadiant,14,0.2857142857142857,4.928571428571429
TFT17_Sona,TFTEvent5YR_Item_MaestrosBaton,7,0.2857142857142857,4.857142857142857
TFT17_Sona,TFT4_Item_OrnnTheCollector,9,0.2222222222222222,5.222222222222222
TFT17_Sona,TFT17_Item_AnimaSquadEmblemItem,15,0.2,5.8
TFT17_Sona,TFT_Item_NegatronCloak,8,0.125,6.0
TFT17_TahmKench,TFTEvent5YR_Item_SevikasJinxedArm,7,1.0,1.8571428571428572
TFT17_TahmKench,TFT_Item_EmptyBag,128,0.9296875,1.5
TFT17_TahmKench,TFT_Item_ForceOfNature,11,0.8181818181818182,2.8181818181818183
TFT17_TahmKench,TFT_Item_Artifact_TitanicHydra,5,0.8,3.6
TFT17_TahmKench,TFT17_AnimaSquadItem_Tier2_LionessLament,152,0.7960526315789473,2.5921052631578947
TFT17_TahmKench,TFT17_AnimaSquadItem_Tier2_RadiantField,188,0.75,2.8882978723404253
TFT17_TahmKench,TFT5_Item_CrownguardRadiant,8,0.75,2.75
TFT17_TahmKench,TFT17_AnimaSquadItem_Tier2_IceblastArmor,160,0.69375,3.3
TFT17_TahmKench,TFT5_Item_SpectralGauntletRadiant,21,0.6666666666666666,3.5238095238095237
TFT17_TahmKench,TFT_Item_BFSword,9,0.6666666666666666,3.6666666666666665
TFT17_TahmKench,TFT_Item_TacticiansScepter,6,0.6666666666666666,3.3333333333333335
TFT17_TahmKench,TFT17_AnimaSquadItem_Tier2_CyclonicSlicers,25,0.64,4.0
TFT17_TahmKench,TFT_Item_NightHarvester,6676,0.6358597962852007,3.8079688436189336
TFT17_TahmKench,TFT_Item_BrambleVest,8132,0.6345302508607968,3.8301770782095423
TFT17_TahmKench,TFT_Item_DragonsClaw,5341,0.6122448979591837,3.9331585845347314
TFT17_TahmKench,TFT5_Item_RedemptionRadiant,28,0.6071428571428571,3.9285714285714284
TFT17_TahmKench,TFT_Item_WarmogsArmor,16422,0.6051638046522957,3.958713920350749
TFT17_TahmKench,TFT_Item_Artifact_VoidGauntlet,389,0.6041131105398457,3.9717223650385605
TFT17_TahmKench,TFT_Item_Artifact_AegisOfDawn,501,0.6027944111776448,4.001996007984032
TFT17_TahmKench,TFT_Item_IonicSpark,2198,0.597361237488626,3.99909008189263
TFT17_TahmKench,TFT17_AnimaSquadItem_Tier1_TentacleSlam,490,0.5959183673469388,4.093877551020408
TFT17_TahmKench,TFT_Item_SpectralGauntlet,12102,0.5915551148570484,4.072219467856552
TFT17_TahmKench,TFT_Item_Redemption,16601,0.590627070658394,4.047948918739835
TFT17_TahmKench,TFT17_Item_StargazerEmblemItem,2159,0.5789717461787864,3.9759147753589623
TFT17_TahmKench,TFT17_Item_PrimordianEmblemItem,551,0.5789473684210527,4.127041742286751
TFT17_TahmKench,TFT17_EkkoOffering_AnomalyItem,3908,0.5752302968270215,4.079580348004094
TFT17_TahmKench,TFT17_Item_Artifact_ThreshLantern,579,0.5751295336787565,4.119170984455959
TFT17_TahmKench,TFT_Item_GargoyleStoneplate,11983,0.5738963531669866,4.1283484936994075
TFT17_TahmKench,TFT_Item_RedBuff,14450,0.5705190311418685,4.171072664359862
TFT17_TahmKench,TFT_Item_Crownguard,10363,0.570394673357136,4.139341889414262
TFT17_TahmKench,TFT7_Item_ShimmerscaleMogulsMail,558,0.5698924731182796,4.060931899641577
TFT17_TahmKench,TFT_Item_Artifact_SilvermereDawn,214,0.5654205607476636,3.939252336448598
TFT17_TahmKench,TFT_Item_Artifact_TheIndomitable,566,0.558303886925795,4.1007067137809186
TFT17_TahmKench,TFT17_AnimaSquadItem_Tier1_GuidingHex,9,0.5555555555555556,4.222222222222222
TFT17_TahmKench,TFT5_Item_FrozenHeartRadiant,18,0.5555555555555556,4.277777777777778
TFT17_TahmKench,TFT_Item_SteraksGage,1314,0.5525114155251142,4.206240487062405
TFT17_TahmKench,TFT17_Item_Artifact_SorakaArtifact,792,0.5492424242424242,4.353535353535354
TFT17_TahmKench,TFT_Item_Artifact_TalismanOfAscension,62,0.5483870967741935,4.596774193548387
TFT17_TahmKench,TFT_Item_Artifact_LightshieldCrest,467,0.5481798715203426,4.282655246252677
TFT17_TahmKench,TFT_Item_FrozenHeart,12157,0.5466809245702065,4.2702969482602615
TFT17_TahmKench,TFT17_Item_ShieldTankEmblemItem,1039,0.5380173243503369,4.235803657362849
TFT17_TahmKench,TFT17_Item_ResistTankEmblemItem,736,0.5366847826086957,4.330163043478261
TFT17_TahmKench,TFT17_Item_SpaceGrooveEmblemItem,889,0.5365579302587177,4.24859392575928
TFT17_TahmKench,TFT17_Item_PsyOps_GrenadeMod_Radiant,45,0.5333333333333333,4.377777777777778
TFT17_TahmKench,TFT5_Item_SunfireCapeRadiant,15,0.5333333333333333,4.2
TFT17_TahmKench,TFT_Item_Leviathan,104,0.5288461538461539,4.346153846153846
TFT17_TahmKench,TFT_Item_RapidFireCannon,161,0.5279503105590062,4.304347826086956
TFT17_TahmKench,TFT_Item_AdaptiveHelm,6148,0.5256994144437215,4.335556278464542
TFT17_TahmKench,TFT_Item_Artifact_AegisOfDusk,240,0.5208333333333334,4.3625
TFT17_TahmKench,TFT17_Item_FlexTraitEmblemItem,262,0.5190839694656488,4.423664122137405
TFT17_TahmKench,TFT_Item_LastWhisper,126,0.5158730158730159,4.579365079365079
TFT17_TahmKench,TFT5_Item_WarmogsArmorRadiant,33,0.5151515151515151,4.0606060606060606
TFT17_TahmKench,TFT17_Item_PsyOps_GrenadeMod,2068,0.5135396518375241,4.450676982591876
TFT17_TahmKench,TFT_Item_TitansResolve,232,0.5129310344827587,4.418103448275862
TFT17_TahmKench,TFT_Item_ArchangelsStaff,156,0.5128205128205128,4.455128205128205
TFT17_TahmKench,TFT_Item_GuardianAngel,141,0.5106382978723404,4.475177304964539
TFT17_TahmKench,TFT17_AnimaSquadItem_Tier0_SparkingPrototype,6,0.5,4.5
TFT17_TahmKench,TFT17_AnimaSquadItem_Tier1_RocketSwarm,6,0.5,4.666666666666667
TFT17_TahmKench,TFT17_AnimaSquadItem_Tier1_SavageSlicer,6,0.5,4.5
TFT17_TahmKench,TFT17_Item_PulsefireEmblemItem,204,0.5,4.4754901960784315
TFT17_TahmKench,TFT5_Item_DragonsClawRadiant,10,0.5,4.8
TFT17_TahmKench,TFT_Item_Artifact_EternalPact,6,0.5,5.0
TFT17_TahmKench,TFT_Item_Artifact_HellfireHatchet,10,0.5,4.3
TFT17_TahmKench,TFT_Item_RecurveBow,14,0.5,4.571428571428571
TFT17_TahmKench,TFT_Item_JeweledGauntlet,97,0.4948453608247423,4.556701030927835
TFT17_TahmKench,TFT_Item_ThiefsGloves,2273,0.49318081830180377,4.506379234491861
TFT17_TahmKench,TFT_Item_StatikkShiv,139,0.4892086330935252,4.568345323741007
TFT17_TahmKench,TFT_Item_GuinsoosRageblade,170,0.48823529411764705,4.688235294117647
TFT17_TahmKench,TFT_Item_MadredsBloodrazor,121,0.48760330578512395,4.553719008264463
TFT17_TahmKench,TFT_Item_Quicksilver,131,0.48091603053435117,4.732824427480916
TFT17_TahmKench,TFT9_Item_OrnnHullbreaker,177,0.480225988700565,4.468926553672317
TFT17_TahmKench,TFT5_Item_BrambleVestRadiant,21,0.47619047619047616,4.714285714285714
TFT17_TahmKench,TFT_Item_Morellonomicon,349,0.47277936962750716,4.696275071633238
TFT17_TahmKench,TFT_Item_PowerGauntlet,187,0.47058823529411764,4.780748663101604
TFT17_TahmKench,TFT_Item_InfinityEdge,71,0.4647887323943662,4.422535211267606
TFT17_TahmKench,TFT_Item_Bloodthirster,296,0.46283783783783783,4.574324324324325
TFT17_TahmKench,TFT_Item_HextechGunblade,132,0.4621212121212121,4.757575757575758
TFT17_TahmKench,TFT4_Item_OrnnDeathsDefiance,13,0.46153846153846156,5.0
TFT17_TahmKench,TFT_Item_RunaansHurricane,117,0.46153846153846156,4.6923076923076925
TFT17_TahmKench,TFT17_Item_DRXEmblemItem,291,0.46048109965635736,4.666666666666667
TFT17_TahmKench,TFT17_Item_DarkStarEmblemItem,387,0.4599483204134367,4.58656330749354
TFT17_TahmKench,TFT_Item_Deathblade,98,0.45918367346938777,4.755102040816326
TFT17_TahmKench,TFT17_Item_PsyOpsEmblemItem,246,0.45121951219512196,4.796747967479675
TFT17_TahmKench,TFT_Item_RabadonsDeathcap,157,0.445859872611465,4.840764331210191
TFT17_TahmKench,TFT5_Item_NightHarvesterRadiant,9,0.4444444444444444,4.888888888888889
TFT17_TahmKench,TFT_Item_UnstableConcoction,137,0.43795620437956206,4.605839416058394
TFT17_TahmKench,TFT_Item_Artifact_SeekersArmguard,30,0.43333333333333335,5.0
TFT17_TahmKench,TFT_Item_Spatula,7,0.42857142857142855,5.0
TFT17_TahmKench,TFT_Item_BlueBuff,159,0.42138364779874216,4.748427672955975
TFT17_TahmKench,TFT17_Item_FavoredEmblemItem,171,0.4152046783625731,4.9298245614035086
TFT17_TahmKench,TFT_Item_TacticiansRing,17,0.4117647058823529,5.0588235294117645
TFT17_TahmKench,TFT17_Item_AstronautEmblemItem,236,0.4067796610169492,5.021186440677966
TFT17_TahmKench,TFT17_AnimaSquadItem_Tier0_ClunkyPrototype,256,0.39453125,5.15234375
TFT17_TahmKench,TFT17_Item_MeleeTraitEmblemItem,54,0.3888888888888889,5.0
TFT17_TahmKench,TFT17_Item_AnimaSquadEmblemItem,281,0.38434163701067614,5.124555160142349
TFT17_TahmKench,TFT17_Item_SummonTraitEmblemItem,87,0.3793103448275862,5.2298850574712645
TFT17_TahmKench,TFT_Item_SpearOfShojin,111,0.3783783783783784,5.081081081081081
TFT17_TahmKench,TFT5_Item_GargoyleStoneplateRadiant,42,0.35714285714285715,5.142857142857143
TFT17_TahmKench,TFT17_Item_AssassinTraitEmblemItem,17,0.35294117647058826,5.352941176470588
TFT17_TahmKench,TFT4_Item_OrnnInfinityForce,34,0.35294117647058826,4.852941176470588
TFT17_TahmKench,TFT_Item_TearOfTheGoddess,238,0.3487394957983193,5.361344537815126
TFT17_TahmKench,TFTEvent5YR_Item_GlacialMallet,6,0.3333333333333333,5.5
TFT17_TahmKench,TFT_Item_NeedlesslyLargeRod,106,0.32075471698113206,5.330188679245283
TFT17_TahmKench,TFT17_Item_ASTraitEmblemItem,38,0.3157894736842105,5.447368421052632
TFT17_TahmKench,TFT_Item_ChainVest,524,0.31297709923664124,5.526717557251908
TFT17_TahmKench,TFT_Item_SparringGloves,32,0.3125,5.6875
TFT17_TahmKench,TFT17_Item_PsyOps_DroneMod,50,0.3,5.4
TFT17_TahmKench,TFT17_Item_PsyOps_SympatheticImplantMod,223,0.29596412556053814,5.461883408071749
TFT17_TahmKench,TFT17_Item_RangedTraitEmblemItem,17,0.29411764705882354,5.294117647058823
TFT17_TahmKench,TFT_Item_NegatronCloak,453,0.293598233995585,5.529801324503311
TFT17_TahmKench,TFT_Item_GiantsBelt,859,0.2910360884749709,5.585564610011642
TFT17_TahmKench,TFT17_AnimaSquadItem_Tier0_LeakyPrototype,28,0.25,5.785714285714286
TFT17_TahmKench,TFT5_Item_ThiefsGlovesRadiant,30,0.23333333333333334,5.433333333333334
TFT17_TahmKench,TFT5_Item_IonicSparkRadiant,7,0.14285714285714285,5.428571428571429
TFT17_Talon,TFT_Item_ForceOfNature,11,0.9090909090909091,2.6363636363636362
TFT17_Talon,TFT_Item_EmptyBag,27,0.8888888888888888,1.9259259259259258
TFT17_Talon,TFT_Item_Artifact_TitanicHydra,6,0.8333333333333334,3.5
TFT17_Talon,TFT5_Item_AdaptiveHelmRadiant,5,0.8,3.6
TFT17_Talon,TFT_Item_Crownguard,26,0.6923076923076923,4.0
TFT17_Talon,TFT17_Item_HPTankEmblemItem,18,0.6666666666666666,3.7222222222222223
TFT17_Talon,TFT_Item_Artifact_HellfireHatchet,9,0.6666666666666666,3.3333333333333335
TFT17_Talon,TFT_Item_BrambleVest,29,0.6551724137931034,3.7586206896551726
TFT17_Talon,TFT4_Item_OrnnInfinityForce,11,0.6363636363636364,4.454545454545454
TFT17_Talon,TFT5_Item_HextechGunbladeRadiant,5,0.6,4.6
TFT17_Talon,TFTEvent5YR_Item_ShimmerscaleCrownOfChampions,5,0.6,4.2
TFT17_Talon,TFT_Item_DragonsClaw,26,0.5769230769230769,4.153846153846154
TFT17_Talon,TFT17_Item_PsyOpsEmblemItem,7,0.5714285714285714,4.142857142857143
TFT17_Talon,TFT17_Item_ResistTankEmblemItem,35,0.5714285714285714,4.457142857142857
TFT17_Talon,TFT_Item_AdaptiveHelm,117,0.5555555555555556,4.367521367521367
TFT17_Talon,TFT5_Item_ThiefsGlovesRadiant,35,0.5428571428571428,4.542857142857143
TFT17_Talon,TFTEvent5YR_Item_SevikasJinxedArm,13,0.5384615384615384,4.846153846153846
TFT17_Talon,TFT_Item_SteraksGage,222,0.536036036036036,4.36036036036036
TFT17_Talon,TFT17_EkkoOffering_AnomalyItem,30,0.5333333333333333,4.3
TFT17_Talon,TFT_Item_BlueBuff,150,0.5333333333333333,4.46
TFT17_Talon,TFT_Item_FrozenHeart,34,0.5294117647058824,4.588235294117647
TFT17_Talon,TFT_Item_GuardianAngel,530,0.5245283018867924,4.426415094339623
TFT17_Talon,TFT_Item_SpearOfShojin,736,0.5217391304347826,4.4959239130434785
TFT17_Talon,TFT_Item_RabadonsDeathcap,29,0.5172413793103449,4.344827586206897
TFT17_Talon,TFT_Item_WarmogsArmor,60,0.5166666666666667,4.783333333333333
TFT17_Talon,TFT_Item_Quicksilver,138,0.5072463768115942,4.492753623188406
TFT17_Talon,TFT_Item_ThiefsGloves,596,0.5016778523489933,4.50503355704698
TFT17_Talon,TFT_Item_HextechGunblade,455,0.5010989010989011,4.503296703296703
TFT17_Talon,TFT4_Item_OrnnDeathsDefiance,16,0.5,4.3125
TFT17_Talon,TFT_Item_ArchangelsStaff,36,0.5,4.472222222222222
TFT17_Talon,TFT_Item_Deathblade,181,0.4972375690607735,4.519337016574585
TFT17_Talon,TFT_Item_RapidFireCannon,238,0.4957983193277311,4.525210084033613
TFT17_Talon,TFT_Item_Leviathan,51,0.49019607843137253,4.568627450980392
TFT17_Talon,TFT_Item_StatikkShiv,37,0.4864864864864865,4.891891891891892
TFT17_Talon,TFT_Item_NightHarvester,33,0.48484848484848486,4.818181818181818
TFT17_Talon,TFT_Item_Morellonomicon,106,0.4811320754716981,4.613207547169812
TFT17_Talon,TFT17_Item_MeleeTraitEmblemItem,21,0.47619047619047616,4.857142857142857
TFT17_Talon,TFT_Item_GuinsoosRageblade,80,0.475,4.825
TFT17_Talon,TFT_Item_PowerGauntlet,113,0.4690265486725664,4.699115044247788
TFT17_Talon,TFT_Item_RedBuff,79,0.46835443037974683,4.670886075949367
TFT17_Talon,TFT_Item_UnstableConcoction,259,0.4671814671814672,4.718146718146718
TFT17_Talon,TFT_Item_MadredsBloodrazor,175,0.46285714285714286,4.788571428571428
TFT17_Talon,TFT_Item_GargoyleStoneplate,35,0.45714285714285713,4.714285714285714
TFT17_Talon,TFT17_Item_FavoredEmblemItem,85,0.4470588235294118,4.752941176470588
TFT17_Talon,TFT_Item_RunaansHurricane,56,0.44642857142857145,4.75
TFT17_Talon,TFT17_Item_SpaceGrooveEmblemItem,18,0.4444444444444444,5.166666666666667
TFT17_Talon,TFT_Item_LastWhisper,90,0.4444444444444444,4.833333333333333
TFT17_Talon,TFT_Item_Bloodthirster,262,0.44274809160305345,4.721374045801527
TFT17_Talon,TFT17_Item_PulsefireEmblemItem,39,0.4358974358974359,4.3076923076923075
TFT17_Talon,TFTEvent5YR_Item_GlacialMallet,7,0.42857142857142855,4.857142857142857
TFT17_Talon,TFT_Item_InfinityEdge,245,0.42448979591836733,4.8040816326530615
TFT17_Talon,TFT17_Item_DRXEmblemItem,58,0.41379310344827586,4.758620689655173
TFT17_Talon,TFT_Item_TitansResolve,91,0.4065934065934066,4.846153846153846
TFT17_Talon,TFT_Item_JeweledGauntlet,32,0.40625,5.0
TFT17_Talon,TFT_Item_BFSword,58,0.39655172413793105,5.224137931034483
TFT17_Talon,TFT_Item_IonicSpark,26,0.38461538461538464,5.153846153846154
TFT17_Talon,TFT_Item_SpectralGauntlet,42,0.38095238095238093,5.095238095238095
TFT17_Talon,TFT_Item_SparringGloves,40,0.375,5.375
TFT17_Talon,TFT17_Item_DarkStarEmblemItem,28,0.35714285714285715,5.464285714285714
TFT17_Talon,TFT17_Item_ASTraitEmblemItem,17,0.35294117647058826,5.705882352941177
TFT17_Talon,TFT_Item_Redemption,26,0.34615384615384615,5.230769230769231
TFT17_Talon,TFT_Item_ChainVest,9,0.3333333333333333,5.333333333333333
TFT17_Talon,TFT_Item_TearOfTheGoddess,26,0.3076923076923077,5.884615384615385
TFT17_Talon,TFT_Item_RecurveBow,43,0.3023255813953488,5.465116279069767
TFT17_Talon,TFT17_Item_RangedTraitEmblemItem,41,0.2926829268292683,5.414634146341464
TFT17_Talon,TFT_Item_TacticiansRing,7,0.2857142857142857,5.571428571428571
TFT17_Talon,TFTEvent5YR_Item_LavenderCrown,19,0.2631578947368421,5.578947368421052
TFT17_Talon,TFT17_Item_AnimaSquadEmblemItem,8,0.25,6.5
TFT17_Talon,TFT17_Item_Artifact_EvelynnArtifact,12,0.25,6.0
TFT17_Talon,TFT17_Item_FlexTraitEmblemItem,8,0.25,5.5
TFT17_Talon,TFT17_Item_SummonTraitEmblemItem,8,0.25,6.0
TFT17_Talon,TFT_Item_Artifact_Dawncore,8,0.25,5.75
TFT17_Talon,TFT_Item_GiantsBelt,12,0.25,5.833333333333333
TFT17_Talon,TFT_Item_Artifact_WitsEnd,5,0.2,5.0
TFT17_Talon,TFT17_Item_PrimordianEmblemItem,16,0.1875,5.875
TFT17_Talon,TFT_Item_NeedlesslyLargeRod,16,0.1875,6.0625
TFT17_Talon,TFTEvent5YR_Item_ShimmerscaleDravensAxe,11,0.18181818181818182,5.7272727272727275
TFT17_Talon,TFT17_Item_AstronautEmblemItem,7,0.14285714285714285,6.142857142857143
TFT17_Talon,TFT4_Item_OrnnZhonyasParadox,8,0.125,5.875
TFT17_Talon,TFT_Item_Artifact_Mittens,8,0.125,5.625
TFT17_Talon,TFT_Item_NegatronCloak,8,0.125,5.75
TFT17_Talon,TFT_Item_Artifact_ProwlersClaw,10,0.1,6.1
TFT17_Talon,TFT4_Item_OrnnTheCollector,5,0.0,6.4
TFT17_Teemo,TFT_Item_FrozenHeart,5,1.0,2.8
TFT17_Teemo,TFT_Item_Redemption,7,0.8571428571428571,3.5714285714285716
TFT17_Teemo,TFT17_Item_PsyOps_ChemicalCapacitorMod,6,0.8333333333333334,3.6666666666666665
TFT17_Teemo,TFT17_Item_Artifact_EvelynnArtifact,5,0.8,3.4
TFT17_Teemo,TFT17_Item_PsyOps_DroneMod,5,0.8,3.0
TFT17_Teemo,TFT_Item_ForceOfNature,34,0.7941176470588235,2.6470588235294117
TFT17_Teemo,TFT17_Item_PsyOpsEmblemItem,10,0.7,3.8
TFT17_Teemo,TFT_Item_Artifact_LichBane,13,0.6923076923076923,3.8461538461538463
TFT17_Teemo,TFT_Item_Artifact_NavoriFlickerblades,63,0.6825396825396826,3.6984126984126986
TFT17_Teemo,TFT_Item_EmptyBag,6,0.6666666666666666,3.3333333333333335
TFT17_Teemo,TFT_Item_SparringGloves,33,0.6666666666666666,4.121212121212121
TFT17_Teemo,TFT_Item_WarmogsArmor,6,0.6666666666666666,4.5
TFT17_Teemo,TFT_Item_Artifact_BlightingJewel,11,0.6363636363636364,3.8181818181818183
TFT17_Teemo,TFT_Item_TitansResolve,16,0.625,4.0625
TFT17_Teemo,TFT_Item_Artifact_StatikkShiv,69,0.6231884057971014,4.028985507246377
TFT17_Teemo,TFT_Item_Artifact_WitsEnd,29,0.6206896551724138,4.0
TFT17_Teemo,TFT_Item_BrambleVest,5,0.6,4.0
TFT17_Teemo,TFT_Item_GuardianAngel,25,0.6,4.12
TFT17_Teemo,TFT_Item_AdaptiveHelm,27,0.5925925925925926,4.407407407407407
TFT17_Teemo,TFT_Item_NeedlesslyLargeRod,80,0.5875,4.3
TFT17_Teemo,TFT_Item_TacticiansRing,63,0.5873015873015873,4.365079365079365
TFT17_Teemo,TFT_Item_Artifact_RapidFirecannon,7,0.5714285714285714,4.428571428571429
TFT17_Teemo,TFT_Item_GargoyleStoneplate,7,0.5714285714285714,4.285714285714286
TFT17_Teemo,TFT_Item_SteraksGage,7,0.5714285714285714,3.857142857142857
TFT17_Teemo,TFT_Item_RabadonsDeathcap,673,0.5572065378900446,4.270430906389302
TFT17_Teemo,TFT_Item_HextechGunblade,680,0.5558823529411765,4.283823529411765
TFT17_Teemo,TFT_Item_MadredsBloodrazor,1080,0.5509259259259259,4.2935185185185185
TFT17_Teemo,TFT17_Item_PulsefireEmblemItem,20,0.55,4.7
TFT17_Teemo,TFT17_Item_ShieldTankEmblemItem,73,0.547945205479452,4.301369863013699
TFT17_Teemo,TFT_Item_Artifact_Mittens,11,0.5454545454545454,4.7272727272727275
TFT17_Teemo,TFT_Item_RecurveBow,103,0.5339805825242718,4.650485436893204
TFT17_Teemo,TFT7_Item_ShimmerscaleGamblersBlade,90,0.5333333333333333,4.2444444444444445
TFT17_Teemo,TFT_Item_ThiefsGloves,95,0.5157894736842106,4.515789473684211
TFT17_Teemo,TFT_Item_GuinsoosRageblade,2046,0.5102639296187683,4.475073313782991
TFT17_Teemo,TFT17_AnimaSquadItem_Tier0_SparkingPrototype,6,0.5,4.5
TFT17_Teemo,TFT17_Item_Artifact_AhriArtifact,8,0.5,3.875
TFT17_Teemo,TFT17_Item_DarkStarEmblemItem,34,0.5,4.735294117647059
TFT17_Teemo,TFT4_Item_OrnnZhonyasParadox,22,0.5,4.545454545454546
TFT17_Teemo,TFT_Item_Artifact_CappaJuice,8,0.5,4.625
TFT17_Teemo,TFT_Item_RedBuff,6,0.5,4.666666666666667
TFT17_Teemo,TFT_Item_PowerGauntlet,137,0.49635036496350365,4.467153284671533
TFT17_Teemo,TFT_Item_ArchangelsStaff,267,0.49063670411985016,4.464419475655431
TFT17_Teemo,TFT17_Item_FlexTraitEmblemItem,25,0.48,4.52
TFT17_Teemo,TFT_Item_UnstableConcoction,36,0.4722222222222222,4.777777777777778
TFT17_Teemo,TFT_Item_Quicksilver,68,0.47058823529411764,4.264705882352941
TFT17_Teemo,TFT5_Item_GuinsoosRagebladeRadiant,15,0.4666666666666667,4.8
TFT17_Teemo,TFT_Item_InfinityEdge,26,0.46153846153846156,4.961538461538462
TFT17_Teemo,TFT_Item_LastWhisper,53,0.4528301886792453,4.886792452830188
TFT17_Teemo,TFT17_Item_AnimaSquadEmblemItem,9,0.4444444444444444,4.666666666666667
TFT17_Teemo,TFT17_Item_Artifact_VarusArtifact,68,0.4411764705882353,4.632352941176471
TFT17_Teemo,TFT_Item_JeweledGauntlet,366,0.43989071038251365,4.909836065573771
TFT17_Teemo,TFT17_Item_ASTraitEmblemItem,16,0.4375,4.9375
TFT17_Teemo,TFT_Item_BlueBuff,23,0.43478260869565216,5.0
TFT17_Teemo,TFT_Item_BFSword,56,0.42857142857142855,5.071428571428571
TFT17_Teemo,TFT_Item_NightHarvester,7,0.42857142857142855,4.571428571428571
TFT17_Teemo,TFT_Item_RunaansHurricane,21,0.42857142857142855,4.9523809523809526
TFT17_Teemo,TFTEvent5YR_Item_GlacialMallet,19,0.42105263157894735,4.7894736842105265
TFT17_Teemo,TFT_Item_TearOfTheGoddess,29,0.41379310344827586,4.896551724137931
TFT17_Teemo,TFT17_EkkoOffering_AnomalyItem,17,0.4117647058823529,5.235294117647059
TFT17_Teemo,TFT_Item_RapidFireCannon,113,0.40707964601769914,5.168141592920354
TFT17_Teemo,TFT_Item_StatikkShiv,306,0.40522875816993464,5.088235294117647
TFT17_Teemo,TFT17_Item_DRXEmblemItem,10,0.4,5.7
TFT17_Teemo,TFT17_Item_HPTankEmblemItem,5,0.4,5.4
TFT17_Teemo,TFT5_Item_HextechGunbladeRadiant,5,0.4,4.6
TFT17_Teemo,TFT_Item_Bloodthirster,5,0.4,5.6
TFT17_Teemo,TFT17_Item_RangedTraitEmblemItem,38,0.39473684210526316,5.2368421052631575
TFT17_Teemo,TFTEvent5YR_Item_ShimmerscaleDravensAxe,31,0.3870967741935484,5.290322580645161
TFT17_Teemo,TFT_Item_Deathblade,13,0.38461538461538464,5.538461538461538
TFT17_Teemo,TFT17_Item_FavoredEmblemItem,37,0.3783783783783784,4.513513513513513
TFT17_Teemo,TFT17_Item_AstronautEmblemItem,8,0.375,4.875
TFT17_Teemo,TFT5_Item_RabadonsDeathcapRadiant,8,0.375,4.75
TFT17_Teemo,TFT9_Item_CrownOfDemacia,46,0.3695652173913043,4.913043478260869
TFT17_Teemo,TFT_Item_Leviathan,82,0.36585365853658536,5.060975609756097
TFT17_Teemo,TFT17_Item_AssassinTraitEmblemItem,20,0.35,5.05
TFT17_Teemo,TFT_Item_Morellonomicon,70,0.34285714285714286,5.442857142857143
TFT17_Teemo,TFT17_AnimaSquadItem_Tier0_LeakyPrototype,6,0.3333333333333333,5.333333333333333
TFT17_Teemo,TFTEvent5YR_Item_SevikasJinxedArm,9,0.3333333333333333,5.666666666666667
TFT17_Teemo,TFT_Item_NegatronCloak,6,0.3333333333333333,4.666666666666667
TFT17_Teemo,TFT17_Item_StargazerEmblemItem,25,0.32,5.36
TFT17_Teemo,TFT9_Item_OrnnHorizonFocus,7,0.2857142857142857,6.285714285714286
TFT17_Teemo,TFT_Item_SpearOfShojin,55,0.2727272727272727,5.654545454545454
TFT17_Teemo,TFT17_Item_MeleeTraitEmblemItem,16,0.25,4.9375
TFT17_Teemo,TFT_Item_Artifact_EternalPact,8,0.25,5.875
TFT17_Teemo,TFTEvent5YR_Item_ShimmerscaleGoldmancersStaff,29,0.2413793103448276,5.758620689655173
TFT17_Teemo,TFTEvent5YR_Item_MaestrosBaton,9,0.2222222222222222,5.444444444444445
TFT17_Teemo,TFT17_Item_PrimordianEmblemItem,5,0.2,5.0
TFT17_Teemo,TFTEvent5YR_Item_ShimmerscaleCrownOfChampions,10,0.2,5.8
TFT17_Teemo,TFT_Item_ChainVest,5,0.2,5.8
TFT17_Teemo,TFT17_Item_Artifact_YasuoArtifact,7,0.14285714285714285,5.0
TFT17_TwistedFate,TFT5_Item_BlueBuffRadiant,5,1.0,3.2
TFT17_TwistedFate,TFT_Item_EmptyBag,33,0.8787878787878788,1.606060606060606
TFT17_TwistedFate,TFT_Item_Artifact_Mittens,6,0.8333333333333334,3.1666666666666665
TFT17_TwistedFate,TFT_Item_IonicSpark,6,0.8333333333333334,2.6666666666666665
TFT17_TwistedFate,TFT5_Item_GiantSlayerRadiant,5,0.8,3.4
TFT17_TwistedFate,TFT_Item_BrambleVest,10,0.8,3.2
TFT17_TwistedFate,TFT_Item_ForceOfNature,64,0.796875,2.875
TFT17_TwistedFate,TFT_Item_DragonsClaw,21,0.7619047619047619,3.619047619047619
TFT17_TwistedFate,TFT_Item_Crownguard,18,0.7222222222222222,3.5
TFT17_TwistedFate,TFT_Item_FrozenHeart,20,0.7,3.65
TFT17_TwistedFate,TFT_Item_WarmogsArmor,26,0.6923076923076923,3.8846153846153846
TFT17_TwistedFate,TFT4_Item_OrnnZhonyasParadox,9,0.6666666666666666,3.6666666666666665
TFT17_TwistedFate,TFT_Item_NightHarvester,14,0.6428571428571429,4.285714285714286
TFT17_TwistedFate,TFT_Item_InfinityEdge,54,0.6296296296296297,4.203703703703703
TFT17_TwistedFate,TFT7_Item_ShimmerscaleGamblersBlade,16,0.625,4.1875
TFT17_TwistedFate,TFT_Item_GargoyleStoneplate,18,0.6111111111111112,3.888888888888889
TFT17_TwistedFate,TFT_Item_Artifact_Dawncore,28,0.6071428571428571,4.428571428571429
TFT17_TwistedFate,TFT_Item_SparringGloves,208,0.6009615384615384,3.956730769230769
TFT17_TwistedFate,TFT_Item_HextechGunblade,276,0.5905797101449275,4.072463768115942
TFT17_TwistedFate,TFT17_Item_Artifact_YasuoArtifact,7,0.5714285714285714,3.857142857142857
TFT17_TwistedFate,TFT17_Item_PsyOpsEmblemItem,7,0.5714285714285714,4.285714285714286
TFT17_TwistedFate,TFTEvent5YR_Item_ShimmerscaleDravensAxe,14,0.5714285714285714,4.142857142857143
TFT17_TwistedFate,TFT_Item_ArchangelsStaff,391,0.5703324808184144,4.378516624040921
TFT17_TwistedFate,TFT_Item_ThiefsGloves,411,0.5693430656934306,4.201946472019465
TFT17_TwistedFate,TFT_Item_RedBuff,16,0.5625,3.8125
TFT17_TwistedFate,TFT_Item_StatikkShiv,221,0.5610859728506787,4.271493212669683
TFT17_TwistedFate,TFT_Item_NeedlesslyLargeRod,225,0.5555555555555556,4.293333333333333
TFT17_TwistedFate,TFT_Item_MadredsBloodrazor,450,0.5533333333333333,4.228888888888889
TFT17_TwistedFate,TFT_Item_GuardianAngel,38,0.5526315789473685,4.473684210526316
TFT17_TwistedFate,TFT_Item_Morellonomicon,296,0.5472972972972973,4.385135135135135
TFT17_TwistedFate,TFT_Item_RecurveBow,291,0.5463917525773195,4.29553264604811
TFT17_TwistedFate,TFT_Item_Artifact_NavoriFlickerblades,11,0.5454545454545454,5.0
TFT17_TwistedFate,TFT_Item_AdaptiveHelm,144,0.5416666666666666,4.180555555555555
TFT17_TwistedFate,TFT_Item_SteraksGage,24,0.5416666666666666,4.125
TFT17_TwistedFate,TFT17_Item_PulsefireEmblemItem,87,0.5402298850574713,4.425287356321839
TFT17_TwistedFate,TFT_Item_Artifact_CappaJuice,13,0.5384615384615384,4.384615384615385
TFT17_TwistedFate,TFT_Item_SpearOfShojin,968,0.5382231404958677,4.350206611570248
TFT17_TwistedFate,TFT_Item_Artifact_LichBane,30,0.5333333333333333,4.7
TFT17_TwistedFate,TFT_Item_RunaansHurricane,53,0.5283018867924528,4.528301886792453
TFT17_TwistedFate,TFT_Item_UnstableConcoction,72,0.5277777777777778,4.208333333333333
TFT17_TwistedFate,TFT_Item_PowerGauntlet,563,0.5239786856127886,4.4369449378330375
TFT17_TwistedFate,TFT_Item_BFSword,147,0.5238095238095238,4.401360544217687
TFT17_TwistedFate,TFT_Item_TearOfTheGoddess,93,0.5161290322580645,4.473118279569892
TFT17_TwistedFate,TFT_Item_RapidFireCannon,293,0.515358361774744,4.392491467576792
TFT17_TwistedFate,TFT_Item_BlueBuff,301,0.5149501661129569,4.392026578073089
TFT17_TwistedFate,TFT17_Item_ResistTankEmblemItem,10,0.5,4.6
TFT17_TwistedFate,TFT5_Item_LeviathanRadiant,24,0.5,4.625
TFT17_TwistedFate,TFT5_Item_RabadonsDeathcapRadiant,16,0.5,4.6875
TFT17_TwistedFate,TFT_Item_LastWhisper,58,0.5,4.620689655172414
TFT17_TwistedFate,TFT_Item_Quicksilver,90,0.5,4.566666666666666
TFT17_TwistedFate,TFT_Item_Redemption,12,0.5,4.25
TFT17_TwistedFate,TFT_Item_Spatula,8,0.5,4.125
TFT17_TwistedFate,TFT_Item_SpectralGauntlet,16,0.5,4.5625
TFT17_TwistedFate,TFT_Item_RabadonsDeathcap,1452,0.49793388429752067,4.493801652892562
TFT17_TwistedFate,TFT_Item_Leviathan,2017,0.4962816063460585,4.571145265245414
TFT17_TwistedFate,TFT17_Item_DRXEmblemItem,75,0.49333333333333335,4.453333333333333
TFT17_TwistedFate,TFT_Item_GuinsoosRageblade,249,0.4899598393574297,4.570281124497992
TFT17_TwistedFate,TFT_Item_TacticiansRing,58,0.4827586206896552,4.741379310344827
TFT17_TwistedFate,TFT17_Item_AssassinTraitEmblemItem,49,0.46938775510204084,4.612244897959184
TFT17_TwistedFate,TFT17_Item_Artifact_VarusArtifact,45,0.4666666666666667,4.888888888888889
TFT17_TwistedFate,TFT_Item_Artifact_RapidFirecannon,11,0.45454545454545453,5.2727272727272725
TFT17_TwistedFate,TFT_Item_Bloodthirster,22,0.45454545454545453,4.2727272727272725
TFT17_TwistedFate,TFT_Item_JeweledGauntlet,632,0.44462025316455694,4.818037974683544
TFT17_TwistedFate,TFT17_Item_FlexTraitEmblemItem,18,0.4444444444444444,5.555555555555555
TFT17_TwistedFate,TFT4_Item_OrnnInfinityForce,9,0.4444444444444444,4.666666666666667
TFT17_TwistedFate,TFTEvent5YR_Item_SevikasJinxedArm,9,0.4444444444444444,5.222222222222222
TFT17_TwistedFate,TFT_Item_TitansResolve,25,0.44,4.68
TFT17_TwistedFate,TFT9_Item_CrownOfDemacia,16,0.4375,4.8125
TFT17_TwistedFate,TFT5_Item_ThiefsGlovesRadiant,7,0.42857142857142855,4.285714285714286
TFT17_TwistedFate,TFT_Item_Artifact_LudensTempest,55,0.41818181818181815,4.818181818181818
TFT17_TwistedFate,TFT17_Item_Artifact_AhriArtifact,41,0.4146341463414634,4.975609756097561
TFT17_TwistedFate,TFT_Item_Artifact_EternalPact,37,0.40540540540540543,4.783783783783784
TFT17_TwistedFate,TFTEvent5YR_Item_ShimmerscaleGoldmancersStaff,42,0.40476190476190477,4.761904761904762
TFT17_TwistedFate,TFTEvent5YR_Item_ShimmerscaleCrownOfChampions,15,0.4,4.6
TFT17_TwistedFate,TFT_Item_Artifact_StatikkShiv,28,0.39285714285714285,5.285714285714286
TFT17_TwistedFate,TFT17_Item_ASTraitEmblemItem,16,0.375,4.6875
TFT17_TwistedFate,TFT17_Item_RangedTraitEmblemItem,32,0.375,5.375
TFT17_TwistedFate,TFTEvent5YR_Item_GlacialMallet,8,0.375,5.125
TFT17_TwistedFate,TFT_Item_Artifact_Fishbones,8,0.375,5.25
TFT17_TwistedFate,TFT_Item_Deathblade,39,0.358974358974359,5.051282051282051
TFT17_TwistedFate,TFT17_Item_SummonTraitEmblemItem,17,0.35294117647058826,5.470588235294118
TFT17_TwistedFate,TFT9_Item_OrnnHorizonFocus,12,0.3333333333333333,5.416666666666667
TFT17_TwistedFate,TFTEvent5YR_Item_MaestrosBaton,9,0.3333333333333333,5.111111111111111
TFT17_TwistedFate,TFT_Item_Artifact_WitsEnd,6,0.3333333333333333,5.0
TFT17_TwistedFate,TFT17_Item_AstronautEmblemItem,10,0.3,5.1
TFT17_TwistedFate,TFT_Item_GiantsBelt,10,0.3,5.6
TFT17_TwistedFate,TFT17_EkkoOffering_AnomalyItem,20,0.25,5.6
TFT17_TwistedFate,TFT17_Item_DarkStarEmblemItem,20,0.25,5.7
TFT17_TwistedFate,TFT17_AnimaSquadItem_Tier0_LeakyPrototype,5,0.2,4.8
TFT17_TwistedFate,TFT17_AnimaSquadItem_Tier0_SparkingPrototype,5,0.2,5.2
TFT17_TwistedFate,TFT17_Item_MeleeTraitEmblemItem,20,0.2,5.95
TFT17_TwistedFate,TFT17_Item_SpaceGrooveEmblemItem,10,0.2,6.0
TFT17_TwistedFate,TFT17_Item_FavoredEmblemItem,6,0.16666666666666666,6.0
TFT17_TwistedFate,TFT_Item_Artifact_SeekersArmguard,6,0.16666666666666666,6.0
TFT17_Urgot,TFTEvent5YR_Item_ShimmerscaleCrownOfChampions,6,1.0,3.1666666666666665
TFT17_Urgot,TFT_Item_EmptyBag,285,0.9508771929824561,1.4350877192982456
TFT17_Urgot,TFT5_Item_MorellonomiconRadiant,6,0.8333333333333334,3.3333333333333335
TFT17_Urgot,TFT5_Item_TrapClawRadiant,6,0.8333333333333334,3.5
TFT17_Urgot,TFT5_Item_RabadonsDeathcapRadiant,8,0.75,3.625
TFT17_Urgot,TFTEvent5YR_Item_LavenderCrown,34,0.6764705882352942,3.7058823529411766
TFT17_Urgot,TFT5_Item_LeviathanRadiant,6,0.6666666666666666,4.5
TFT17_Urgot,TFTEvent5YR_Item_ShimmerscaleGoldmancersStaff,9,0.6666666666666666,3.888888888888889
TFT17_Urgot,TFT_Item_ForceOfNature,60,0.6666666666666666,3.6166666666666667
TFT17_Urgot,TFT5_Item_QuicksilverRadiant,20,0.65,4.55
TFT17_Urgot,TFTEvent5YR_Item_ShimmerscaleDravensAxe,34,0.6176470588235294,4.117647058823529
TFT17_Urgot,TFT17_Item_PsyOps_TargetlockMod_Radiant,13,0.6153846153846154,4.230769230769231
TFT17_Urgot,TFT_Item_Spatula,10,0.6,4.1
TFT17_Urgot,TFT17_Item_PsyOps_ChemicalCapacitorMod,451,0.5875831485587583,4.137472283813747
TFT17_Urgot,TFT17_Item_PsyOps_TargetlockMod,653,0.5819295558958653,4.026033690658499
TFT17_Urgot,TFT_Item_Leviathan,361,0.5817174515235457,4.191135734072022
TFT17_Urgot,TFT_Item_IonicSpark,179,0.5810055865921788,4.201117318435754
TFT17_Urgot,TFT_Item_NightHarvester,248,0.5806451612903226,4.237903225806452
TFT17_Urgot,TFT17_Item_PrimordianEmblemItem,144,0.5763888888888888,4.180555555555555
TFT17_Urgot,TFT_Item_DragonsClaw,184,0.5760869565217391,4.440217391304348
TFT17_Urgot,TFT5_Item_ArchangelsStaffRadiant,7,0.5714285714285714,4.142857142857143
TFT17_Urgot,TFT5_Item_HandOfJusticeRadiant,14,0.5714285714285714,4.571428571428571
TFT17_Urgot,TFT_Item_BrambleVest,217,0.5668202764976958,4.336405529953917
TFT17_Urgot,TFT_Item_ThiefsGloves,4565,0.5664841182913473,4.208543263964951
TFT17_Urgot,TFT_Item_PowerGauntlet,1501,0.5662891405729513,4.2025316455696204
TFT17_Urgot,TFT17_Item_Artifact_AhriArtifact,16,0.5625,4.4375
TFT17_Urgot,TFT_Item_StatikkShiv,477,0.559748427672956,4.352201257861635
TFT17_Urgot,TFT4_Item_OrnnDeathsDefiance,122,0.5573770491803278,4.409836065573771
TFT17_Urgot,TFT17_Item_PsyOps_ChemicalCapacitorMod_Radiant,9,0.5555555555555556,4.0
TFT17_Urgot,TFT5_Item_BrambleVestRadiant,9,0.5555555555555556,4.333333333333333
TFT17_Urgot,TFT_Item_LastWhisper,2400,0.5541666666666667,4.25375
TFT17_Urgot,TFT_Item_SpectralGauntlet,421,0.5534441805225653,4.209026128266033
TFT17_Urgot,TFT_Item_RunaansHurricane,675,0.5525925925925926,4.2592592592592595
TFT17_Urgot,TFT_Item_Deathblade,2266,0.5516328331862312,4.265666372462489
TFT17_Urgot,TFT_Item_Crownguard,198,0.5505050505050505,4.393939393939394
TFT17_Urgot,TFT_Item_RapidFireCannon,1564,0.5498721227621484,4.281329923273657
TFT17_Urgot,TFT17_Item_PsyOps_DroneMod,1113,0.5471698113207547,4.36837376460018
TFT17_Urgot,TFT5_Item_LastWhisperRadiant,11,0.5454545454545454,4.181818181818182
TFT17_Urgot,TFT_Item_SteraksGage,2720,0.5430147058823529,4.2875
TFT17_Urgot,TFT_Item_UnstableConcoction,2315,0.5386609071274298,4.327861771058315
TFT17_Urgot,TFT5_Item_RunaansHurricaneRadiant,13,0.5384615384615384,4.538461538461538
TFT17_Urgot,TFT_Item_AdaptiveHelm,442,0.5384615384615384,4.377828054298643
TFT17_Urgot,TFT17_AnimaSquadItem_Tier2_UwuBlaster,71,0.5352112676056338,4.014084507042254
TFT17_Urgot,TFT_Item_JeweledGauntlet,316,0.5316455696202531,4.408227848101266
TFT17_Urgot,TFT_Item_TacticiansRing,83,0.5301204819277109,4.481927710843373
TFT17_Urgot,TFT_Item_HextechGunblade,930,0.5279569892473118,4.338709677419355
TFT17_Urgot,TFT17_Item_Artifact_VarusArtifact,36,0.5277777777777778,4.777777777777778
TFT17_Urgot,TFTEvent5YR_Item_SevikasJinxedArm,38,0.5263157894736842,4.473684210526316
TFT17_Urgot,TFT_Item_MadredsBloodrazor,3189,0.5261837566635309,4.3518344308560675
TFT17_Urgot,TFT17_Item_DRXEmblemItem,978,0.5255623721881391,4.357873210633946
TFT17_Urgot,TFT_Item_ArchangelsStaff,278,0.5215827338129496,4.341726618705036
TFT17_Urgot,TFT_Item_Morellonomicon,1258,0.5206677265500795,4.40779014308426
TFT17_Urgot,TFT17_Item_PsyOps_SympatheticImplantMod,751,0.5193075898801598,4.3675099866844205
TFT17_Urgot,TFT_Item_GargoyleStoneplate,241,0.5186721991701245,4.356846473029045
TFT17_Urgot,TFT17_AnimaSquadItem_Tier1_GuidingHex,83,0.5180722891566265,4.421686746987952
TFT17_Urgot,TFT_Item_Redemption,243,0.51440329218107,4.633744855967078
TFT17_Urgot,TFT_Item_RedBuff,380,0.5131578947368421,4.473684210526316
TFT17_Urgot,TFT17_Item_DarkStarEmblemItem,193,0.5129533678756477,4.538860103626943
TFT17_Urgot,TFT_Item_InfinityEdge,2963,0.5106311171110361,4.4444819439757
TFT17_Urgot,TFT17_Item_ResistTankEmblemItem,143,0.5104895104895105,4.4475524475524475
TFT17_Urgot,TFT_Item_Quicksilver,2716,0.5084683357879234,4.490427098674521
TFT17_Urgot,TFT4_Item_OrnnInfinityForce,203,0.5073891625615764,4.6600985221674875
TFT17_Urgot,TFT_Item_Bloodthirster,1602,0.5056179775280899,4.514357053682897
TFT17_Urgot,TFT5_Item_HextechGunbladeRadiant,10,0.5,4.3
TFT17_Urgot,TFT9_Item_OrnnHorizonFocus,14,0.5,4.285714285714286
TFT17_Urgot,TFT_Item_Artifact_EternalPact,16,0.5,4.75
TFT17_Urgot,TFT_Item_Artifact_StatikkShiv,22,0.5,4.590909090909091
TFT17_Urgot,TFT_Item_Artifact_TitanicHydra,151,0.4966887417218543,4.483443708609271
TFT17_Urgot,TFT17_Item_PsyOpsEmblemItem,583,0.4957118353344768,4.548885077186964
TFT17_Urgot,TFT_Item_Artifact_Fishbones,101,0.49504950495049505,4.5049504950495045
TFT17_Urgot,TFT17_Item_PulsefireEmblemItem,251,0.4940239043824701,4.621513944223108
TFT17_Urgot,TFT_Item_GuinsoosRageblade,978,0.4938650306748466,4.544989775051125
TFT17_Urgot,TFT_Item_GuardianAngel,1269,0.4925137903861308,4.567375886524823
TFT17_Urgot,TFT_Item_NegatronCloak,92,0.4891304347826087,4.619565217391305
TFT17_Urgot,TFT_Item_SpearOfShojin,472,0.4872881355932203,4.595338983050848
TFT17_Urgot,TFT17_AnimaSquadItem_Tier2_CyclonicSlicers,39,0.48717948717948717,4.512820512820513
TFT17_Urgot,TFT_Item_Artifact_WitsEnd,35,0.4857142857142857,4.742857142857143
TFT17_Urgot,TFT17_Item_FlexTraitEmblemItem,206,0.4854368932038835,4.475728155339806
TFT17_Urgot,TFT_Item_RabadonsDeathcap,285,0.4842105263157895,4.63859649122807
TFT17_Urgot,TFT_Item_WarmogsArmor,349,0.4813753581661891,4.707736389684814
TFT17_Urgot,TFT_Item_Artifact_SilvermereDawn,50,0.48,4.76
TFT17_Urgot,TFT17_Item_PsyOps_DroneMod_Radiant,46,0.4782608695652174,4.543478260869565
TFT17_Urgot,TFT_Item_Artifact_RapidFirecannon,111,0.4774774774774775,4.45045045045045
TFT17_Urgot,TFT17_Item_FavoredEmblemItem,143,0.4755244755244755,4.6923076923076925
TFT17_Urgot,TFT_Item_TitansResolve,1067,0.4742268041237113,4.58950328022493
TFT17_Urgot,TFT5_Item_ThiefsGlovesRadiant,155,0.47096774193548385,4.703225806451613
TFT17_Urgot,TFT_Item_Artifact_ProwlersClaw,327,0.4709480122324159,4.703363914373089
TFT17_Urgot,TFT5_Item_BlueBuffRadiant,15,0.4666666666666667,4.666666666666667
TFT17_Urgot,TFT_Item_BlueBuff,478,0.4665271966527197,4.696652719665272
TFT17_Urgot,TFT_Item_Artifact_LichBane,28,0.4642857142857143,4.821428571428571
TFT17_Urgot,TFT_Item_FrozenHeart,266,0.462406015037594,4.7105263157894735
TFT17_Urgot,TFT17_Item_SummonTraitEmblemItem,75,0.4533333333333333,4.8
TFT17_Urgot,TFT4_Item_OrnnTheCollector,75,0.4533333333333333,4.693333333333333
TFT17_Urgot,TFT_Item_NeedlesslyLargeRod,150,0.4533333333333333,4.86
TFT17_Urgot,TFT_Item_Artifact_Mittens,106,0.4528301886792453,4.811320754716981
TFT17_Urgot,TFT17_Item_AssassinTraitEmblemItem,124,0.45161290322580644,4.42741935483871
TFT17_Urgot,TFT17_AnimaSquadItem_Tier1_TentacleSlam,40,0.45,5.2
TFT17_Urgot,TFT17_AnimaSquadItem_Tier2_BattleBunnyCrossbow,108,0.4444444444444444,4.796296296296297
TFT17_Urgot,TFT5_Item_GuinsoosRagebladeRadiant,9,0.4444444444444444,5.222222222222222
TFT17_Urgot,TFT5_Item_RedemptionRadiant,9,0.4444444444444444,5.333333333333333
TFT17_Urgot,TFT_Item_GiantsBelt,106,0.44339622641509435,4.971698113207547
TFT17_Urgot,TFT17_Item_StargazerEmblemItem,170,0.4411764705882353,4.882352941176471
TFT17_Urgot,TFT17_Item_ASTraitEmblemItem,1451,0.4376292212267402,4.862164024810475
TFT17_Urgot,TFT17_Item_RangedTraitEmblemItem,144,0.4375,4.798611111111111
TFT17_Urgot,TFTEvent5YR_Item_MaestrosBaton,16,0.4375,5.125
TFT17_Urgot,TFT_Item_Artifact_CappaJuice,16,0.4375,4.375
TFT17_Urgot,TFT17_AnimaSquadItem_Tier2_Annihilator,14,0.42857142857142855,4.785714285714286
TFT17_Urgot,TFT17_Item_ShieldTankEmblemItem,35,0.42857142857142855,4.828571428571428
TFT17_Urgot,TFT_Item_RecurveBow,460,0.4260869565217391,4.9
TFT17_Urgot,TFT17_EkkoOffering_AnomalyItem,142,0.4225352112676056,4.690140845070423
TFT17_Urgot,TFT17_AnimaSquadItem_Tier1_SavageSlicer,216,0.4212962962962963,4.967592592592593
TFT17_Urgot,TFT17_AnimaSquadItem_Tier0_LeakyPrototype,38,0.42105263157894735,5.026315789473684
TFT17_Urgot,TFT_Item_Artifact_SeekersArmguard,19,0.42105263157894735,4.526315789473684
TFT17_Urgot,TFT_Item_Artifact_LudensTempest,31,0.41935483870967744,4.741935483870968
TFT17_Urgot,TFT5_Item_JeweledGauntletRadiant,12,0.4166666666666667,4.916666666666667
TFT17_Urgot,TFT7_Item_ShimmerscaleGamblersBlade,41,0.4146341463414634,4.7073170731707314
TFT17_Urgot,TFT_Item_Artifact_TalismanOfAscension,29,0.41379310344827586,5.068965517241379
TFT17_Urgot,TFT17_AnimaSquadItem_Tier0_ClunkyPrototype,17,0.4117647058823529,4.882352941176471
TFT17_Urgot,TFT17_Item_PsyOps_GrenadeMod,39,0.41025641025641024,5.0
TFT17_Urgot,TFT17_Item_Artifact_EvelynnArtifact,127,0.4094488188976378,5.039370078740157
TFT17_Urgot,TFT_Item_Artifact_HellfireHatchet,165,0.40606060606060607,4.86060606060606
TFT17_Urgot,TFT5_Item_BloodthirsterRadiant,10,0.4,5.3
TFT17_Urgot,TFT5_Item_NightHarvesterRadiant,10,0.4,4.9
TFT17_Urgot,TFT5_Item_SunfireCapeRadiant,5,0.4,4.4
TFT17_Urgot,TFTEvent5YR_Item_GlacialMallet,20,0.4,4.8
TFT17_Urgot,TFT17_AnimaSquadItem_Tier0_SparkingPrototype,109,0.3944954128440367,5.018348623853211
TFT17_Urgot,TFT5_Item_WarmogsArmorRadiant,18,0.3888888888888889,5.277777777777778
TFT17_Urgot,TFT_Item_BFSword,478,0.38702928870292885,5.098326359832636
TFT17_Urgot,TFT_Item_SparringGloves,384,0.3802083333333333,5.140625
TFT17_Urgot,TFT17_Item_Artifact_YasuoArtifact,128,0.375,5.015625
TFT17_Urgot,TFT5_Item_DeathbladeRadiant,8,0.375,5.5
TFT17_Urgot,TFT5_Item_InfinityEdgeRadiant,16,0.375,5.4375
TFT17_Urgot,TFT17_Item_PsyOps_SympatheticImplantMod_Radiant,35,0.37142857142857144,4.942857142857143
TFT17_Urgot,TFT5_Item_GiantSlayerRadiant,35,0.37142857142857144,5.257142857142857
TFT17_Urgot,TFT_Item_TearOfTheGoddess,160,0.36875,5.14375
TFT17_Urgot,TFT5_Item_GargoyleStoneplateRadiant,11,0.36363636363636365,5.2727272727272725
TFT17_Urgot,TFT_Item_ChainVest,66,0.36363636363636365,5.2727272727272725
TFT17_Urgot,TFT17_Item_AnimaSquadEmblemItem,69,0.36231884057971014,5.202898550724638
TFT17_Urgot,TFT17_Item_AstronautEmblemItem,61,0.36065573770491804,4.934426229508197
TFT17_Urgot,TFT17_AnimaSquadItem_Tier1_RocketSwarm,139,0.3597122302158273,5.388489208633094
TFT17_Urgot,TFT17_AnimaSquadItem_Tier2_EchoingBatblades,64,0.359375,5.421875
TFT17_Urgot,TFT4_Item_OrnnZhonyasParadox,17,0.35294117647058826,4.9411764705882355
TFT17_Urgot,TFT_Item_Artifact_Dawncore,23,0.34782608695652173,5.565217391304348
TFT17_Urgot,TFT17_Item_SpaceGrooveEmblemItem,95,0.3368421052631579,5.3052631578947365
TFT17_Urgot,TFT5_Item_AdaptiveHelmRadiant,9,0.3333333333333333,5.666666666666667
TFT17_Urgot,TFT5_Item_IonicSparkRadiant,12,0.3333333333333333,5.166666666666667
TFT17_Urgot,TFT_Item_Artifact_NavoriFlickerblades,18,0.3333333333333333,5.277777777777778
TFT17_Urgot,TFT5_Item_SpearOfShojinRadiant,10,0.3,5.7
TFT17_Urgot,TFT5_Item_TitansResolveRadiant,10,0.3,5.7
TFT17_Urgot,TFT5_Item_DragonsClawRadiant,7,0.2857142857142857,5.714285714285714
TFT17_Urgot,TFT17_Item_Artifact_EkkoArtifact,11,0.2727272727272727,5.818181818181818
TFT17_Urgot,TFT5_Item_SteraksGageRadiant,19,0.2631578947368421,5.315789473684211
TFT17_Urgot,TFT_Item_Artifact_BlightingJewel,19,0.2631578947368421,5.842105263157895
TFT17_Urgot,TFT5_Item_GuardianAngelRadiant,6,0.16666666666666666,5.833333333333333
TFT17_Urgot,TFT9_Item_OrnnHullbreaker,27,0.14814814814814814,6.185185185185185
TFT17_Urgot,TFT17_Item_Artifact_ThreshLantern,7,0.14285714285714285,5.857142857142857
TFT17_Urgot,TFT5_Item_SpectralGauntletRadiant,7,0.14285714285714285,5.571428571428571
TFT17_Veigar,TFTEvent5YR_Item_ShimmerscaleCrownOfChampions,5,0.8,3.4
TFT17_Veigar,TFT17_Item_PulsefireEmblemItem,8,0.75,3.0
TFT17_Veigar,TFT5_Item_BlueBuffRadiant,26,0.7307692307692307,3.0
TFT17_Veigar,TFT5_Item_StatikkShivRadiant,12,0.6666666666666666,4.0
TFT17_Veigar,TFT_Item_TacticiansRing,14,0.6428571428571429,3.7857142857142856
TFT17_Veigar,TFT_Item_ForceOfNature,11,0.6363636363636364,3.4545454545454546
TFT17_Veigar,TFT17_Item_Artifact_AhriArtifact,72,0.5972222222222222,3.861111111111111
TFT17_Veigar,TFT5_Item_JeweledGauntletRadiant,27,0.5925925925925926,3.888888888888889
TFT17_Veigar,TFT9_Item_OrnnHorizonFocus,14,0.5714285714285714,4.142857142857143
TFT17_Veigar,TFT5_Item_RabadonsDeathcapRadiant,26,0.5384615384615384,4.538461538461538
TFT17_Veigar,TFT5_Item_LeviathanRadiant,96,0.53125,4.3125
TFT17_Veigar,TFT17_Item_RangedTraitEmblemItem,19,0.5263157894736842,4.315789473684211
TFT17_Veigar,TFT_Item_Artifact_EternalPact,40,0.525,3.9
TFT17_Veigar,TFT_Item_PowerGauntlet,428,0.5210280373831776,4.285046728971962
TFT17_Veigar,TFT_Item_Artifact_Dawncore,83,0.5180722891566265,4.421686746987952
TFT17_Veigar,TFT17_Item_PsyOps_DroneMod,6,0.5,4.166666666666667
TFT17_Veigar,TFT5_Item_SpearOfShojinRadiant,12,0.5,4.416666666666667
TFT17_Veigar,TFT_Item_Artifact_BlightingJewel,30,0.5,4.533333333333333
TFT17_Veigar,TFT_Item_RabadonsDeathcap,697,0.4964131994261119,4.519368723098996
TFT17_Veigar,TFT_Item_BlueBuff,601,0.49584026622296173,4.487520798668885
TFT17_Veigar,TFT_Item_SpearOfShojin,1422,0.48523206751054854,4.533052039381153
TFT17_Veigar,TFT_Item_Leviathan,2458,0.48331977217249794,4.536615134255492
TFT17_Veigar,TFT_Item_MadredsBloodrazor,333,0.4804804804804805,4.624624624624625
TFT17_Veigar,TFT_Item_JeweledGauntlet,3458,0.4759976865240023,4.569404279930596
TFT17_Veigar,TFT_Item_AdaptiveHelm,110,0.4727272727272727,4.763636363636364
TFT17_Veigar,TFT_Item_Artifact_LudensTempest,28,0.4642857142857143,4.535714285714286
TFT17_Veigar,TFT17_Item_DarkStarEmblemItem,26,0.46153846153846156,4.923076923076923
TFT17_Veigar,TFT17_Item_FlexTraitEmblemItem,13,0.46153846153846156,4.846153846153846
TFT17_Veigar,TFT_Item_HextechGunblade,111,0.45045045045045046,4.405405405405405
TFT17_Veigar,TFTEvent5YR_Item_ShimmerscaleGoldmancersStaff,27,0.4444444444444444,4.814814814814815
TFT17_Veigar,TFTEvent5YR_Item_SevikasJinxedArm,7,0.42857142857142855,5.0
TFT17_Veigar,TFT_Item_Deathblade,7,0.42857142857142855,4.857142857142857
TFT17_Veigar,TFT9_Item_CrownOfDemacia,12,0.4166666666666667,5.0
TFT17_Veigar,TFT_Item_ArchangelsStaff,212,0.41509433962264153,4.8584905660377355
TFT17_Veigar,TFT_Item_Artifact_LichBane,17,0.4117647058823529,5.176470588235294
TFT17_Veigar,TFT_Item_UnstableConcoction,17,0.4117647058823529,5.235294117647059
TFT17_Veigar,TFT_Item_BFSword,10,0.4,5.6
TFT17_Veigar,TFT_Item_StatikkShiv,303,0.39933993399339934,4.887788778877888
TFT17_Veigar,TFT17_Item_AssassinTraitEmblemItem,13,0.38461538461538464,4.923076923076923
TFT17_Veigar,TFT_Item_Morellonomicon,97,0.3711340206185567,5.175257731958763
TFT17_Veigar,TFT_Item_ThiefsGloves,30,0.36666666666666664,5.4
TFT17_Veigar,TFT_Item_TearOfTheGoddess,20,0.35,5.1
TFT17_Veigar,TFT_Item_GuinsoosRageblade,35,0.3142857142857143,5.457142857142857
TFT17_Veigar,TFT17_Item_SummonTraitEmblemItem,16,0.3125,5.4375
TFT17_Veigar,TFT_Item_RapidFireCannon,71,0.30985915492957744,5.225352112676056
TFT17_Veigar,TFT_Item_Artifact_CappaJuice,10,0.3,5.9
TFT17_Veigar,TFT_Item_SparringGloves,10,0.3,5.3
TFT17_Veigar,TFT17_Item_Artifact_VarusArtifact,18,0.2777777777777778,5.5
TFT17_Veigar,TFT17_EkkoOffering_AnomalyItem,11,0.2727272727272727,5.363636363636363
TFT17_Veigar,TFT_Item_Quicksilver,8,0.25,5.5
TFT17_Veigar,TFT_Item_RecurveBow,20,0.25,6.05
TFT17_Veigar,TFT_Item_NeedlesslyLargeRod,51,0.23529411764705882,5.529411764705882
TFT17_Veigar,TFT17_Item_StargazerEmblemItem,13,0.23076923076923078,5.384615384615385
TFT17_Veigar,TFT_Item_LastWhisper,13,0.23076923076923078,6.230769230769231
TFT17_Veigar,TFT17_Item_SpaceGrooveEmblemItem,7,0.14285714285714285,6.0
TFT17_Vex,TFT5_Item_MorellonomiconRadiant,8,1.0,1.25
TFT17_Vex,TFT_Item_EmptyBag,24,0.9166666666666666,1.4583333333333333
TFT17_Vex,TFTEvent5YR_Item_MaestrosBaton,6,0.8333333333333334,3.5
TFT17_Vex,TFT17_AnimaSquadItem_Tier2_SearingShortbow,75,0.8,2.6
TFT17_Vex,TFT5_Item_LeviathanRadiant,5,0.8,4.4
TFT17_Vex,TFTEvent5YR_Item_GlacialMallet,70,0.7857142857142857,3.3
TFT17_Vex,TFT_Item_GargoyleStoneplate,9,0.7777777777777778,3.2222222222222223
TFT17_Vex,TFT17_AnimaSquadItem_Tier2_EchoingBatblades,7,0.7142857142857143,3.4285714285714284
TFT17_Vex,TFT17_Item_PsyOps_TargetlockMod,41,0.7073170731707317,3.317073170731707
TFT17_Vex,TFT5_Item_ArchangelsStaffRadiant,16,0.6875,3.8125
TFT17_Vex,TFT_Item_FrozenHeart,16,0.6875,3.0625
TFT17_Vex,TFT_Item_Artifact_NavoriFlickerblades,482,0.6493775933609959,3.6556016597510372
TFT17_Vex,TFT_Item_Artifact_StatikkShiv,568,0.647887323943662,3.6549295774647885
TFT17_Vex,TFT5_Item_JeweledGauntletRadiant,42,0.6428571428571429,3.9285714285714284
TFT17_Vex,TFT_Item_SteraksGage,11,0.6363636363636364,3.909090909090909
TFT17_Vex,TFT4_Item_OrnnZhonyasParadox,96,0.6354166666666666,3.5520833333333335
TFT17_Vex,TFT17_AnimaSquadItem_Tier2_BattleBunnyCrossbow,16,0.625,3.5
TFT17_Vex,TFT_Item_BrambleVest,8,0.625,3.5
TFT17_Vex,TFT_Item_NightHarvester,8,0.625,4.25
TFT17_Vex,TFT_Item_Artifact_LichBane,90,0.6222222222222222,3.8444444444444446
TFT17_Vex,TFT_Item_Artifact_BlightingJewel,110,0.6181818181818182,3.963636363636364
TFT17_Vex,TFT_Item_ArchangelsStaff,1940,0.6097938144329897,3.8469072164948455
TFT17_Vex,TFT_Item_Artifact_Mittens,51,0.6078431372549019,4.0588235294117645
TFT17_Vex,TFT_Item_PowerGauntlet,3756,0.6056975505857295,3.8314696485623
TFT17_Vex,TFT17_AnimaSquadItem_Tier2_Annihilator,20,0.6,3.3
TFT17_Vex,TFTEvent5YR_Item_ShimmerscaleDravensAxe,20,0.6,4.15
TFT17_Vex,TFT_Item_Artifact_TalismanOfAscension,25,0.6,4.08
TFT17_Vex,TFT_Item_RedBuff,5,0.6,4.4
TFT17_Vex,TFTEvent5YR_Item_ShimmerscaleGoldmancersStaff,81,0.5925925925925926,3.9012345679012346
TFT17_Vex,TFT_Item_RabadonsDeathcap,7938,0.5915847820609725,3.9643487024439406
TFT17_Vex,TFT_Item_Artifact_EternalPact,51,0.5882352941176471,3.8627450980392157
TFT17_Vex,TFT_Item_HextechGunblade,4865,0.586639260020555,3.971634121274409
TFT17_Vex,TFT5_Item_TrapClawRadiant,12,0.5833333333333334,3.9166666666666665
TFT17_Vex,TFTEvent5YR_Item_SevikasJinxedArm,12,0.5833333333333334,3.4166666666666665
TFT17_Vex,TFT_Item_RapidFireCannon,8896,0.580373201438849,3.9839253597122304
TFT17_Vex,TFT_Item_TitansResolve,140,0.5785714285714286,3.9642857142857144
TFT17_Vex,TFT_Item_MadredsBloodrazor,11518,0.5733634311512416,4.0473172425768364
TFT17_Vex,TFT17_Item_Artifact_EkkoArtifact,21,0.5714285714285714,3.9523809523809526
TFT17_Vex,TFT17_Item_Artifact_EvelynnArtifact,7,0.5714285714285714,3.7142857142857144
TFT17_Vex,TFT17_Item_FlexTraitEmblemItem,58,0.5689655172413793,4.0344827586206895
TFT17_Vex,TFT4_Item_OrnnInfinityForce,23,0.5652173913043478,4.217391304347826
TFT17_Vex,TFT5_Item_GiantSlayerRadiant,115,0.5652173913043478,4.113043478260869
TFT17_Vex,TFT_Item_Artifact_Fishbones,32,0.5625,3.78125
TFT17_Vex,TFT_Item_GuinsoosRageblade,28299,0.5573341814198381,4.120710979186543
TFT17_Vex,TFT_Item_Artifact_CappaJuice,70,0.5571428571428572,4.171428571428572
TFT17_Vex,TFT_Item_StatikkShiv,2809,0.5557137771448915,4.140263438946244
TFT17_Vex,TFT_Item_Crownguard,9,0.5555555555555556,4.444444444444445
TFT17_Vex,TFT_Item_JeweledGauntlet,5491,0.5481697322892005,4.164268803496631
TFT17_Vex,TFT17_Item_StargazerEmblemItem,106,0.5471698113207547,4.30188679245283
TFT17_Vex,TFT5_Item_StatikkShivRadiant,22,0.5454545454545454,4.318181818181818
TFT17_Vex,TFT_Item_Artifact_SeekersArmguard,57,0.543859649122807,4.228070175438597
TFT17_Vex,TFT17_Item_PulsefireEmblemItem,35,0.5428571428571428,4.514285714285714
TFT17_Vex,TFT_Item_Artifact_WitsEnd,175,0.5428571428571428,4.234285714285714
TFT17_Vex,TFT17_Item_Artifact_AhriArtifact,94,0.5425531914893617,4.351063829787234
TFT17_Vex,TFT17_EkkoOffering_AnomalyItem,415,0.5421686746987951,4.267469879518072
TFT17_Vex,TFT5_Item_HextechGunbladeRadiant,48,0.5416666666666666,4.375
TFT17_Vex,TFT17_Item_PsyOps_DroneMod,76,0.5394736842105263,4.197368421052632
TFT17_Vex,TFT7_Item_ShimmerscaleGamblersBlade,895,0.5385474860335195,4.277094972067039
TFT17_Vex,TFT5_Item_RapidFirecannonRadiant,30,0.5333333333333333,4.033333333333333
TFT17_Vex,TFT9_Item_CrownOfDemacia,106,0.5283018867924528,4.311320754716981
TFT17_Vex,TFT9_Item_OrnnHorizonFocus,154,0.525974025974026,4.162337662337662
TFT17_Vex,TFT5_Item_RabadonsDeathcapRadiant,116,0.5258620689655172,4.2155172413793105
TFT17_Vex,TFT17_Item_Artifact_VarusArtifact,215,0.5255813953488372,4.21860465116279
TFT17_Vex,TFT17_Item_ShieldTankEmblemItem,236,0.5254237288135594,4.254237288135593
TFT17_Vex,TFT_Item_Morellonomicon,2849,0.525096525096525,4.292734292734293
TFT17_Vex,TFT_Item_Leviathan,523,0.5239005736137667,4.313575525812619
TFT17_Vex,TFT_Item_ThiefsGloves,222,0.5225225225225225,4.40990990990991
TFT17_Vex,TFT_Item_BlueBuff,167,0.5209580838323353,4.502994011976048
TFT17_Vex,TFT17_Item_SpaceGrooveEmblemItem,52,0.5192307692307693,4.538461538461538
TFT17_Vex,TFT17_Item_DarkStarEmblemItem,113,0.5132743362831859,4.238938053097345
TFT17_Vex,TFT_Item_GuardianAngel,156,0.5128205128205128,4.4743589743589745
TFT17_Vex,TFT_Item_Artifact_RapidFirecannon,92,0.5108695652173914,4.228260869565218
TFT17_Vex,TFT17_Item_PsyOps_SympatheticImplantMod,34,0.5,3.8529411764705883
TFT17_Vex,TFT_Item_IonicSpark,6,0.5,4.666666666666667
TFT17_Vex,TFT_Item_WarmogsArmor,14,0.5,4.571428571428571
TFT17_Vex,TFT17_Item_RangedTraitEmblemItem,112,0.49107142857142855,4.517857142857143
TFT17_Vex,TFT17_Item_PsyOps_ChemicalCapacitorMod,35,0.4857142857142857,4.485714285714286
TFT17_Vex,TFT5_Item_GuinsoosRagebladeRadiant,163,0.4785276073619632,4.680981595092025
TFT17_Vex,TFT17_Item_FavoredEmblemItem,65,0.47692307692307695,4.923076923076923
TFT17_Vex,TFTEvent5YR_Item_ShimmerscaleCrownOfChampions,17,0.47058823529411764,4.235294117647059
TFT17_Vex,TFT_Item_Quicksilver,1001,0.4675324675324675,4.62037962037962
TFT17_Vex,TFT_Item_Artifact_LudensTempest,15,0.4666666666666667,4.666666666666667
TFT17_Vex,TFT_Item_UnstableConcoction,195,0.4666666666666667,4.6461538461538465
TFT17_Vex,TFT_Item_LastWhisper,67,0.44776119402985076,4.7164179104477615
TFT17_Vex,TFT17_Item_HPTankEmblemItem,9,0.4444444444444444,4.777777777777778
TFT17_Vex,TFT17_Item_MeleeTraitEmblemItem,18,0.4444444444444444,5.055555555555555
TFT17_Vex,TFT_Item_ForceOfNature,9,0.4444444444444444,4.333333333333333
TFT17_Vex,TFT17_Item_PsyOpsEmblemItem,32,0.4375,4.59375
TFT17_Vex,TFT17_Item_Artifact_YasuoArtifact,7,0.42857142857142855,4.571428571428571
TFT17_Vex,TFT_Item_DragonsClaw,7,0.42857142857142855,4.857142857142857
TFT17_Vex,TFT_Item_AdaptiveHelm,135,0.4222222222222222,4.940740740740741
TFT17_Vex,TFT17_Item_DRXEmblemItem,43,0.4186046511627907,5.046511627906977
TFT17_Vex,TFT_Item_SpearOfShojin,331,0.3957703927492447,4.888217522658611
TFT17_Vex,TFT_Item_InfinityEdge,33,0.3939393939393939,5.333333333333333
TFT17_Vex,TFT17_Item_ResistTankEmblemItem,51,0.39215686274509803,4.764705882352941
TFT17_Vex,TFT_Item_Bloodthirster,18,0.3888888888888889,5.166666666666667
TFT17_Vex,TFT_Item_TearOfTheGoddess,36,0.3888888888888889,5.083333333333333
TFT17_Vex,TFT17_Item_ASTraitEmblemItem,63,0.38095238095238093,5.190476190476191
TFT17_Vex,TFT17_AnimaSquadItem_Tier0_SparkingPrototype,100,0.38,4.94
TFT17_Vex,TFT17_Item_AstronautEmblemItem,24,0.375,4.666666666666667
TFT17_Vex,TFT17_AnimaSquadItem_Tier1_GuidingHex,90,0.36666666666666664,5.122222222222222
TFT17_Vex,TFT17_AnimaSquadItem_Tier0_LeakyPrototype,24,0.3333333333333333,5.583333333333333
TFT17_Vex,TFT_Item_RunaansHurricane,47,0.3191489361702128,5.617021276595745
TFT17_Vex,TFT_Item_SparringGloves,44,0.3181818181818182,5.590909090909091
TFT17_Vex,TFT17_AnimaSquadItem_Tier1_RocketSwarm,19,0.3157894736842105,5.842105263157895
TFT17_Vex,TFT17_AnimaSquadItem_Tier1_SavageSlicer,7,0.2857142857142857,6.0
TFT17_Vex,TFT_Item_Artifact_Dawncore,14,0.2857142857142857,5.142857142857143
TFT17_Vex,TFT_Item_SpectralGauntlet,7,0.2857142857142857,4.857142857142857
TFT17_Vex,TFT17_Item_SummonTraitEmblemItem,27,0.25925925925925924,5.2592592592592595
TFT17_Vex,TFT_Item_Deathblade,32,0.25,5.96875
TFT17_Vex,TFT17_Item_AssassinTraitEmblemItem,25,0.24,5.48
TFT17_Vex,TFT5_Item_QuicksilverRadiant,5,0.2,6.0
TFT17_Vex,TFT_Item_TacticiansRing,6,0.16666666666666666,5.833333333333333
TFT17_Vex,TFT_Item_RecurveBow,288,0.1527777777777778,6.513888888888889
TFT17_Vex,TFT_Item_NeedlesslyLargeRod,290,0.13793103448275862,6.679310344827586
TFT17_Vex,TFT_Item_BFSword,47,0.10638297872340426,6.595744680851064
TFT17_Vex,TFT17_AnimaSquadItem_Tier2_UwuBlaster,6,0.0,7.333333333333333
TFT17_Vex,TFT4_Item_OrnnTheCollector,8,0.0,7.0
TFT17_Vex,TFT_Item_GiantsBelt,6,0.0,7.333333333333333
TFT17_Viktor,TFT_Item_EmptyBag,5,1.0,1.0
TFT17_Viktor,TFT_Item_ForceOfNature,15,0.8,3.1333333333333333
TFT17_Viktor,TFT_Item_Artifact_LudensTempest,9,0.6666666666666666,3.7777777777777777
TFT17_Viktor,TFT17_AnimaSquadItem_Tier0_SparkingPrototype,5,0.6,3.4
TFT17_Viktor,TFT4_Item_OrnnZhonyasParadox,5,0.6,4.4
TFT17_Viktor,TFT_Item_TitansResolve,5,0.6,4.6
TFT17_Viktor,TFT_Item_WarmogsArmor,5,0.6,4.2
TFT17_Viktor,TFT17_Item_Artifact_AhriArtifact,49,0.5918367346938775,4.36734693877551
TFT17_Viktor,TFT_Item_BFSword,21,0.5714285714285714,4.380952380952381
TFT17_Viktor,TFT_Item_TacticiansRing,14,0.5714285714285714,4.142857142857143
TFT17_Viktor,TFT17_AnimaSquadItem_Tier0_LeakyPrototype,9,0.5555555555555556,4.555555555555555
TFT17_Viktor,TFT17_Item_PsyOps_ChemicalCapacitorMod_Radiant,42,0.5476190476190477,4.404761904761905
TFT17_Viktor,TFT_Item_AdaptiveHelm,176,0.5397727272727273,4.534090909090909
TFT17_Viktor,TFT17_Item_StargazerEmblemItem,17,0.5294117647058824,4.823529411764706
TFT17_Viktor,TFT_Item_InfinityEdge,17,0.5294117647058824,4.9411764705882355
TFT17_Viktor,TFT17_Item_Artifact_EkkoArtifact,14,0.5,4.428571428571429
TFT17_Viktor,TFT17_Item_Artifact_VarusArtifact,8,0.5,4.0
TFT17_Viktor,TFT17_Item_AstronautEmblemItem,14,0.5,4.571428571428571
TFT17_Viktor,TFT5_Item_RabadonsDeathcapRadiant,14,0.5,4.142857142857143
TFT17_Viktor,TFT_Item_Artifact_CappaJuice,8,0.5,5.25
TFT17_Viktor,TFT_Item_Deathblade,6,0.5,4.666666666666667
TFT17_Viktor,TFT_Item_GuardianAngel,18,0.5,4.333333333333333
TFT17_Viktor,TFT_Item_ThiefsGloves,64,0.5,4.671875
TFT17_Viktor,TFT_Item_UnstableConcoction,62,0.5,4.67741935483871
TFT17_Viktor,TFT_Item_HextechGunblade,168,0.4880952380952381,4.589285714285714
TFT17_Viktor,TFT_Item_LastWhisper,33,0.48484848484848486,4.424242424242424
TFT17_Viktor,TFT_Item_Leviathan,183,0.4808743169398907,4.781420765027322
TFT17_Viktor,TFT_Item_PowerGauntlet,286,0.47202797202797203,4.493006993006993
TFT17_Viktor,TFT17_Item_PsyOps_TargetlockMod,86,0.46511627906976744,4.8604651162790695
TFT17_Viktor,TFT17_Item_PsyOps_TargetlockMod_Radiant,46,0.45652173913043476,4.782608695652174
TFT17_Viktor,TFT17_AnimaSquadItem_Tier1_GuidingHex,9,0.4444444444444444,4.888888888888889
TFT17_Viktor,TFT17_Item_SpaceGrooveEmblemItem,9,0.4444444444444444,5.666666666666667
TFT17_Viktor,TFT5_Item_JeweledGauntletRadiant,9,0.4444444444444444,4.666666666666667
TFT17_Viktor,TFT_Item_RabadonsDeathcap,1000,0.443,4.727
TFT17_Viktor,TFT_Item_StatikkShiv,1071,0.4407096171802054,4.7899159663865545
TFT17_Viktor,TFT17_Item_PsyOps_DroneMod,696,0.4396551724137931,4.771551724137931
TFT17_Viktor,TFT17_Item_FlexTraitEmblemItem,82,0.43902439024390244,4.682926829268292
TFT17_Viktor,TFT17_Item_DarkStarEmblemItem,32,0.4375,4.8125
TFT17_Viktor,TFT_Item_Morellonomicon,580,0.43448275862068964,4.818965517241379
TFT17_Viktor,TFT_Item_MadredsBloodrazor,588,0.4336734693877551,4.79421768707483
TFT17_Viktor,TFT_Item_NeedlesslyLargeRod,90,0.43333333333333335,4.766666666666667
TFT17_Viktor,TFT_Item_ArchangelsStaff,591,0.43316412859560066,4.871404399323181
TFT17_Viktor,TFT17_Item_SummonTraitEmblemItem,37,0.43243243243243246,4.891891891891892
TFT17_Viktor,TFT17_Item_PsyOps_SympatheticImplantMod_Radiant,260,0.4307692307692308,4.923076923076923
TFT17_Viktor,TFT9_Item_OrnnHorizonFocus,7,0.42857142857142855,4.857142857142857
TFT17_Viktor,TFT_Item_Artifact_BlightingJewel,21,0.42857142857142855,4.619047619047619
TFT17_Viktor,TFT_Item_Bloodthirster,7,0.42857142857142855,4.857142857142857
TFT17_Viktor,TFT_Item_BlueBuff,218,0.42201834862385323,4.963302752293578
TFT17_Viktor,TFT_Item_SpearOfShojin,235,0.42127659574468085,4.970212765957447
TFT17_Viktor,TFT_Item_JeweledGauntlet,1448,0.4212707182320442,4.891574585635359
TFT17_Viktor,TFT17_EkkoOffering_AnomalyItem,19,0.42105263157894735,4.7894736842105265
TFT17_Viktor,TFT_Item_RapidFireCannon,357,0.42016806722689076,4.812324929971989
TFT17_Viktor,TFTEvent5YR_Item_MaestrosBaton,5,0.4,4.4
TFT17_Viktor,TFT_Item_SparringGloves,33,0.3939393939393939,5.0
TFT17_Viktor,TFT_Item_RecurveBow,79,0.3924050632911392,5.063291139240507
TFT17_Viktor,TFT17_Item_PsyOps_DroneMod_Radiant,359,0.3871866295264624,5.100278551532034
TFT17_Viktor,TFT17_Item_PsyOps_SympatheticImplantMod,393,0.37404580152671757,5.015267175572519
TFT17_Viktor,TFT17_Item_PsyOps_ChemicalCapacitorMod,87,0.367816091954023,4.862068965517241
TFT17_Viktor,TFT17_Item_PulsefireEmblemItem,11,0.36363636363636365,5.0
TFT17_Viktor,TFT_Item_TearOfTheGoddess,44,0.36363636363636365,5.068181818181818
TFT17_Viktor,TFT17_Item_AssassinTraitEmblemItem,9,0.3333333333333333,5.666666666666667
TFT17_Viktor,TFT_Item_Quicksilver,18,0.3333333333333333,5.222222222222222
TFT17_Viktor,TFT_Item_GuinsoosRageblade,50,0.32,5.02
TFT17_Viktor,TFT17_Item_RangedTraitEmblemItem,7,0.2857142857142857,5.857142857142857
TFT17_Viktor,TFT_Item_Artifact_EternalPact,18,0.2777777777777778,6.055555555555555
TFT17_Viktor,TFT17_Item_DRXEmblemItem,12,0.25,5.5
TFT17_Viktor,TFT17_AnimaSquadItem_Tier1_RocketSwarm,5,0.2,7.0
TFT17_Viktor,TFT17_Item_ShieldTankEmblemItem,10,0.2,5.8
TFT17_Viktor,TFT_Item_Artifact_SeekersArmguard,5,0.2,4.8
TFT17_Viktor,TFTEvent5YR_Item_ShimmerscaleGoldmancersStaff,37,0.1891891891891892,5.513513513513513
TFT17_Viktor,TFT17_Item_FavoredEmblemItem,6,0.16666666666666666,5.833333333333333
TFT17_Viktor,TFT17_Item_MeleeTraitEmblemItem,6,0.16666666666666666,7.0
TFT17_Viktor,TFT_Item_RunaansHurricane,8,0.0,7.0
TFT17_Xayah,TFT_Item_EmptyBag,9,0.8888888888888888,1.6666666666666667
TFT17_Xayah,TFT_Item_ArchangelsStaff,8,0.875,3.375
TFT17_Xayah,TFT_Item_BrambleVest,5,0.8,3.6
TFT17_Xayah,TFTEvent5YR_Item_GlacialMallet,64,0.78125,2.984375
TFT17_Xayah,TFT17_AnimaSquadItem_Tier2_BattleBunnyCrossbow,418,0.7200956937799043,3.0167464114832536
TFT17_Xayah,TFT17_AnimaSquadItem_Tier2_UwuBlaster,81,0.7160493827160493,2.9135802469135803
TFT17_Xayah,TFT17_Item_FavoredEmblemItem,10,0.7,4.5
TFT17_Xayah,TFT17_AnimaSquadItem_Tier2_EchoingBatblades,107,0.6728971962616822,3.3551401869158877
TFT17_Xayah,TFT_Item_Artifact_CappaJuice,89,0.6179775280898876,3.764044943820225
TFT17_Xayah,TFT5_Item_InfinityEdgeRadiant,38,0.6052631578947368,3.973684210526316
TFT17_Xayah,TFT17_Item_SpaceGrooveEmblemItem,150,0.6,3.993333333333333
TFT17_Xayah,TFTEvent5YR_Item_ShimmerscaleCrownOfChampions,5,0.6,3.8
TFT17_Xayah,TFT_Item_Artifact_TitanicHydra,595,0.5865546218487395,3.8739495798319328
TFT17_Xayah,TFT_Item_TacticiansRing,12,0.5833333333333334,3.8333333333333335
TFT17_Xayah,TFT5_Item_RapidFirecannonRadiant,510,0.5823529411764706,4.023529411764706
TFT17_Xayah,TFTEvent5YR_Item_SevikasJinxedArm,14,0.5714285714285714,3.857142857142857
TFT17_Xayah,TFT4_Item_OrnnTheCollector,128,0.5625,4.0390625
TFT17_Xayah,TFT17_Item_AstronautEmblemItem,50,0.56,4.16
TFT17_Xayah,TFT_Item_GuardianAngel,93,0.5591397849462365,4.32258064516129
TFT17_Xayah,TFT_Item_Artifact_StatikkShiv,27,0.5555555555555556,4.148148148148148
TFT17_Xayah,TFT5_Item_RunaansHurricaneRadiant,390,0.5538461538461539,4.241025641025641
TFT17_Xayah,TFT17_Item_HPTankEmblemItem,40,0.55,4.1
TFT17_Xayah,TFTEvent5YR_Item_ShimmerscaleDravensAxe,48,0.5416666666666666,4.291666666666667
TFT17_Xayah,TFT_Item_ThiefsGloves,109,0.5321100917431193,4.440366972477064
TFT17_Xayah,TFT_Item_ForceOfNature,17,0.5294117647058824,4.352941176470588
TFT17_Xayah,TFT5_Item_DeathbladeRadiant,105,0.5238095238095238,4.171428571428572
TFT17_Xayah,TFT7_Item_ShimmerscaleGamblersBlade,342,0.52046783625731,4.3011695906432745
TFT17_Xayah,TFT_Item_RapidFireCannon,14796,0.5166937010002703,4.337523655041903
TFT17_Xayah,TFT_Item_Artifact_NavoriFlickerblades,512,0.509765625,4.412109375
TFT17_Xayah,TFT17_Item_AssassinTraitEmblemItem,101,0.504950495049505,4.425742574257426
TFT17_Xayah,TFT_Item_RunaansHurricane,19089,0.504059929802504,4.4156844255854155
TFT17_Xayah,TFT_Item_Artifact_HellfireHatchet,131,0.5038167938931297,4.1679389312977095
TFT17_Xayah,TFT_Item_Artifact_Fishbones,300,0.5033333333333333,4.363333333333333
TFT17_Xayah,TFT17_Item_DarkStarEmblemItem,841,0.5017835909631391,4.508917954815695
TFT17_Xayah,TFT5_Item_HextechGunbladeRadiant,6,0.5,4.5
TFT17_Xayah,TFT5_Item_ThiefsGlovesRadiant,6,0.5,4.0
TFT17_Xayah,TFT5_Item_TrapClawRadiant,8,0.5,3.875
TFT17_Xayah,TFT17_Item_MeleeTraitEmblemItem,47,0.48936170212765956,4.574468085106383
TFT17_Xayah,TFT9_Item_CrownOfDemacia,123,0.4715447154471545,4.349593495934959
TFT17_Xayah,TFT_Item_HextechGunblade,612,0.46568627450980393,4.683006535947713
TFT17_Xayah,TFT_Item_MadredsBloodrazor,3014,0.4654943596549436,4.602853351028534
TFT17_Xayah,TFT_Item_Quicksilver,616,0.4577922077922078,4.662337662337662
TFT17_Xayah,TFT_Item_UnstableConcoction,70,0.45714285714285713,4.642857142857143
TFT17_Xayah,TFT_Item_LastWhisper,2231,0.4554011653966831,4.6400717167189605
TFT17_Xayah,TFTEvent5YR_Item_MaestrosBaton,11,0.45454545454545453,5.0
TFT17_Xayah,TFT9_Item_OrnnHorizonFocus,95,0.45263157894736844,4.747368421052632
TFT17_Xayah,TFT5_Item_GiantSlayerRadiant,84,0.4523809523809524,4.773809523809524
TFT17_Xayah,TFT17_Item_Artifact_VarusArtifact,146,0.4520547945205479,4.657534246575342
TFT17_Xayah,TFT_Item_GuinsoosRageblade,6006,0.4518814518814519,4.693140193140193
TFT17_Xayah,TFT17_Item_ASTraitEmblemItem,91,0.45054945054945056,4.758241758241758
TFT17_Xayah,TFT_Item_BlueBuff,20,0.45,5.05
TFT17_Xayah,TFT_Item_Artifact_WitsEnd,69,0.4492753623188406,4.782608695652174
TFT17_Xayah,TFT17_Item_FlexTraitEmblemItem,25,0.44,4.76
TFT17_Xayah,TFT_Item_Deathblade,4182,0.43950263032042086,4.7439024390243905
TFT17_Xayah,TFT17_Item_ResistTankEmblemItem,41,0.43902439024390244,5.121951219512195
TFT17_Xayah,TFT17_Item_Artifact_EvelynnArtifact,23,0.43478260869565216,4.739130434782608
TFT17_Xayah,TFT_Item_SteraksGage,30,0.43333333333333335,4.5
TFT17_Xayah,TFT_Item_Redemption,7,0.42857142857142855,5.142857142857143
TFT17_Xayah,TFT_Item_TitansResolve,133,0.42857142857142855,4.541353383458647
TFT17_Xayah,TFT_Item_Artifact_RapidFirecannon,117,0.42735042735042733,4.880341880341881
TFT17_Xayah,TFT17_Item_PulsefireEmblemItem,137,0.4233576642335766,4.854014598540146
TFT17_Xayah,TFT5_Item_GuinsoosRagebladeRadiant,52,0.4230769230769231,4.884615384615385
TFT17_Xayah,TFT_Item_Artifact_Mittens,112,0.41964285714285715,4.901785714285714
TFT17_Xayah,TFT4_Item_OrnnInfinityForce,24,0.4166666666666667,5.125
TFT17_Xayah,TFT_Item_Bloodthirster,17,0.4117647058823529,5.117647058823529
TFT17_Xayah,TFT17_Item_Artifact_YasuoArtifact,134,0.41044776119402987,4.813432835820896
TFT17_Xayah,TFT_Item_StatikkShiv,37,0.40540540540540543,4.783783783783784
TFT17_Xayah,TFT_Item_InfinityEdge,2250,0.4008888888888889,4.940888888888889
TFT17_Xayah,TFT17_Item_PsyOps_DroneMod,5,0.4,5.4
TFT17_Xayah,TFT17_Item_PsyOps_TargetlockMod,10,0.4,4.7
TFT17_Xayah,TFT_Item_Morellonomicon,173,0.3988439306358382,4.92485549132948
TFT17_Xayah,TFT_Item_PowerGauntlet,624,0.3958333333333333,5.001602564102564
TFT17_Xayah,TFT5_Item_LastWhisperRadiant,23,0.391304347826087,4.956521739130435
TFT17_Xayah,TFT17_EkkoOffering_AnomalyItem,162,0.3888888888888889,4.827160493827161
TFT17_Xayah,TFT17_AnimaSquadItem_Tier2_Annihilator,16,0.375,5.5625
TFT17_Xayah,TFT_Item_BFSword,107,0.35514018691588783,5.5233644859813085
TFT17_Xayah,TFT17_Item_DRXEmblemItem,38,0.34210526315789475,5.2368421052631575
TFT17_Xayah,TFT17_AnimaSquadItem_Tier0_SparkingPrototype,18,0.3333333333333333,5.611111111111111
TFT17_Xayah,TFT_Item_FrozenHeart,6,0.3333333333333333,6.333333333333333
TFT17_Xayah,TFT17_Item_PsyOpsEmblemItem,16,0.3125,5.4375
TFT17_Xayah,TFT17_Item_PsyOps_ChemicalCapacitorMod,16,0.3125,5.0625
TFT17_Xayah,TFT_Item_NeedlesslyLargeRod,13,0.3076923076923077,5.769230769230769
TFT17_Xayah,TFT_Item_SparringGloves,56,0.2857142857142857,5.767857142857143
TFT17_Xayah,TFT_Item_SpearOfShojin,56,0.26785714285714285,5.75
TFT17_Xayah,TFT_Item_AdaptiveHelm,15,0.26666666666666666,5.733333333333333
TFT17_Xayah,TFT_Item_TearOfTheGoddess,8,0.25,5.25
TFT17_Xayah,TFT_Item_Leviathan,13,0.23076923076923078,5.846153846153846
TFT17_Xayah,TFT_Item_JeweledGauntlet,14,0.21428571428571427,5.642857142857143
TFT17_Xayah,TFT_Item_RabadonsDeathcap,10,0.2,6.6
TFT17_Xayah,TFT_Item_RecurveBow,176,0.1875,6.534090909090909
TFT17_Xayah,TFT17_AnimaSquadItem_Tier1_RocketSwarm,35,0.17142857142857143,6.828571428571428
TFT17_Xayah,TFT17_AnimaSquadItem_Tier1_SavageSlicer,13,0.15384615384615385,6.384615384615385
TFT17_Xayah,TFT17_AnimaSquadItem_Tier1_GuidingHex,8,0.125,6.375
TFT17_Xayah,TFT_Item_Artifact_TalismanOfAscension,9,0.1111111111111111,6.222222222222222
TFT17_Xayah,TFT_Item_NegatronCloak,21,0.047619047619047616,7.476190476190476
TFT17_Xayah,TFT17_AnimaSquadItem_Tier2_SearingShortbow,6,0.0,6.833333333333333
TFT17_Zed,TFT17_AnimaSquadItem_Tier2_IceblastArmor,17,0.9411764705882353,1.5294117647058822
TFT17_Zed,TFT17_Item_HPTankEmblemItem,124,0.7419354838709677,3.185483870967742
TFT17_Zed,TFT_Item_Deathblade,11,0.7272727272727273,3.6363636363636362
TFT17_Zed,TFT7_Item_ShimmerscaleGamblersBlade,7,0.7142857142857143,3.4285714285714284
TFT17_Zed,TFT4_Item_OrnnDeathsDefiance,22,0.6818181818181818,3.590909090909091
TFT17_Zed,TFT5_Item_AdaptiveHelmRadiant,9,0.6666666666666666,3.111111111111111
TFT17_Zed,TFT_Item_Artifact_TitanicHydra,9,0.6666666666666666,3.5555555555555554
TFT17_Zed,TFT5_Item_GuardianAngelRadiant,56,0.6607142857142857,3.5714285714285716
TFT17_Zed,TFT17_Item_AstronautEmblemItem,138,0.6521739130434783,3.5217391304347827
TFT17_Zed,TFT4_Item_OrnnZhonyasParadox,30,0.6333333333333333,3.4
TFT17_Zed,TFT_Item_ThiefsGloves,16,0.625,3.6875
TFT17_Zed,TFT17_Item_RangedTraitEmblemItem,18,0.6111111111111112,4.277777777777778
TFT17_Zed,TFT17_Item_ResistTankEmblemItem,23,0.6086956521739131,3.869565217391304
TFT17_Zed,TFT_Item_Artifact_LightshieldCrest,25,0.6,3.64
TFT17_Zed,TFT_Item_Artifact_WitsEnd,5,0.6,4.2
TFT17_Zed,TFT_Item_WarmogsArmor,5,0.6,4.8
TFT17_Zed,TFT5_Item_SpearOfShojinRadiant,24,0.5833333333333334,3.7916666666666665
TFT17_Zed,TFT17_AnimaSquadItem_Tier2_CyclonicSlicers,7,0.5714285714285714,4.0
TFT17_Zed,TFT17_EkkoOffering_AnomalyItem,7,0.5714285714285714,3.857142857142857
TFT17_Zed,TFT_Item_PowerGauntlet,7,0.5714285714285714,4.285714285714286
TFT17_Zed,TFT_Item_AdaptiveHelm,1887,0.5696873343932167,4.068362480127186
TFT17_Zed,TFT_Item_GuardianAngel,2597,0.5467847516365036,4.193685021178283
TFT17_Zed,TFT_Item_SpearOfShojin,2806,0.5384889522451889,4.243406985032074
TFT17_Zed,TFT17_Item_ASTraitEmblemItem,23,0.5217391304347826,4.434782608695652
TFT17_Zed,TFT_Item_Artifact_RapidFirecannon,31,0.5161290322580645,4.451612903225806
TFT17_Zed,TFT_Item_FrozenHeart,41,0.5121951219512195,4.2439024390243905
TFT17_Zed,TFT17_Item_Artifact_SorakaArtifact,6,0.5,4.833333333333333
TFT17_Zed,TFT_Item_BlueBuff,50,0.5,4.58
TFT17_Zed,TFT17_Item_SpaceGrooveEmblemItem,31,0.4838709677419355,4.580645161290323
TFT17_Zed,TFT_Item_Artifact_Mittens,23,0.4782608695652174,4.565217391304348
TFT17_Zed,TFT4_Item_OrnnInfinityForce,11,0.45454545454545453,4.818181818181818
TFT17_Zed,TFT17_Item_StargazerEmblemItem,40,0.45,4.7
TFT17_Zed,TFT_Item_Quicksilver,29,0.4482758620689655,5.0
TFT17_Zed,TFT17_Item_DarkStarEmblemItem,16,0.4375,5.0
TFT17_Zed,TFT_Item_GuinsoosRageblade,14,0.42857142857142855,4.785714285714286
TFT17_Zed,TFT_Item_HextechGunblade,7,0.42857142857142855,5.0
TFT17_Zed,TFT_Item_SteraksGage,31,0.41935483870967744,4.967741935483871
TFT17_Zed,TFT17_Item_MeleeTraitEmblemItem,15,0.4,5.0
TFT17_Zed,TFT_Item_MadredsBloodrazor,23,0.391304347826087,5.043478260869565
TFT17_Zed,TFT_Item_Bloodthirster,29,0.3793103448275862,5.413793103448276
TFT17_Zed,TFT17_Item_Artifact_EvelynnArtifact,6,0.3333333333333333,4.666666666666667
TFT17_Zed,TFT17_Item_Artifact_ThreshLantern,6,0.3333333333333333,6.5
TFT17_Zed,TFT_Item_Artifact_Dawncore,6,0.3333333333333333,5.333333333333333
TFT17_Zed,TFT_Item_Artifact_HellfireHatchet,6,0.3333333333333333,5.0
TFT17_Zed,TFT17_Item_PulsefireEmblemItem,10,0.3,5.1
TFT17_Zed,TFT_Item_LastWhisper,10,0.3,5.8
TFT17_Zed,TFT_Item_RapidFireCannon,15,0.26666666666666666,5.733333333333333
TFT17_Zed,TFT17_Item_AssassinTraitEmblemItem,23,0.21739130434782608,5.739130434782608
TFT17_Zed,TFT17_Item_PsyOps_TargetlockMod,5,0.2,6.6
TFT17_Zed,TFT_Item_UnstableConcoction,20,0.2,6.05
TFT17_Zed,TFT_Item_TitansResolve,8,0.125,6.625
TFT17_Zed,TFT_Item_BFSword,10,0.0,7.8
TFT17_Zed,TFT_Item_ChainVest,5,0.0,7.6
TFT17_Zed,TFT_Item_NegatronCloak,7,0.0,7.857142857142857
TFT17_Zoe,TFT_Item_EmptyBag,11,0.7272727272727273,2.4545454545454546
TFT17_Zoe,TFT17_Item_PsyOps_TargetlockMod,21,0.7142857142857143,3.8095238095238093
TFT17_Zoe,TFT5_Item_GiantSlayerRadiant,20,0.7,3.55
TFT17_Zoe,TFT5_Item_JeweledGauntletRadiant,15,0.6666666666666666,3.8666666666666667
TFT17_Zoe,TFT17_AnimaSquadItem_Tier1_GuidingHex,8,0.625,4.375
TFT17_Zoe,TFT_Item_TacticiansRing,16,0.625,4.625
TFT17_Zoe,TFT17_Item_AssassinTraitEmblemItem,18,0.6111111111111112,4.555555555555555
TFT17_Zoe,TFT5_Item_RabadonsDeathcapRadiant,18,0.6111111111111112,4.444444444444445
TFT17_Zoe,TFT4_Item_OrnnTheCollector,5,0.6,4.2
TFT17_Zoe,TFT9_Item_OrnnHorizonFocus,30,0.6,4.1
TFT17_Zoe,TFT_Item_Artifact_LudensTempest,15,0.6,4.2
TFT17_Zoe,TFT_Item_FrozenHeart,5,0.6,4.6
TFT17_Zoe,TFT17_Item_Artifact_EkkoArtifact,110,0.5636363636363636,4.209090909090909
TFT17_Zoe,TFT17_Item_MeleeTraitEmblemItem,9,0.5555555555555556,5.333333333333333
TFT17_Zoe,TFT_Item_PowerGauntlet,467,0.5524625267665952,4.182012847965739
TFT17_Zoe,TFT_Item_Artifact_LichBane,24,0.5416666666666666,4.166666666666667
TFT17_Zoe,TFT_Item_AdaptiveHelm,321,0.5389408099688473,4.32398753894081
TFT17_Zoe,TFT_Item_ArchangelsStaff,447,0.5346756152125279,4.360178970917226
TFT17_Zoe,TFT_Item_RabadonsDeathcap,690,0.5333333333333333,4.41159420289855
TFT17_Zoe,TFT7_Item_ShimmerscaleGamblersBlade,19,0.5263157894736842,4.578947368421052
TFT17_Zoe,TFT_Item_ForceOfNature,19,0.5263157894736842,3.6315789473684212
TFT17_Zoe,TFT17_EkkoOffering_AnomalyItem,85,0.5176470588235295,4.458823529411765
TFT17_Zoe,TFT_Item_HextechGunblade,301,0.5149501661129569,4.445182724252492
TFT17_Zoe,TFT_Item_StatikkShiv,2373,0.5124315212810788,4.445427728613569
TFT17_Zoe,TFT_Item_Morellonomicon,1662,0.5090252707581228,4.451263537906137
TFT17_Zoe,TFT17_Item_FlexTraitEmblemItem,71,0.5070422535211268,4.47887323943662
TFT17_Zoe,TFT17_Item_PsyOpsEmblemItem,18,0.5,4.944444444444445
TFT17_Zoe,TFTEvent5YR_Item_GlacialMallet,6,0.5,3.6666666666666665
TFT17_Zoe,TFTEvent5YR_Item_ShimmerscaleGoldmancersStaff,16,0.5,5.125
TFT17_Zoe,TFT_Item_Artifact_EternalPact,28,0.5,4.25
TFT17_Zoe,TFT_Item_BrambleVest,10,0.5,4.4
TFT17_Zoe,TFT_Item_Crownguard,8,0.5,4.625
TFT17_Zoe,TFT_Item_JeweledGauntlet,1411,0.4982282069454288,4.513819985825656
TFT17_Zoe,TFT_Item_BlueBuff,430,0.4930232558139535,4.567441860465117
TFT17_Zoe,TFT_Item_Quicksilver,48,0.4791666666666667,4.666666666666667
TFT17_Zoe,TFT_Item_RapidFireCannon,584,0.4743150684931507,4.556506849315069
TFT17_Zoe,TFT_Item_UnstableConcoction,55,0.4727272727272727,4.745454545454545
TFT17_Zoe,TFT17_Item_Artifact_AhriArtifact,91,0.4725274725274725,4.5054945054945055
TFT17_Zoe,TFT_Item_Artifact_BlightingJewel,51,0.47058823529411764,4.529411764705882
TFT17_Zoe,TFT_Item_LastWhisper,54,0.46296296296296297,4.833333333333333
TFT17_Zoe,TFT_Item_MadredsBloodrazor,564,0.4592198581560284,4.695035460992908
TFT17_Zoe,TFT9_Item_CrownOfDemacia,11,0.45454545454545453,4.181818181818182
TFT17_Zoe,TFT_Item_TitansResolve,11,0.45454545454545453,4.909090909090909
TFT17_Zoe,TFT_Item_SpearOfShojin,912,0.4375,4.800438596491228
TFT17_Zoe,TFT_Item_InfinityEdge,39,0.4358974358974359,4.769230769230769
TFT17_Zoe,TFT17_Item_ShieldTankEmblemItem,106,0.4339622641509434,4.7075471698113205
TFT17_Zoe,TFT5_Item_StatikkShivRadiant,7,0.42857142857142855,4.857142857142857
TFT17_Zoe,TFT_Item_Artifact_Fishbones,7,0.42857142857142855,5.142857142857143
TFT17_Zoe,TFT_Item_NightHarvester,7,0.42857142857142855,4.857142857142857
TFT17_Zoe,TFT_Item_Artifact_SeekersArmguard,12,0.4166666666666667,4.833333333333333
TFT17_Zoe,TFT_Item_Leviathan,304,0.40789473684210525,4.868421052631579
TFT17_Zoe,TFTEvent5YR_Item_MaestrosBaton,5,0.4,5.2
TFT17_Zoe,TFT_Item_WarmogsArmor,10,0.4,5.1
TFT17_Zoe,TFT_Item_RecurveBow,111,0.3963963963963964,4.954954954954955
TFT17_Zoe,TFT4_Item_OrnnZhonyasParadox,13,0.38461538461538464,5.0
TFT17_Zoe,TFT17_Item_DarkStarEmblemItem,58,0.3793103448275862,5.086206896551724
TFT17_Zoe,TFT_Item_Artifact_TalismanOfAscension,8,0.375,5.75
TFT17_Zoe,TFT17_Item_SpaceGrooveEmblemItem,19,0.3684210526315789,5.2631578947368425
TFT17_Zoe,TFT_Item_ThiefsGloves,161,0.36645962732919257,5.099378881987578
TFT17_Zoe,TFT_Item_SparringGloves,56,0.35714285714285715,5.178571428571429
TFT17_Zoe,TFT17_Item_StargazerEmblemItem,31,0.3548387096774194,5.354838709677419
TFT17_Zoe,TFT_Item_NeedlesslyLargeRod,102,0.35294117647058826,5.401960784313726
TFT17_Zoe,TFT17_Item_PsyOps_DroneMod,26,0.34615384615384615,5.423076923076923
TFT17_Zoe,TFT17_Item_PsyOps_ChemicalCapacitorMod,6,0.3333333333333333,6.0
TFT17_Zoe,TFT17_Item_RangedTraitEmblemItem,18,0.3333333333333333,5.666666666666667
TFT17_Zoe,TFT17_Item_SummonTraitEmblemItem,96,0.3333333333333333,5.125
TFT17_Zoe,TFT_Item_Artifact_Dawncore,24,0.3333333333333333,5.208333333333333
TFT17_Zoe,TFT17_Item_ASTraitEmblemItem,34,0.3235294117647059,5.5
TFT17_Zoe,TFT17_Item_Artifact_VarusArtifact,25,0.32,5.32
TFT17_Zoe,TFT_Item_BFSword,60,0.31666666666666665,5.4
TFT17_Zoe,TFT_Item_TearOfTheGoddess,80,0.3125,5.55
TFT17_Zoe,TFT_Item_GuinsoosRageblade,239,0.30962343096234307,5.581589958158996
TFT17_Zoe,TFT_Item_GuardianAngel,26,0.3076923076923077,5.1923076923076925
TFT17_Zoe,TFT_Item_Artifact_CappaJuice,10,0.3,5.7
TFT17_Zoe,TFT_Item_SteraksGage,10,0.3,6.1
TFT17_Zoe,TFT_Item_Artifact_WitsEnd,7,0.2857142857142857,6.142857142857143
TFT17_Zoe,TFT_Item_Deathblade,18,0.2777777777777778,5.777777777777778
TFT17_Zoe,TFT_Item_Artifact_StatikkShiv,12,0.25,5.833333333333333
TFT17_Zoe,TFT_Item_RunaansHurricane,12,0.25,5.25
TFT17_Zoe,TFT17_Item_PsyOps_SympatheticImplantMod,33,0.24242424242424243,5.757575757575758
TFT17_Zoe,TFT5_Item_MorellonomiconRadiant,9,0.2222222222222222,5.888888888888889
TFT17_Zoe,TFT17_AnimaSquadItem_Tier0_LeakyPrototype,14,0.21428571428571427,6.714285714285714
TFT17_Zoe,TFT5_Item_ThiefsGlovesRadiant,5,0.2,5.6
TFT17_Zoe,TFT_Item_DragonsClaw,5,0.2,6.4
TFT17_Zoe,TFT17_AnimaSquadItem_Tier0_SparkingPrototype,6,0.16666666666666666,6.0
TFT17_Zoe,TFT17_Item_AstronautEmblemItem,6,0.16666666666666666,6.0
TFT17_Zoe,TFT17_Item_DRXEmblemItem,6,0.16666666666666666,6.0
TFT17_Zoe,TFTEvent5YR_Item_SevikasJinxedArm,6,0.16666666666666666,5.833333333333333
TFT17_Zoe,TFT17_Item_PulsefireEmblemItem,9,0.1111111111111111,5.888888888888889
TFT17_Zoe,TFT_Item_Bloodthirster,10,0.1,6.0
TFTEvent5YR_Brock,TFT17_Item_MeleeTraitEmblemItem,5,1.0,2.2
TFTEvent5YR_Brock,TFT5_Item_BlueBuffRadiant,5,1.0,1.0
TFTEvent5YR_Brock,TFT5_Item_DeathbladeRadiant,13,1.0,1.7692307692307692
TFTEvent5YR_Brock,TFT5_Item_InfinityEdgeRadiant,17,1.0,1.5294117647058822
TFTEvent5YR_Brock,TFT_Item_EmptyBag,15,1.0,1.0666666666666667
TFTEvent5YR_Brock,TFT5_Item_GiantSlayerRadiant,11,0.9090909090909091,2.1818181818181817
TFTEvent5YR_Brock,TFTEvent5YR_Item_SevikasJinxedArm,11,0.9090909090909091,2.0
TFTEvent5YR_Brock,TFT5_Item_HandOfJusticeRadiant,15,0.8666666666666667,2.0
TFTEvent5YR_Brock,TFT17_Item_AstronautEmblemItem,7,0.8571428571428571,2.5714285714285716
TFTEvent5YR_Brock,TFT17_Item_SpaceGrooveEmblemItem,7,0.8571428571428571,2.857142857142857
TFTEvent5YR_Brock,TFT5_Item_TrapClawRadiant,6,0.8333333333333334,2.1666666666666665
TFTEvent5YR_Brock,TFT_Item_Artifact_HellfireHatchet,6,0.8333333333333334,2.8333333333333335
TFTEvent5YR_Brock,TFT_Item_SteraksGage,87,0.8045977011494253,2.5402298850574714
TFTEvent5YR_Brock,TFT17_AnimaSquadItem_Tier2_CyclonicSlicers,5,0.8,3.8
TFTEvent5YR_Brock,TFT17_Item_StargazerEmblemItem,5,0.8,2.8
TFTEvent5YR_Brock,TFT_Item_Artifact_TitanicHydra,5,0.8,2.8
TFTEvent5YR_Brock,TFT_Item_FrozenHeart,10,0.8,2.8
TFTEvent5YR_Brock,TFT_Item_NightHarvester,5,0.8,2.8
TFTEvent5YR_Brock,TFT_Item_UnstableConcoction,78,0.7948717948717948,2.4358974358974357
TFTEvent5YR_Brock,TFT_Item_InfinityEdge,104,0.7884615384615384,2.6826923076923075
TFTEvent5YR_Brock,TFT5_Item_ThiefsGlovesRadiant,37,0.7837837837837838,2.5405405405405403
TFTEvent5YR_Brock,TFT17_Item_DarkStarEmblemItem,9,0.7777777777777778,2.6666666666666665
TFTEvent5YR_Brock,TFT_Item_LastWhisper,9,0.7777777777777778,2.7777777777777777
TFTEvent5YR_Brock,TFTEvent5YR_Item_LavenderCrown,8,0.75,2.875
TFTEvent5YR_Brock,TFT_Item_AdaptiveHelm,8,0.75,2.875
TFTEvent5YR_Brock,TFT_Item_GuardianAngel,63,0.746031746031746,2.761904761904762
TFTEvent5YR_Brock,TFT5_Item_BloodthirsterRadiant,23,0.7391304347826086,2.869565217391304
TFTEvent5YR_Brock,TFT5_Item_SteraksGageRadiant,19,0.7368421052631579,2.8421052631578947
TFTEvent5YR_Brock,TFT5_Item_HextechGunbladeRadiant,7,0.7142857142857143,2.7142857142857144
TFTEvent5YR_Brock,TFT_Item_PowerGauntlet,14,0.7142857142857143,2.857142857142857
TFTEvent5YR_Brock,TFT_Item_ThiefsGloves,14,0.7142857142857143,2.7142857142857144
TFTEvent5YR_Brock,TFT_Item_TitansResolve,33,0.696969696969697,3.1515151515151514
TFTEvent5YR_Brock,TFT_Item_Deathblade,40,0.675,3.15
TFTEvent5YR_Brock,TFT5_Item_QuicksilverRadiant,6,0.6666666666666666,2.6666666666666665
TFTEvent5YR_Brock,TFT5_Item_SpearOfShojinRadiant,6,0.6666666666666666,2.8333333333333335
TFTEvent5YR_Brock,TFT_Item_Artifact_ProwlersClaw,9,0.6666666666666666,3.111111111111111
TFTEvent5YR_Brock,TFT_Item_SpectralGauntlet,6,0.6666666666666666,3.1666666666666665
TFTEvent5YR_Brock,TFT5_Item_TitansResolveRadiant,14,0.6428571428571429,3.0
TFTEvent5YR_Brock,TFT_Item_Bloodthirster,103,0.6407766990291263,3.563106796116505
TFTEvent5YR_Brock,TFT_Item_SpearOfShojin,11,0.6363636363636364,3.5454545454545454
TFTEvent5YR_Brock,TFT_Item_BlueBuff,8,0.625,3.5
TFTEvent5YR_Brock,TFT_Item_GuinsoosRageblade,8,0.625,3.375
TFTEvent5YR_Brock,TFT17_Item_FlexTraitEmblemItem,5,0.6,3.0
TFTEvent5YR_Brock,TFT4_Item_OrnnDeathsDefiance,5,0.6,3.8
TFTEvent5YR_Brock,TFT4_Item_OrnnZhonyasParadox,5,0.6,4.4
TFTEvent5YR_Brock,TFT5_Item_MorellonomiconRadiant,5,0.6,3.4
TFTEvent5YR_Brock,TFT_Item_Artifact_SilvermereDawn,5,0.6,3.2
TFTEvent5YR_Brock,TFT_Item_HextechGunblade,15,0.6,3.8
TFTEvent5YR_Brock,TFT_Item_Quicksilver,20,0.6,3.65
TFTEvent5YR_Brock,TFT_Item_WarmogsArmor,10,0.6,3.6
TFTEvent5YR_Brock,TFT_Item_MadredsBloodrazor,37,0.5945945945945946,3.72972972972973
TFTEvent5YR_Brock,TFT17_EkkoOffering_AnomalyItem,16,0.5625,3.5625
TFTEvent5YR_Brock,TFT5_Item_GuardianAngelRadiant,16,0.5625,4.0625
TFTEvent5YR_Brock,TFT_Item_JeweledGauntlet,9,0.5555555555555556,3.3333333333333335
TFTEvent5YR_Brock,TFT_Item_GargoyleStoneplate,11,0.5454545454545454,4.181818181818182
TFTEvent5YR_Brock,TFT_Item_Redemption,6,0.5,4.166666666666667
TFTEvent5YR_Brock,TFTEvent5YR_Item_ShimmerscaleDravensAxe,6,0.3333333333333333,4.5
TFTEvent5YR_Brock,TFT_Item_BrambleVest,6,0.3333333333333333,5.0
TFTEvent5YR_Kayle,TFTEvent5YR_Storyweaver7_AP,189,0.7248677248677249,3.322751322751323
TFTEvent5YR_Kayle,TFTEvent5YR_Storyweaver3_AP,189,0.6984126984126984,3.513227513227513
TFTEvent5YR_Kayle,TFTEvent5YR_Storyweaver7_AS,264,0.6818181818181818,3.4734848484848486
TFTEvent5YR_Kayle,TFTEvent5YR_Storyweaver5_AP,249,0.6546184738955824,3.7269076305220885
TFTEvent5YR_Kayle,TFTEvent5YR_Storyweaver5_AS,342,0.6228070175438597,3.7748538011695905
TFTEvent5YR_Kayle,TFTEvent5YR_Storyweaver3_AS,440,0.5886363636363636,3.993181818181818
TFTEvent5YR_Kayle,TFTEvent5YR_Storyweaver7_Support,85,0.5882352941176471,4.070588235294117
TFTEvent5YR_Kayle,TFTEvent5YR_Storyweaver3_Support,242,0.5330578512396694,4.347107438016529
TFTEvent5YR_Nitro_SummonLevel2,TFTEvent5YR_Item_Nitro_ChromeCounter,298,0.4798657718120805,4.553691275167785
TFTEvent5YR_Nitro_SummonLevel4,TFTEvent5YR_Item_Nitro_ChromeCounter,457,0.4638949671772429,4.678336980306346
TFTEvent5YR_Veigar,TFT_Item_PowerGauntlet,18,0.7777777777777778,3.0
TFTEvent5YR_Veigar,TFT_Item_MadredsBloodrazor,38,0.7631578947368421,2.6578947368421053
TFTEvent5YR_Veigar,TFT_Item_Morellonomicon,19,0.7368421052631579,3.1052631578947367
TFTEvent5YR_Veigar,TFT_Item_HextechGunblade,34,0.7352941176470589,3.1176470588235294
TFTEvent5YR_Veigar,TFT_Item_BlueBuff,79,0.7215189873417721,3.0759493670886076
TFTEvent5YR_Veigar,TFT17_Item_StargazerEmblemItem,7,0.7142857142857143,2.4285714285714284
TFTEvent5YR_Veigar,TFTEvent5YR_Item_ShimmerscaleGoldmancersStaff,10,0.7,3.8
TFTEvent5YR_Veigar,TFT_Item_SpearOfShojin,101,0.693069306930693,3.4455445544554455
TFTEvent5YR_Veigar,TFT_Item_JeweledGauntlet,166,0.6927710843373494,3.2228915662650603
TFTEvent5YR_Veigar,TFT_Item_Leviathan,100,0.69,3.39
TFTEvent5YR_Veigar,TFT_Item_RabadonsDeathcap,87,0.6896551724137931,3.057471264367816
TFTEvent5YR_Veigar,TFT_Item_StatikkShiv,37,0.6756756756756757,3.2972972972972974
TFTEvent5YR_Veigar,TFT_Item_SparringGloves,6,0.6666666666666666,4.333333333333333
TFTEvent5YR_Veigar,TFT_Item_ArchangelsStaff,29,0.6551724137931034,3.5172413793103448
TFTEvent5YR_Veigar,TFT_Item_RapidFireCannon,11,0.6363636363636364,3.4545454545454546
TFTEvent5YR_Veigar,TFT_Item_AdaptiveHelm,27,0.6296296296296297,3.8518518518518516
TFTEvent5YR_Veigar,TFT_Item_UnstableConcoction,9,0.5555555555555556,4.111111111111111
TFTEvent5YR_Veigar,TFT17_EkkoOffering_AnomalyItem,5,0.4,5.2
TFTEvent5YR_Veigar,TFT_Item_GuinsoosRageblade,14,0.35714285714285715,4.5
TFTEvent5YR_Veigar,TFT_Item_NeedlesslyLargeRod,6,0.16666666666666666,5.5
